[
  {
    "dataDictionary": {
      "Title": "PDS4 Data Dictionary" ,
      "Version": "1.13.0.0" ,
      "Date": "Thu Apr 02 07:48:16 PDT 2020" ,
      "Description": "This document is a dump of the contents of the PDS4 Data Dictionary" ,
      "classDictionary": [
        {
          "class": {
            "identifier": "0001_NASA_PDS_1.juno.JIRAM_Parameters" ,
            "title": "JIRAM_Parameters" ,
            "registrationAuthorityId": "0001_NASA_PDS_1" ,
            "nameSpaceId": "juno" ,
            "steward": "atm" ,
            "versionId": "1.0.0.0" ,
            "isAbstract": "false" ,
            "isDeprecated": "false" ,
            "description": "The JIRAM Parameters class contains attributes specific to JIRAM observations."
              , "associationList": [
             {"association": {
                "identifier": "0001_NASA_PDS_1.juno.JIRAM_Parameters.juno.L_Band_Parameters" ,
                "title": "L_Band_Parameters" ,
                "assocType": "component_of" ,
                "isAttribute": "false" ,
                "isChoice": "false" ,
                "isAny": "false" ,
                "groupName": "null" ,
                "minimumCardinality": "0" ,
                "maximumCardinality": "1" ,
                "classOrder": "1010" ,
                "classId": [
                  "0001_NASA_PDS_1.juno.L_Band_Parameters"
                 ]
              }
            }
           , {"association": {
                "identifier": "0001_NASA_PDS_1.juno.JIRAM_Parameters.juno.M_Band_Parameters" ,
                "title": "M_Band_Parameters" ,
                "assocType": "component_of" ,
                "isAttribute": "false" ,
                "isChoice": "false" ,
                "isAny": "false" ,
                "groupName": "null" ,
                "minimumCardinality": "0" ,
                "maximumCardinality": "1" ,
                "classOrder": "1020" ,
                "classId": [
                  "0001_NASA_PDS_1.juno.M_Band_Parameters"
                 ]
              }
            }
           ]
          }
        }
      , {
          "class": {
            "identifier": "0001_NASA_PDS_1.juno.JunoCam_Parameters" ,
            "title": "JunoCam_Parameters" ,
            "registrationAuthorityId": "0001_NASA_PDS_1" ,
            "nameSpaceId": "juno" ,
            "steward": "atm" ,
            "versionId": "1.0.0.0" ,
            "isAbstract": "false" ,
            "isDeprecated": "false" ,
            "description": "The JunoCam Parameters class contains attributes specific to JunoCam observations."
              , "associationList": [
             {"association": {
                "identifier": "0001_NASA_PDS_1.juno.JunoCam_Parameters.juno.tdi_stages_count" ,
                "title": "tdi_stages_count" ,
                "assocType": "attribute_of" ,
                "isAttribute": "true" ,
                "isChoice": "false" ,
                "isAny": "false" ,
                "groupName": "null" ,
                "minimumCardinality": "0" ,
                "maximumCardinality": "1" ,
                "classOrder": "1010" ,
                "attributeId": [
                  "0001_NASA_PDS_1.juno.JunoCam_Parameters.juno.tdi_stages_count"
                 ]
              }
            }
           ]
          }
        }
      , {
          "class": {
            "identifier": "0001_NASA_PDS_1.juno.L_Band_Parameters" ,
            "title": "L_Band_Parameters" ,
            "registrationAuthorityId": "0001_NASA_PDS_1" ,
            "nameSpaceId": "juno" ,
            "steward": "atm" ,
            "versionId": "1.0.0.0" ,
            "isAbstract": "false" ,
            "isDeprecated": "false" ,
            "description": "The L Band Parameters class contains attributes specific to JIRAM L Band observations."
              , "associationList": [
             {"association": {
                "identifier": "0001_NASA_PDS_1.juno.L_Band_Parameters.geom.Surface_Geometry_Min_Max" ,
                "title": "Surface_Geometry_Min_Max" ,
                "assocType": "component_of" ,
                "isAttribute": "false" ,
                "isChoice": "false" ,
                "isAny": "false" ,
                "groupName": "null" ,
                "minimumCardinality": "0" ,
                "maximumCardinality": "1" ,
                "classOrder": "1010" ,
                "classId": [
                  "0001_NASA_PDS_1.geom.Surface_Geometry_Min_Max"
                 ]
              }
            }
           , {"association": {
                "identifier": "0001_NASA_PDS_1.juno.L_Band_Parameters.geom.Pixel_Dimensions" ,
                "title": "Pixel_Dimensions" ,
                "assocType": "component_of" ,
                "isAttribute": "false" ,
                "isChoice": "false" ,
                "isAny": "false" ,
                "groupName": "null" ,
                "minimumCardinality": "0" ,
                "maximumCardinality": "1" ,
                "classOrder": "1020" ,
                "classId": [
                  "0001_NASA_PDS_1.geom.Pixel_Dimensions"
                 ]
              }
            }
           , {"association": {
                "identifier": "0001_NASA_PDS_1.juno.L_Band_Parameters.geom.Derived_Geometry" ,
                "title": "Derived_Geometry" ,
                "assocType": "component_of" ,
                "isAttribute": "false" ,
                "isChoice": "false" ,
                "isAny": "false" ,
                "groupName": "null" ,
                "minimumCardinality": "0" ,
                "maximumCardinality": "1" ,
                "classOrder": "1030" ,
                "classId": [
                  "0001_NASA_PDS_1.geom.Derived_Geometry"
                 ]
              }
            }
           ]
          }
        }
      , {
          "class": {
            "identifier": "0001_NASA_PDS_1.juno.M_Band_Parameters" ,
            "title": "M_Band_Parameters" ,
            "registrationAuthorityId": "0001_NASA_PDS_1" ,
            "nameSpaceId": "juno" ,
            "steward": "atm" ,
            "versionId": "1.0.0.0" ,
            "isAbstract": "false" ,
            "isDeprecated": "false" ,
            "description": "The L Band Parameters class contains attributes specific to JIRAM M Band observations."
              , "associationList": [
             {"association": {
                "identifier": "0001_NASA_PDS_1.juno.M_Band_Parameters.geom.Surface_Geometry_Min_Max" ,
                "title": "Surface_Geometry_Min_Max" ,
                "assocType": "component_of" ,
                "isAttribute": "false" ,
                "isChoice": "false" ,
                "isAny": "false" ,
                "groupName": "null" ,
                "minimumCardinality": "0" ,
                "maximumCardinality": "1" ,
                "classOrder": "1010" ,
                "classId": [
                  "0001_NASA_PDS_1.geom.Surface_Geometry_Min_Max"
                 ]
              }
            }
           , {"association": {
                "identifier": "0001_NASA_PDS_1.juno.M_Band_Parameters.geom.Pixel_Dimensions" ,
                "title": "Pixel_Dimensions" ,
                "assocType": "component_of" ,
                "isAttribute": "false" ,
                "isChoice": "false" ,
                "isAny": "false" ,
                "groupName": "null" ,
                "minimumCardinality": "0" ,
                "maximumCardinality": "1" ,
                "classOrder": "1020" ,
                "classId": [
                  "0001_NASA_PDS_1.geom.Pixel_Dimensions"
                 ]
              }
            }
           , {"association": {
                "identifier": "0001_NASA_PDS_1.juno.M_Band_Parameters.geom.Derived_Geometry" ,
                "title": "Derived_Geometry" ,
                "assocType": "component_of" ,
                "isAttribute": "false" ,
                "isChoice": "false" ,
                "isAny": "false" ,
                "groupName": "null" ,
                "minimumCardinality": "0" ,
                "maximumCardinality": "1" ,
                "classOrder": "1030" ,
                "classId": [
                  "0001_NASA_PDS_1.geom.Derived_Geometry"
                 ]
              }
            }
           ]
          }
        }
      , {
          "class": {
            "identifier": "0001_NASA_PDS_1.juno.Observation_Information" ,
            "title": "Observation_Information" ,
            "registrationAuthorityId": "0001_NASA_PDS_1" ,
            "nameSpaceId": "juno" ,
            "steward": "atm" ,
            "versionId": "1.0.0.0" ,
            "isAbstract": "false" ,
            "isDeprecated": "false" ,
            "description": "The Observation_Information class provides information about a science observation."
              , "associationList": [
             {"association": {
                "identifier": "0001_NASA_PDS_1.juno.Observation_Information.juno.mission_phase_name" ,
                "title": "mission_phase_name" ,
                "assocType": "attribute_of" ,
                "isAttribute": "true" ,
                "isChoice": "false" ,
                "isAny": "false" ,
                "groupName": "null" ,
                "minimumCardinality": "0" ,
                "maximumCardinality": "1" ,
                "classOrder": "1010" ,
                "attributeId": [
                  "0001_NASA_PDS_1.juno.Observation_Information.juno.mission_phase_name"
                 ]
              }
            }
           , {"association": {
                "identifier": "0001_NASA_PDS_1.juno.Observation_Information.juno.orbit_number" ,
                "title": "orbit_number" ,
                "assocType": "attribute_of" ,
                "isAttribute": "true" ,
                "isChoice": "false" ,
                "isAny": "false" ,
                "groupName": "null" ,
                "minimumCardinality": "0" ,
                "maximumCardinality": "1" ,
                "classOrder": "1020" ,
                "attributeId": [
                  "0001_NASA_PDS_1.juno.Observation_Information.juno.orbit_number"
                 ]
              }
            }
           , {"association": {
                "identifier": "0001_NASA_PDS_1.juno.Observation_Information.juno.release_number" ,
                "title": "release_number" ,
                "assocType": "attribute_of" ,
                "isAttribute": "true" ,
                "isChoice": "false" ,
                "isAny": "false" ,
                "groupName": "null" ,
                "minimumCardinality": "0" ,
                "maximumCardinality": "1" ,
                "classOrder": "1030" ,
                "attributeId": [
                  "0001_NASA_PDS_1.juno.Observation_Information.juno.release_number"
                 ]
              }
            }
           , {"association": {
                "identifier": "0001_NASA_PDS_1.juno.Observation_Information.juno.spacecraft_clock_start_count" ,
                "title": "spacecraft_clock_start_count" ,
                "assocType": "attribute_of" ,
                "isAttribute": "true" ,
                "isChoice": "false" ,
                "isAny": "false" ,
                "groupName": "null" ,
                "minimumCardinality": "0" ,
                "maximumCardinality": "1" ,
                "classOrder": "1040" ,
                "attributeId": [
                  "0001_NASA_PDS_1.juno.Observation_Information.juno.spacecraft_clock_start_count"
                 ]
              }
            }
           , {"association": {
                "identifier": "0001_NASA_PDS_1.juno.Observation_Information.juno.spacecraft_clock_stop_count" ,
                "title": "spacecraft_clock_stop_count" ,
                "assocType": "attribute_of" ,
                "isAttribute": "true" ,
                "isChoice": "false" ,
                "isAny": "false" ,
                "groupName": "null" ,
                "minimumCardinality": "0" ,
                "maximumCardinality": "1" ,
                "classOrder": "1050" ,
                "attributeId": [
                  "0001_NASA_PDS_1.juno.Observation_Information.juno.spacecraft_clock_stop_count"
                 ]
              }
            }
           , {"association": {
                "identifier": "0001_NASA_PDS_1.juno.Observation_Information.juno.JunoCam_Parameters" ,
                "title": "JunoCam_Parameters" ,
                "assocType": "component_of" ,
                "isAttribute": "false" ,
                "isChoice": "false" ,
                "isAny": "false" ,
                "groupName": "null" ,
                "minimumCardinality": "0" ,
                "maximumCardinality": "1" ,
                "classOrder": "1060" ,
                "classId": [
                  "0001_NASA_PDS_1.juno.JunoCam_Parameters"
                 ]
              }
            }
           ]
          }
        }
      ]
    , "attributeDictionary": [
        {
          "attribute": {
            "identifier": "0001_NASA_PDS_1.juno.JunoCam_Parameters.juno.tdi_stages_count" ,
            "title": "tdi_stages_count" ,
            "registrationAuthorityId": "0001_NASA_PDS_1" ,
            "nameSpaceId": "juno" ,
            "steward": "atm" ,
            "versionId": "1.13" ,
            "description": "The tdi_stages_count attribute provides the number of time delay and integration (TDI) stages used to increase the exposure time of a JunoCam observation." ,
            "isNillable": "true" ,
            "isEnumerated": "false" ,
            "isDeprecated": "false" ,
            "dataType": "ASCII_Integer" ,
            "dataTypeId": "0001_NASA_PDS_1.pds.ASCII_Integer" ,
            "minimumCharacters": "Unbounded" ,
            "maximumCharacters": "Unbounded" ,
            "minimumValue": "1" ,
            "maximumValue": "9223372036854775807" ,
            "pattern": "null" ,
            "unitOfMeasure": "null" ,
            "unitOfMeasureId": "null" ,
            "unitId": "null" ,
            "defaultUnitId": "null"
          }
        }
      , {
          "attribute": {
            "identifier": "0001_NASA_PDS_1.juno.Observation_Information.juno.mission_phase_name" ,
            "title": "mission_phase_name" ,
            "registrationAuthorityId": "0001_NASA_PDS_1" ,
            "nameSpaceId": "juno" ,
            "steward": "atm" ,
            "versionId": "1.13" ,
            "description": "The mission_phase_name identifies a time period within the mission." ,
            "isNillable": "true" ,
            "isEnumerated": "true" ,
            "isDeprecated": "false" ,
            "dataType": "ASCII_Short_String_Preserved" ,
            "dataTypeId": "0001_NASA_PDS_1.pds.ASCII_Short_String_Preserved" ,
            "minimumCharacters": "1" ,
            "maximumCharacters": "255" ,
            "minimumValue": "Unbounded" ,
            "maximumValue": "Unbounded" ,
            "pattern": "null" ,
            "unitOfMeasure": "null" ,
            "unitOfMeasureId": "null" ,
            "unitId": "null" ,
            "defaultUnitId": "null"
          }
        }
      , {
          "attribute": {
            "identifier": "0001_NASA_PDS_1.juno.Observation_Information.juno.orbit_number" ,
            "title": "orbit_number" ,
            "registrationAuthorityId": "0001_NASA_PDS_1" ,
            "nameSpaceId": "juno" ,
            "steward": "atm" ,
            "versionId": "1.13" ,
            "description": "The orbit_number attribute identifies the number of the orbital revolution of the spacecraft around a target body. This value is N\/A for cruise images." ,
            "isNillable": "true" ,
            "isEnumerated": "false" ,
            "isDeprecated": "false" ,
            "dataType": "ASCII_Integer" ,
            "dataTypeId": "0001_NASA_PDS_1.pds.ASCII_Integer" ,
            "minimumCharacters": "Unbounded" ,
            "maximumCharacters": "Unbounded" ,
            "minimumValue": "1" ,
            "maximumValue": "99" ,
            "pattern": "null" ,
            "unitOfMeasure": "null" ,
            "unitOfMeasureId": "null" ,
            "unitId": "null" ,
            "defaultUnitId": "null"
          }
        }
      , {
          "attribute": {
            "identifier": "0001_NASA_PDS_1.juno.Observation_Information.juno.release_number" ,
            "title": "release_number" ,
            "registrationAuthorityId": "0001_NASA_PDS_1" ,
            "nameSpaceId": "juno" ,
            "steward": "atm" ,
            "versionId": "1.13" ,
            "description": "Release_number is the number of a scheduled release of JunoCam data from PDS. The first Juno data release is Release 1. The release_number for a given product is always the first release in which it appears, and does not change if the product is revised later." ,
            "isNillable": "true" ,
            "isEnumerated": "false" ,
            "isDeprecated": "false" ,
            "dataType": "ASCII_Integer" ,
            "dataTypeId": "0001_NASA_PDS_1.pds.ASCII_Integer" ,
            "minimumCharacters": "Unbounded" ,
            "maximumCharacters": "Unbounded" ,
            "minimumValue": "1" ,
            "maximumValue": "9223372036854775807" ,
            "pattern": "null" ,
            "unitOfMeasure": "null" ,
            "unitOfMeasureId": "null" ,
            "unitId": "null" ,
            "defaultUnitId": "null"
          }
        }
      , {
          "attribute": {
            "identifier": "0001_NASA_PDS_1.juno.Observation_Information.juno.spacecraft_clock_start_count" ,
            "title": "spacecraft_clock_start_count" ,
            "registrationAuthorityId": "0001_NASA_PDS_1" ,
            "nameSpaceId": "juno" ,
            "steward": "atm" ,
            "versionId": "1.13" ,
            "description": "The spacecraft_clock_start_count attribute provides the value of the spacecraft clock at the actual start of image acquisition. There may be small inconsistencies with start_date_time due to varying correlation between UTC and the spacecraft clock. For purposes of data analysis the spacecraft clock value should be used. The format of this field is compatible with the NAIF Toolkit software where s = seconds converted from the clock's coarse counter and m = seconds converted from the clock's fine counter." ,
            "isNillable": "true" ,
            "isEnumerated": "false" ,
            "isDeprecated": "false" ,
            "dataType": "ASCII_Short_String_Collapsed" ,
            "dataTypeId": "0001_NASA_PDS_1.pds.ASCII_Short_String_Collapsed" ,
            "minimumCharacters": "1" ,
            "maximumCharacters": "255" ,
            "minimumValue": "Unbounded" ,
            "maximumValue": "Unbounded" ,
            "pattern": "null" ,
            "unitOfMeasure": "null" ,
            "unitOfMeasureId": "null" ,
            "unitId": "null" ,
            "defaultUnitId": "null"
          }
        }
      , {
          "attribute": {
            "identifier": "0001_NASA_PDS_1.juno.Observation_Information.juno.spacecraft_clock_stop_count" ,
            "title": "spacecraft_clock_stop_count" ,
            "registrationAuthorityId": "0001_NASA_PDS_1" ,
            "nameSpaceId": "juno" ,
            "steward": "atm" ,
            "versionId": "1.13" ,
            "description": "The spacecraft_clock_stop_count attribute provides the value of the spacecraft clock at the actual end of image acquisition. There may be small inconsistencies with stop_date_time due to varying correlation between UTC and the spacecraft clock. For purposes of data analysis the spacecraft clock value should be used. The format of this field is compatible with the NAIF Toolkit software where s = seconds converted from the clock's coarse counter and m = seconds converted from the clock's fine counter." ,
            "isNillable": "true" ,
            "isEnumerated": "false" ,
            "isDeprecated": "false" ,
            "dataType": "ASCII_Short_String_Collapsed" ,
            "dataTypeId": "0001_NASA_PDS_1.pds.ASCII_Short_String_Collapsed" ,
            "minimumCharacters": "1" ,
            "maximumCharacters": "255" ,
            "minimumValue": "Unbounded" ,
            "maximumValue": "Unbounded" ,
            "pattern": "null" ,
            "unitOfMeasure": "null" ,
            "unitOfMeasureId": "null" ,
            "unitId": "null" ,
            "defaultUnitId": "null"
          }
        }
      ]
    }
  }
]
