<?xml version="1.0" encoding="UTF-8"?>
<?xml-model href="http://pds.nasa.gov/pds4/pds/v1/PDS4_PDS_1100.sch"
  schematypens="http://purl.oclc.org/dsdl/schematron"?>

<Product_XML_Schema
    xmlns="http://pds.nasa.gov/pds4/pds/v1"
    xmlns:pds="http://pds.nasa.gov/pds4/pds/v1"
    xmlns:xsi="http://www.w3.org/2001/XMLSchema-instance"
    xsi:schemaLocation="http://pds.nasa.gov/pds4/pds/v1
                        http://pds.nasa.gov/pds4/pds/v1/PDS4_PDS_1100.xsd">

    <Identification_Area>
        <logical_identifier>urn:nasa:pds:system_bundle:xml_schema:pds-spectra</logical_identifier>
        <version_id>1.0</version_id>
        <title>PDS4 Spectra XML Schema V1.0</title>
        <information_model_version>1.1.0.0</information_model_version>
        <product_class>Product_XML_Schema</product_class>
        <Modification_History>
            <Modification_Detail>
                <modification_date>2013-11-11</modification_date>
                <version_id>1.0</version_id>
                <description>Version 1.1.0.0 of the Spectra dictionary is
                    the first publicly released version of the dictionary. 
                    It corresponds to version 1.1.0.0 of the PDS common
                    dictionary.
                    
                    1) Changed the minOccurs and maxOccurs of the xs:choice
                       element in the Spectral_Lookup class from 1 to 2.
                    
                    2) Fixed the definition of the Axis_Bin_Set class to
                       correct the name of the class.
                    
                    3) Changed the order of the complexType definitions in
                       the schema file; they are now alphabetized.
                    
                    4) Removed minOccurs and maxOccurs from elements within
                       xs:choice tags.
                </description>
            </Modification_Detail>
            <Modification_Detail>
                <modification_date>2013-08-24</modification_date>
                <version_id>0.2</version_id>
                <description>Version 1.0.0.1 of the Spectra dictionary is a
                    draft version of the dictionary intended for
                    distribution to the DDWG.
                    
                    1) All dependencies on the Imaging Node dictionary
                       (primarily filter-related items) have been removed,
                       as that dictionary has not yet been formally
                       released.  These dependencies may be re-introduced
                       in a future version of this dictionary.
                    
                    2) The Filter_Attributes class has been renamed to
                       "Filter".
                    
                    3) Renamed "reference_type" in the
                       Local_Internal_Reference class to
                       "local_reference_type", to be consistent with
                       proposed common class in CCB-30.
                    
                    4) Made "Bin" class extensible by adding the "xs:any"
                       attribute.
                    
                    5) Removed the extraneous element definitions for
                       "lid_reference" and "lidvid_reference" (since these
                       are in the "pds" namespace).
                    
                    6) Change "teh" to "the" in the definition of the
                       filter_name attribute.
                    
                    7) Integrated the "xs:choice" functionality directly
                       into the Ingest_LDD, rather than hand-editing it
                       into the schema after the fact.
                    
                    8) Simplified all class and attribute local_identifiers
                       (should be invisible to dictionary users).
                    
                    9) Added the sp.Units_of_Wavelength to the Imaging Node
                       dictionary database as an attribute, rather than
                       hand-editing it into the schema manually.  This
                       should be replaced with the "pds" version of the
                       units when version 1.1.0.0 of the common model is
                       released.
                </description>
            </Modification_Detail>
            <Modification_Detail>
                <modification_date>2013-08-10</modification_date>
                <version_id>0.1</version_id>
                <description>Version 1.0.0.0 of the Spectra dictionary is a
                    draft version of the dictionary intended for
                    distribution to the Spectra Tiger Team.
                </description>
            </Modification_Detail>
        </Modification_History>
    </Identification_Area>

    <File_Area_XML_Schema>
        <File>
            <file_name>PDS4_SP_1100.xsd</file_name>
            <creation_date_time>2013-11-11T14:55:47Z</creation_date_time>
            <file_size unit="byte">17357</file_size>
            <md5_checksum>7dba47d2bb69821e1b464137afdcce85</md5_checksum>
        </File>
        <XML_Schema>
            <name>PDS4 XML/Schema for Spectra Dictionary</name>
            <offset unit="byte">0</offset>
            <parsing_standard_id>XML Schema Version 1.1</parsing_standard_id>
            <description>This is the PDS4 XML Schema file for the Spectra
                dictionary, version 1.1.0.0, which uses the "sp"
                namespace.</description>
        </XML_Schema>
    </File_Area_XML_Schema>

    <File_Area_XML_Schema>
        <File>
            <file_name>PDS4_SP_1100.sch</file_name>
            <creation_date_time>2013-11-11T14:40:47Z</creation_date_time>
            <file_size unit="byte">6123</file_size>
            <md5_checksum>3c72de810f9b187a1fe54c2aac7ab76f</md5_checksum>
        </File>
        <XML_Schema>
            <name>PDS4 Schematron File for Spectra Dictionary</name>
            <offset unit="byte">0</offset>
            <parsing_standard_id>Schematron ISO/IEC 19757-3:2006</parsing_standard_id>
            <description>This is the PDS4 Schematron file for the "sp"
                namespace.  Schematron provides rule-based validation for
                XML Schema.</description>
        </XML_Schema>
    </File_Area_XML_Schema>

</Product_XML_Schema>
