<?xml version="1.0" encoding="UTF-8"?>
  <!-- PDS4 XML product label for PDS4 V1.1.0.0  Tue Oct 01 08:24:06 PDT 2013 -->
  <!-- Generated from the PDS4 Information Model V1.1.0.0 - System Build 4a -->
  <!-- *** This PDS4 XML product label is an operational deliverable. *** -->
<?xml-model href="http://pds.jpl.nasa.gov/pds4/schema/released/pds/v1/PDS4_PDS_1100.sch"
  schematypens="http://purl.oclc.org/dsdl/schematron"?>
<Product_XML_Schema xmlns="http://pds.nasa.gov/pds4/pds/v1"
    xmlns:pds="http://pds.nasa.gov/pds4/pds/v1"
    xmlns:xsi="http://www.w3.org/2001/XMLSchema-instance"
    xsi:schemaLocation="http://pds.nasa.gov/pds4/pds/v1
    http://pds.jpl.nasa.gov/pds4/schema/released/pds/v1/PDS4_PDS_1100.xsd">
    <Identification_Area>
        <logical_identifier>urn:nasa:pds:system_bundle:xml_schema:pds-xml_schema</logical_identifier>
        <version_id>1.1</version_id>
        <title>PDS4 XML Schema V1100 </title>
        <information_model_version>1.1.0.0</information_model_version>
        <product_class>Product_XML_Schema</product_class>
        <Modification_History>
            <Modification_Detail>
                <modification_date>2013-10-01</modification_date>
                <version_id>1.1</version_id>
                <description>This is the system generated PDS4 product label for PDS4 XML Schema and Schematron files.</description>
            </Modification_Detail>
        </Modification_History>
    </Identification_Area>
    <File_Area_XML_Schema>
        <File>
            <file_name>PDS4_PDS_1100.xsd</file_name>
            <creation_date_time>2013-10-01T08:24:06</creation_date_time>
            <file_size unit="byte">214838</file_size>
            <records>3979</records>
        </File>
        <XML_Schema>
            <name>PDS4_PDS_1100.xsd</name>
            <offset unit="byte">0</offset>
            <parsing_standard_id>XML Schema Version 1.1</parsing_standard_id>
            <description>This is a PDS4 XML Schema file for the declared namespace.</description>
        </XML_Schema>
    </File_Area_XML_Schema>
    <File_Area_XML_Schema>
        <File>
            <file_name>PDS4_PDS_1100.sch</file_name>
            <creation_date_time>2013-10-01T08:24:06</creation_date_time>
            <file_size unit="byte">90525</file_size>
            <records>938</records>
        </File>
        <XML_Schema>
            <name>PDS4_PDS_1100.sch</name>
            <offset unit="byte">0</offset>
            <parsing_standard_id>Schematron ISO/IEC 19757-3:2006</parsing_standard_id>
            <description>This is the PDS4 Schematron file for the declared namespace. Schematron provides rule-based validation for XML Schema.</description>
        </XML_Schema>
    </File_Area_XML_Schema>
</Product_XML_Schema>
