<?xml version="1.0" encoding="UTF-8"?>
<?xml-model
    href="http://pds.nasa.gov/pds4/pds/v1/PDS4_PDS_1100.sch"
    schematypens="http://purl.oclc.org/dsdl/schematron"?>

  <!-- PDS4 Local Data Dictionary Ingest File -->
  <!-- Generated 2013-11-11T13:51:32Z by eduxbury using mk_img_ldd.pl from the Imaging Node MySQL img_ldd database -->

<Ingest_LDD
    xmlns="http://pds.nasa.gov/pds4/pds/v1"
    xmlns:xsi="http://www.w3.org/2001/XMLSchema-instance"
    xsi:schemaLocation="http://pds.nasa.gov/pds4/pds/v1 
        http://pds.nasa.gov/pds4/pds/v1/PDS4_PDS_1100.xsd ">

  <name>Spectra</name>
  <ldd_version_id>1.1.0.0</ldd_version_id>
  <full_name>Elizabeth D. Rye</full_name>
  <steward_id>img</steward_id>
  <namespace_id>sp</namespace_id>
  <comment>The Spectra dictionary contains classes that describe the spectral characteristics of Array (and Array subclass) data objects, and of the instruments that acquired them.</comment>
  <last_modification_date_time>2013-11-11T13:51:32Z</last_modification_date_time>

  <DD_Attribute>
    <name>bin_width_desc</name>
    <version_id>1.0</version_id>
    <local_identifier>sp.bin_width_desc</local_identifier>
    <nillable_flag>false</nillable_flag>
    <submitter_name>Elizabeth D. Rye</submitter_name>
    <definition>The bin_width_desc attributes provides a description of the method used to calculate the bin_width of a bin along a spectral axis in an Array object.  The description should include information on the shape (e.g. gaussian, square wave, etc.) and what the bin_width value means (i.e., standard deviation of a gaussian function or full-width at half max (FWHM)).</definition>
    <DD_Value_Domain>
      <enumeration_flag>false</enumeration_flag>
      <value_data_type>ASCII_Text_Preserved</value_data_type>
      <minimum_characters>1</minimum_characters>
      <unit_of_measure_type>Units_of_None</unit_of_measure_type>
    </DD_Value_Domain>
  </DD_Attribute>

  <DD_Attribute>
    <name>sampling_parameter_type</name>
    <version_id>1.0</version_id>
    <local_identifier>sp.sampling_parameter_type</local_identifier>
    <nillable_flag>false</nillable_flag>
    <submitter_name>Michael Kelley</submitter_name>
    <definition>The sampling_parameter_type attribute indicates the nature of the parameter specified along the spectral axis in an Array object.</definition>
    <DD_Value_Domain>
      <enumeration_flag>true</enumeration_flag>
      <value_data_type>ASCII_Short_String_Collapsed</value_data_type>
      <minimum_characters>9</minimum_characters>
      <maximum_characters>11</maximum_characters>
      <unit_of_measure_type>Units_of_None</unit_of_measure_type>
      <DD_Permissible_Value>
        <value>wavelength</value>
        <value_meaning>Values along the spectral axis in the Array data object are provided in units of wavelength, i.e., in terms of the distance between successive crests of the electromagnetic wave.</value_meaning>
      </DD_Permissible_Value>
      <DD_Permissible_Value>
        <value>wavenumber</value>
        <value_meaning>Values along the spectral axis in the Array data object are provided in units of wavenumber, i.e., in terms of the number of waves in a unit distance.</value_meaning>
      </DD_Permissible_Value>
      <DD_Permissible_Value>
        <value>frequency</value>
        <value_meaning>Values along the spectral axis in the Array data object are provided in units of frequency, i.e., in terms of the number of waves in a unit of time.</value_meaning>
      </DD_Permissible_Value>
    </DD_Value_Domain>
  </DD_Attribute>

  <DD_Attribute>
    <name>sampling_interval</name>
    <version_id>1.0</version_id>
    <local_identifier>sp.sampling_interval</local_identifier>
    <nillable_flag>false</nillable_flag>
    <submitter_name>Michael Kelley</submitter_name>
    <definition>The sampling_interval attribute provides the spacing of points at which data are sampled and at which a value for an instrument or data parameter is available.  This sampling interval can be either the original (raw) sampling or the result of some resampling process.  The sampling parameter (wavelength, frequency, etc.) is identified by the sampling_parameter_type attribute.</definition>
    <DD_Value_Domain>
      <enumeration_flag>false</enumeration_flag>
      <value_data_type>ASCII_Real</value_data_type>
      <minimum_value>0.0</minimum_value>
      <unit_of_measure_type>sp:Units_of_Spectra</unit_of_measure_type>
    </DD_Value_Domain>
  </DD_Attribute>

  <DD_Attribute>
    <name>bin_width</name>
    <version_id>1.0</version_id>
    <local_identifier>sp.bin_width</local_identifier>
    <nillable_flag>false</nillable_flag>
    <submitter_name>Elizabeth D. Rye</submitter_name>
    <definition>The bin_width attribute provides the width of a bin along a spectral axis in an Array object, in the specified units.  The method used to calculate the width must be specified using the bin_width_desc attribute.</definition>
    <DD_Value_Domain>
      <enumeration_flag>false</enumeration_flag>
      <value_data_type>ASCII_Real</value_data_type>
      <minimum_value>0.0</minimum_value>
      <unit_of_measure_type>sp:Units_of_Spectra</unit_of_measure_type>
    </DD_Value_Domain>
  </DD_Attribute>

  <DD_Attribute>
    <name>first_center_value</name>
    <version_id>1.0</version_id>
    <local_identifier>sp.first_center_value</local_identifier>
    <nillable_flag>false</nillable_flag>
    <submitter_name>Michael Kelley</submitter_name>
    <definition>The first_center_value attribute provides the wavelength, wave number, or frequency describing the center of the first bin along the spectral axis of a spectral data object.</definition>
    <DD_Value_Domain>
      <enumeration_flag>false</enumeration_flag>
      <value_data_type>ASCII_Real</value_data_type>
      <minimum_value>0.0</minimum_value>
      <unit_of_measure_type>sp:Units_of_Spectra</unit_of_measure_type>
    </DD_Value_Domain>
  </DD_Attribute>

  <DD_Attribute>
    <name>last_center_value</name>
    <version_id>1.0</version_id>
    <local_identifier>sp.last_center_value</local_identifier>
    <nillable_flag>false</nillable_flag>
    <submitter_name>Michael Kelley</submitter_name>
    <definition>The last_center_value attribute provides the wavelength, wave number, or frequency describing the center of the last bin along the spectral axis of a spectral data object.</definition>
    <DD_Value_Domain>
      <enumeration_flag>false</enumeration_flag>
      <value_data_type>ASCII_Real</value_data_type>
      <minimum_value>0.0</minimum_value>
      <unit_of_measure_type>sp:Units_of_Spectra</unit_of_measure_type>
    </DD_Value_Domain>
  </DD_Attribute>

  <DD_Attribute>
    <name>local_identifier_reference</name>
    <version_id>1.0</version_id>
    <local_identifier>sp.local_identifier_reference</local_identifier>
    <nillable_flag>false</nillable_flag>
    <submitter_name>Elizabeth D. Rye</submitter_name>
    <definition>The local_identifier_reference attribute provides the local_identifier of the digital object described by the referencing class.  Note that a local_identifier attribute, with the same value as this local_identifier_reference, must be present within the label.</definition>
    <DD_Value_Domain>
      <enumeration_flag>false</enumeration_flag>
      <value_data_type>ASCII_Short_String_Collapsed</value_data_type>
      <unit_of_measure_type>Units_of_None</unit_of_measure_type>
    </DD_Value_Domain>
  </DD_Attribute>

  <DD_Attribute>
    <name>local_reference_type</name>
    <version_id>1.0</version_id>
    <local_identifier>sp.local_reference_type</local_identifier>
    <nillable_flag>false</nillable_flag>
    <submitter_name>Elizabeth D. Rye</submitter_name>
    <definition>The local_reference_type attribute provides the name of an association between an entity identified by a local_identifier_reference and another corresponding entity identified by a local_identifier</definition>
    <DD_Value_Domain>
      <enumeration_flag>true</enumeration_flag>
      <value_data_type>ASCII_Short_String_Collapsed</value_data_type>
      <unit_of_measure_type>Units_of_None</unit_of_measure_type>
      <DD_Permissible_Value>
        <value>spectral_characteristics_to_array_axis</value>
        <value_meaning>The spectral characteristics described here pertain to the referenced array axis.</value_meaning>
      </DD_Permissible_Value>
      <DD_Permissible_Value>
        <value>spectral_characteristics_to_array_object</value>
        <value_meaning>The spectral characteristics described here pertain to the referenced array.</value_meaning>
      </DD_Permissible_Value>
      <DD_Permissible_Value>
        <value>spectral_characteristics_to_bin_center_values</value>
        <value_meaning>The spectral array described here is associated with another array (object or product) that describes the bin center values of the detector for this array.</value_meaning>
      </DD_Permissible_Value>
      <DD_Permissible_Value>
        <value>spectral_characteristics_to_bin_width_values</value>
        <value_meaning>The spectral array described here is associated with another array (object or product) that describes the bin width values of the detector for this array.</value_meaning>
      </DD_Permissible_Value>
    </DD_Value_Domain>
  </DD_Attribute>

  <DD_Attribute>
    <name>bin_sequence_number</name>
    <version_id>1.0</version_id>
    <local_identifier>sp.bin_sequence_number</local_identifier>
    <nillable_flag>false</nillable_flag>
    <submitter_name>Elizabeth D. Rye</submitter_name>
    <definition>The bin_sequence_number provides the sequential numbering of bins along an axis in an Array object.</definition>
    <Terminological_Entry>
      <name>SPECTRAL_QUBE.BAND_BIN.BAND_BIN_BAND_NUMBER</name>
      <definition>The band_bin_band_number element of a SPECTRAL_QUBE provides a sequence of numbers corresponding to each band in the image qube. The band number is equivalent to the instrument band number.</definition>
      <language>English</language>
      <preferred_flag>false</preferred_flag>
    </Terminological_Entry>
    <Terminological_Entry>
      <name>QUBE.BAND_BIN.BAND_BIN_BAND_NUMBER</name>
      <definition>The band_bin_band_number element of a SPECTRAL_QUBE provides a sequence of numbers corresponding to each band in the image qube. The band number is equivalent to the instrument band number.</definition>
      <language>English</language>
      <preferred_flag>false</preferred_flag>
    </Terminological_Entry>
    <Terminological_Entry>
      <name>SPECTRAL_QUBE.BAND_BIN.BAND_BIN_WIDTH</name>
      <definition>The band_bin_width element of a Standard ISIS Qube provides the sequence of widths (at half height) of the spectrometer response functions at the wavelengths of the bands in the qube.</definition>
      <language>English</language>
      <preferred_flag>false</preferred_flag>
    </Terminological_Entry>
    <Terminological_Entry>
      <name>QUBE.BAND_BIN.BAND_BIN_WIDTH</name>
      <definition>The band_bin_width element of a Standard ISIS Qube provides the sequence of widths (at half height) of the spectrometer response functions at the wavelengths of the bands in the qube.</definition>
      <language>English</language>
      <preferred_flag>false</preferred_flag>
    </Terminological_Entry>
    <DD_Value_Domain>
      <enumeration_flag>false</enumeration_flag>
      <value_data_type>ASCII_Integer</value_data_type>
      <minimum_value>1</minimum_value>
      <unit_of_measure_type>Units_of_None</unit_of_measure_type>
    </DD_Value_Domain>
  </DD_Attribute>

  <DD_Attribute>
    <name>center_value</name>
    <version_id>1.0</version_id>
    <local_identifier>sp.center_value</local_identifier>
    <nillable_flag>false</nillable_flag>
    <submitter_name>Elizabeth D. Rye</submitter_name>
    <definition>The center_value attribute provides the wavelength, wave number, or frequency describing the center of a bin along the band axis of a spectral data object.  When describing data from a spectrometer, the value corresponds to the peak of the response function for a particular detector and/or grating position.</definition>
    <comment>Changed from "center_wavelength" to "center_value".</comment>
    <DD_Value_Domain>
      <enumeration_flag>false</enumeration_flag>
      <value_data_type>ASCII_Real</value_data_type>
      <minimum_value>0.0</minimum_value>
      <unit_of_measure_type>sp:Units_of_Spectra</unit_of_measure_type>
    </DD_Value_Domain>
  </DD_Attribute>

  <DD_Attribute>
    <name>detector_number</name>
    <version_id>1.0</version_id>
    <local_identifier>sp.detector_number</local_identifier>
    <nillable_flag>false</nillable_flag>
    <submitter_name>Elizabeth D. Rye</submitter_name>
    <definition>The detector_number attribute provides the spectrometer detector number corresponding to a band of a spectral qube.  Detector numbers are usually assigned consecutively from 1, in order of increasing wavelength.</definition>
    <DD_Value_Domain>
      <enumeration_flag>false</enumeration_flag>
      <value_data_type>ASCII_Integer</value_data_type>
      <minimum_value>1</minimum_value>
      <unit_of_measure_type>Units_of_None</unit_of_measure_type>
    </DD_Value_Domain>
  </DD_Attribute>

  <DD_Attribute>
    <name>grating_position</name>
    <version_id>0.1</version_id>
    <local_identifier>sp.grating_position</local_identifier>
    <nillable_flag>false</nillable_flag>
    <submitter_name>Elizabeth D. Rye</submitter_name>
    <definition>The grating_position attribute of a spectral qube describes the grating position which corresponds to the band.  Grating positions are usually assigned consecutively from 0, and increasing position causes increasing wavelength for each detector.</definition>
    <DD_Value_Domain>
      <enumeration_flag>false</enumeration_flag>
      <value_data_type>ASCII_Integer</value_data_type>
      <minimum_value>0</minimum_value>
      <unit_of_measure_type>Units_of_None</unit_of_measure_type>
    </DD_Value_Domain>
  </DD_Attribute>

  <DD_Attribute>
    <name>original_bin_number</name>
    <version_id>0.1</version_id>
    <local_identifier>sp.original_bin_number</local_identifier>
    <nillable_flag>false</nillable_flag>
    <submitter_name>Elizabeth D. Rye</submitter_name>
    <definition>The original_bin_number attribute of a spectral Array object is used when the current data object is a subset of some original data object.  The original_bin_number for each band identifies the bin_sequence_number of the corresponding band in the original data object.</definition>
    <DD_Value_Domain>
      <enumeration_flag>false</enumeration_flag>
      <value_data_type>ASCII_Integer</value_data_type>
      <minimum_value>1</minimum_value>
      <unit_of_measure_type>Units_of_None</unit_of_measure_type>
    </DD_Value_Domain>
  </DD_Attribute>

  <DD_Attribute>
    <name>filter_name</name>
    <version_id>1.0</version_id>
    <local_identifier>sp.filter_name</local_identifier>
    <nillable_flag>false</nillable_flag>
    <submitter_name>Elizabeth D. Rye</submitter_name>
    <definition>The filter_name attribute provides the commonly-used name of the instrument filter through which an image or measurement was acquired or which is associated with a given instrument mode.</definition>
    <DD_Value_Domain>
      <enumeration_flag>false</enumeration_flag>
      <value_data_type>ASCII_Short_String_Collapsed</value_data_type>
      <minimum_characters>1</minimum_characters>
      <unit_of_measure_type>Units_of_None</unit_of_measure_type>
    </DD_Value_Domain>
  </DD_Attribute>

  <DD_Attribute>
    <name>filter_number</name>
    <version_id>1.0</version_id>
    <local_identifier>sp.filter_number</local_identifier>
    <nillable_flag>false</nillable_flag>
    <submitter_name>Elizabeth D. Rye</submitter_name>
    <definition>The filter_number attribute provides the numeric identifier of an instrument filter through which an image or measurement was acquired or which is associated with a given instrument mode.  Within the bin class of a spectral data object, it identifies the filter through which data in the given band were acquired.</definition>
    <comment>Changed att_id and definition to move from Band_Bin_Set to Spectra class.</comment>
    <DD_Value_Domain>
      <enumeration_flag>false</enumeration_flag>
      <value_data_type>ASCII_Integer</value_data_type>
      <minimum_value>0</minimum_value>
      <unit_of_measure_type>Units_of_None</unit_of_measure_type>
    </DD_Value_Domain>
  </DD_Attribute>

  <DD_Class>
    <name>Spectral_Characteristics</name>
    <version_id>1.0</version_id>
    <local_identifier>sp.Spectral_Characteristics</local_identifier>
    <submitter_name>Elizabeth D. Rye</submitter_name>
    <definition>The Spectral_Characteristics class provides information about the spectral characteristics of an Array object.</definition>
    <DD_Association_External>
	<name>comment</name>
        <namespace_id>pds</namespace_id>
        <reference_type>attribute_of</reference_type>
        <minimum_occurrences>0</minimum_occurrences>
        <maximum_occurrences>1</maximum_occurrences>
    </DD_Association_External>
    <DD_Association>
      <local_identifier>sp.bin_width_desc</local_identifier>
      <reference_type>attribute_of</reference_type>
      <minimum_occurrences>1</minimum_occurrences>
      <maximum_occurrences>1</maximum_occurrences>
    </DD_Association>
    <DD_Association>
      <local_identifier>sp.Local_Internal_Reference</local_identifier>
      <reference_type>component_of</reference_type>
      <minimum_occurrences>1</minimum_occurrences>
      <maximum_occurrences>*</maximum_occurrences>
    </DD_Association>
    <DD_Association>
      <local_identifier>XSChoice#</local_identifier>
      <local_identifier>sp.Axis_Uniformly_Sampled</local_identifier>
      <local_identifier>sp.Axis_Bin_Set</local_identifier>
      <local_identifier>sp.Spectral_Lookup</local_identifier>
      <reference_type>component_of</reference_type>
      <minimum_occurrences>1</minimum_occurrences>
      <maximum_occurrences>*</maximum_occurrences>
    </DD_Association>
  </DD_Class>

  <DD_Class>
    <name>Axis_Uniformly_Sampled</name>
    <version_id>1.0</version_id>
    <local_identifier>sp.Axis_Uniformly_Sampled</local_identifier>
    <submitter_name>Elizabeth D. Rye</submitter_name>
    <definition>The Axis_Uniformly_Sampled class provides attributes describing the spectral characteristics of an axis of an Array object, in cases where the spectral sampling interval is regular.</definition>
    <DD_Association>
      <local_identifier>sp.sampling_parameter_type</local_identifier>
      <reference_type>attribute_of</reference_type>
      <minimum_occurrences>1</minimum_occurrences>
      <maximum_occurrences>1</maximum_occurrences>
    </DD_Association>
    <DD_Association>
      <local_identifier>sp.sampling_interval</local_identifier>
      <reference_type>attribute_of</reference_type>
      <minimum_occurrences>1</minimum_occurrences>
      <maximum_occurrences>1</maximum_occurrences>
    </DD_Association>
    <DD_Association>
      <local_identifier>sp.bin_width</local_identifier>
      <reference_type>attribute_of</reference_type>
      <minimum_occurrences>1</minimum_occurrences>
      <maximum_occurrences>1</maximum_occurrences>
    </DD_Association>
    <DD_Association>
      <local_identifier>sp.first_center_value</local_identifier>
      <reference_type>attribute_of</reference_type>
      <minimum_occurrences>1</minimum_occurrences>
      <maximum_occurrences>1</maximum_occurrences>
    </DD_Association>
    <DD_Association>
      <local_identifier>sp.last_center_value</local_identifier>
      <reference_type>attribute_of</reference_type>
      <minimum_occurrences>1</minimum_occurrences>
      <maximum_occurrences>1</maximum_occurrences>
    </DD_Association>
    <DD_Association>
      <local_identifier>sp.Local_Internal_Reference</local_identifier>
      <reference_type>component_of</reference_type>
      <minimum_occurrences>1</minimum_occurrences>
      <maximum_occurrences>*</maximum_occurrences>
    </DD_Association>
  </DD_Class>

  <DD_Class>
    <name>Axis_Bin_Set</name>
    <version_id>0.1</version_id>
    <local_identifier>sp.Axis_Bin_Set</local_identifier>
    <submitter_name>Elizabeth D. Rye</submitter_name>
    <definition>The Axis_Bin_Set class describes the spectral characteristics of each band along a spectral axis of an Array.  This class is used in cases where the spectral information is not uniform along the spectral axis.</definition>
    <DD_Association>
      <local_identifier>sp.Local_Internal_Reference</local_identifier>
      <reference_type>component_of</reference_type>
      <minimum_occurrences>1</minimum_occurrences>
      <maximum_occurrences>*</maximum_occurrences>
    </DD_Association>
    <DD_Association>
      <local_identifier>sp.Bin</local_identifier>
      <reference_type>component_of</reference_type>
      <minimum_occurrences>1</minimum_occurrences>
      <maximum_occurrences>*</maximum_occurrences>
    </DD_Association>
  </DD_Class>

  <DD_Class>
    <name>Spectral_Lookup</name>
    <version_id>1.0</version_id>
    <local_identifier>sp.Spectral_Lookup</local_identifier>
    <submitter_name>Elizabeth D. Rye</submitter_name>
    <definition>The Spectral_Lookup class references a 2-dimensional lookup map providing spectral characteristics for a corresponding spectral Array object.  The referenced lookup map may either be internal to the referencing product, or an external stand-alone product.</definition>
    <DD_Association>
      <local_identifier>XSChoice#</local_identifier>
      <local_identifier>sp.Local_Internal_Reference</local_identifier>
      <local_identifier>pds.Internal_Reference</local_identifier>
      <reference_type>component_of</reference_type>
      <minimum_occurrences>2</minimum_occurrences>
      <maximum_occurrences>2</maximum_occurrences>
    </DD_Association>
  </DD_Class>

  <DD_Class>
    <name>Local_Internal_Reference</name>
    <version_id>1.0</version_id>
    <local_identifier>sp.Local_Internal_Reference</local_identifier>
    <submitter_name>Elizabeth D. Rye</submitter_name>
    <definition>The Local_Internal_Reference class is used to cross-reference other classes or objects within the product.</definition>
    <DD_Association>
      <local_identifier>sp.local_identifier_reference</local_identifier>
      <reference_type>attribute_of</reference_type>
      <minimum_occurrences>1</minimum_occurrences>
      <maximum_occurrences>1</maximum_occurrences>
    </DD_Association>
    <DD_Association>
      <local_identifier>sp.local_reference_type</local_identifier>
      <reference_type>attribute_of</reference_type>
      <minimum_occurrences>1</minimum_occurrences>
      <maximum_occurrences>1</maximum_occurrences>
    </DD_Association>
    <DD_Association_External>
	<name>comment</name>
        <namespace_id>pds</namespace_id>
        <reference_type>attribute_of</reference_type>
        <minimum_occurrences>0</minimum_occurrences>
        <maximum_occurrences>1</maximum_occurrences>
    </DD_Association_External>
  </DD_Class>

  <DD_Class>
    <name>Bin</name>
    <version_id>1.0</version_id>
    <local_identifier>sp.Bin</local_identifier>
    <submitter_name>Elizabeth D. Rye</submitter_name>
    <definition>The Bin class specifies the characteristics of an individual bin along a spectral or other binned axis in an Array object.</definition>
    <DD_Association>
      <local_identifier>sp.bin_sequence_number</local_identifier>
      <reference_type>attribute_of</reference_type>
      <minimum_occurrences>1</minimum_occurrences>
      <maximum_occurrences>1</maximum_occurrences>
    </DD_Association>
    <DD_Association>
      <local_identifier>sp.center_value</local_identifier>
      <reference_type>attribute_of</reference_type>
      <minimum_occurrences>1</minimum_occurrences>
      <maximum_occurrences>1</maximum_occurrences>
    </DD_Association>
    <DD_Association>
      <local_identifier>sp.bin_width</local_identifier>
      <reference_type>attribute_of</reference_type>
      <minimum_occurrences>1</minimum_occurrences>
      <maximum_occurrences>1</maximum_occurrences>
    </DD_Association>
    <DD_Association>
      <local_identifier>sp.detector_number</local_identifier>
      <reference_type>attribute_of</reference_type>
      <minimum_occurrences>0</minimum_occurrences>
      <maximum_occurrences>1</maximum_occurrences>
    </DD_Association>
    <DD_Association>
      <local_identifier>sp.grating_position</local_identifier>
      <reference_type>attribute_of</reference_type>
      <minimum_occurrences>0</minimum_occurrences>
      <maximum_occurrences>1</maximum_occurrences>
    </DD_Association>
    <DD_Association>
      <local_identifier>sp.original_bin_number</local_identifier>
      <reference_type>attribute_of</reference_type>
      <minimum_occurrences>0</minimum_occurrences>
      <maximum_occurrences>*</maximum_occurrences>
    </DD_Association>
    <DD_Association_External>
	<name>scaling_factor</name>
        <namespace_id>pds</namespace_id>
        <reference_type>attribute_of</reference_type>
        <minimum_occurrences>0</minimum_occurrences>
        <maximum_occurrences>1</maximum_occurrences>
    </DD_Association_External>
    <DD_Association_External>
	<name>value_offset</name>
        <namespace_id>pds</namespace_id>
        <reference_type>attribute_of</reference_type>
        <minimum_occurrences>0</minimum_occurrences>
        <maximum_occurrences>1</maximum_occurrences>
    </DD_Association_External>
    <DD_Association>
      <local_identifier>sp.Filter</local_identifier>
      <reference_type>component_of</reference_type>
      <minimum_occurrences>0</minimum_occurrences>
      <maximum_occurrences>1</maximum_occurrences>
    </DD_Association>
    <DD_Association>
      <local_identifier>XSAny#</local_identifier>
      <reference_type>component_of</reference_type>
      <minimum_occurrences>0</minimum_occurrences>
      <maximum_occurrences>*</maximum_occurrences>
    </DD_Association>
  </DD_Class>

  <DD_Class>
    <name>Filter</name>
    <version_id>1.0</version_id>
    <local_identifier>sp.Filter</local_identifier>
    <submitter_name>Elizabeth D. Rye</submitter_name>
    <definition>The Filter class identifies the filter associated with a specific band or bin along a spectral axis in an Array object.  The filter may be identified by either name, identifier, or number or some combination of these.</definition>
    <DD_Association>
      <local_identifier>sp.filter_name</local_identifier>
      <reference_type>attribute_of</reference_type>
      <minimum_occurrences>0</minimum_occurrences>
      <maximum_occurrences>1</maximum_occurrences>
    </DD_Association>
    <DD_Association>
      <local_identifier>sp.filter_number</local_identifier>
      <reference_type>attribute_of</reference_type>
      <minimum_occurrences>0</minimum_occurrences>
      <maximum_occurrences>1</maximum_occurrences>
    </DD_Association>
  </DD_Class>

  <DD_Rule>
    <context>sp:Axis_Bin_Set/sp:Bin</context>
    <DD_Assert>
      <test>sp:bin_width/@unit = sp:center_value/@unit</test>
      <message>sp.Bin: The sp:bin_width units must match the sp:center_value units.</message>
    </DD_Assert>
    <DD_Assert>
      <test>sp:center_value/@unit = ../sp:Bin[1]/sp:center_value/@unit</test>
      <message>sp.Bin: The units of the center_value attribute must be the same in all Bin classes in this Axis_Bin_Set</message>
    </DD_Assert>
  </DD_Rule>

  <DD_Rule>
    <context>sp:Axis_Bin_Set/sp:Local_Internal_Reference</context>
    <DD_Assert>
      <test>sp:local_identifier_reference = //*/pds:Axis_Array/pds:axis_name</test>
      <message>At least one axis_name must match the value of the local_identifier_reference in the Axis_Bin_Set.</message>
    </DD_Assert>
  </DD_Rule>

  <DD_Rule>
    <context>sp:Axis_Uniformly_Sampled</context>
    <DD_Assert>
      <test>if (sp:sampling_parameter_type = 'frequency') then sp:sampling_interval/@unit = ('Hz') else true()</test>
      <message>sp.Axis_Uniformly_Sampled: If the sampling_paramater_type is set to 'frequency', then the sampling_interval must have units of 'Hz'.</message>
    </DD_Assert>
    <DD_Assert>
      <test>if (sp:sampling_parameter_type = 'wavelength') then sp:sampling_interval/@unit = ('Angstrom', 'cm', 'm', 'micrometer', 'mm', 'nm') else true()</test>
      <message>sp.Axis_Uniformly_Sampled: If the sampling_paramater_type is set to 'wavelength', then the sampling_interval must have one of the following units: 'Angstrom', 'cm', 'm', 'micrometer', 'mm', 'nm'.</message>
    </DD_Assert>
    <DD_Assert>
      <test>if (sp:sampling_parameter_type = 'wavenumber') then sp:sampling_interval/@unit = ('cm**-1', 'm**-1', 'nm**-1') else true()</test>
      <message>sp.Axis_Uniformly_Sampled: If the sampling_paramater_type is set to 'wavenumber', then the sampling_interval must have one of the following units: 'cm**-1', 'm**-1', 'nm**-1'.</message>
    </DD_Assert>
    <DD_Assert>
      <test>sp:bin_width/@unit = sp:sampling_interval/@unit</test>
      <message>sp.Axis_Uniformly_Sampled: The units of the bin_width attribute must match those of the sampling_interval.</message>
    </DD_Assert>
    <DD_Assert>
      <test>sp:first_center_value/@unit = sp:sampling_interval/@unit</test>
      <message>sp.Axis_Uniformly_Sampled: The units of the first_center_value attribute must match those of the sampling_interval.</message>
    </DD_Assert>
    <DD_Assert>
      <test>sp:last_center_value/@unit = sp:sampling_interval/@unit</test>
      <message>sp.Axis_Uniformly_Sampled: The units of the last_center_value attribute must match those of the sampling_interval.</message>
    </DD_Assert>
  </DD_Rule>

  <DD_Rule>
    <context>sp:Axis_Uniformly_Sampled/sp:Local_Internal_Reference</context>
    <DD_Assert>
      <test>sp:local_identifier_reference = //*/pds:Axis_Array/pds:axis_name</test>
      <message>At least one axis_name must match the value of the local_identifier_reference in the Axis_Uniformly_Sampled.</message>
    </DD_Assert>
  </DD_Rule>

  <DD_Rule>
    <context>sp:Spectral_Characteristics/sp:Local_Internal_Reference</context>
    <DD_Assert>
      <test>sp:local_identifier_reference = //*/pds:Array_*/pds:local_identifier</test>
      <message>At least one Array.local_identifier must match the value of the local_identifier_reference in the Spectral_Characteristics.</message>
    </DD_Assert>
  </DD_Rule>

</Ingest_LDD>
