<?xml version="1.0" encoding="UTF-8"?>
<?xml-model 
  href="http://pds.nasa.gov/pds4/pds/v1/PDS4_PDS_1100.sch" 
  schematypens="http://purl.oclc.org/dsdl/schematron"?>
<?xml-model 
  href="http://pds.nasa.gov/pds4/disp/v1/PDS4_DISP_11xx.sch"
  schematypens="http://purl.oclc.org/dsdl/schematron"?>
<?xml-model 
  href="http://pds.nasa.gov/pds4/sp/v1/PDS4_SP_1100.sch"
  schematypens="http://purl.oclc.org/dsdl/schematron"?>

<Product_Observational 
  xmlns="http://pds.nasa.gov/pds4/pds/v1"
  xmlns:xsi="http://www.w3.org/2001/XMLSchema-instance"	
  xmlns:disp="http://pds.nasa.gov/pds4/disp/v1"
  xmlns:sp="http://pds.nasa.gov/pds4/sp/v1"
  xsi:schemaLocation="
    http://pds.nasa.gov/pds4/pds/v1 
    http://pds.nasa.gov/pds4/pds/v1/PDS4_PDS_1100.xsd
    
    http://pds.nasa.gov/pds4/disp/v1 
    http://pds.nasa.gov/pds4/disp/v1/PDS4_DISP_11xx.xsd
    
    http://pds.nasa.gov/pds4/sp/v1 
    http://pds.nasa.gov/pds4/sp/v1/PDS4_SP_1100.xsd">

  <Identification_Area>
    <logical_identifier>urn:nasa:pds:iue:comet-database-lwr:lsi09136-200503</logical_identifier>
    <version_id>1.1</version_id>
    <title>IUE LWR Resampled Low-Dispersion Image (SILO)</title>
    <information_model_version>1.1.0.0</information_model_version>
    <product_class>Product_Observational</product_class>
    <Modification_History>
      <Modification_Detail>
        <modification_date>2013-02-28</modification_date>
        <version_id>1.1</version_id>
        <description>Initial draft translation from PDS3 to PDS4. Added PDS4 labels,
         no other changes.</description>
      </Modification_Detail>
    </Modification_History>
  </Identification_Area>
  <Observation_Area>
    <Time_Coordinates>
      <start_date_time>1980-10-24T13:18:24.000Z</start_date_time>
      <stop_date_time>1980-10-24T13:33:23.765Z</stop_date_time>
    </Time_Coordinates>    
    <Primary_Result_Summary>
      <purpose>Science</purpose>
      <processing_level>Calibrated</processing_level>
      <description>The resampled low-dispersion image is an array produced by resampling the 
       photometrically corrected portion of the LILO/LIHI image using the modified Shepard  
       algorithm taken from the Numerical Algorithms Group (NAG) software package.</description>
      <Science_Facets>
        <wavelength_range>Ultraviolet</wavelength_range>
        <discipline_name>Small Bodies</discipline_name>
      </Science_Facets>
    </Primary_Result_Summary>
    <Investigation_Area>
      <name>International Ultraviolet Explorer</name>
      <type>Mission</type>
      <Internal_Reference>
        <lid_reference>urn:nasa:pds:context:investigation:iue</lid_reference>
        <reference_type>data_to_investigation</reference_type>
      </Internal_Reference>
    </Investigation_Area>
    <Observing_System>
      <Observing_System_Component>
        <name>International Ultraviolet Explorer Satellite</name>
        <type>Spacecraft</type>
        <Internal_Reference>
          <lid_reference>urn:nasa:pds:context:instrument_host:iue</lid_reference> 
          <reference_type>is_instrument_host</reference_type>
        </Internal_Reference>
      </Observing_System_Component>
      <Observing_System_Component>
        <name>Long-Wavelength Redundant Camera</name>
        <type>Instrument</type>
        <Internal_Reference>
          <lid_reference>urn:nasa:pds:context:instrument:iue-lwr</lid_reference>
          <reference_type>is_instrument</reference_type>
        </Internal_Reference>
      </Observing_System_Component>
    </Observing_System>
    <Target_Identification>
      <name>38P/STEPHAN-OTERMA 1 (1942 V1)</name>
      <type>Comet</type>
    </Target_Identification>
    <Discipline_Area>

      <disp:Default_Display_Settings>
        <disp:local_identifier_reference>spectrum</disp:local_identifier_reference>
        <disp:comment>These display settings place wavelength increasing to the right.</disp:comment>
        <disp:horizontal_display_axis>Band</disp:horizontal_display_axis>
        <disp:horizontal_display_direction>Right</disp:horizontal_display_direction>
        <disp:vertical_display_axis>Line</disp:vertical_display_axis>
        <disp:vertical_display_direction>Down</disp:vertical_display_direction>
      </disp:Default_Display_Settings>
      
      <sp:Spectral_Characteristics>
        <sp:comment>Relevant PDS3 keywords and values were:
        
          SAMPLING_PARAMETER_INTERVAL = (2.66889, 1.00000)
          SAMPLING_PARAMETER_NAME     = ("WAVELENGTH", "SCAN")
          SAMPLING_PARAMETER_UNIT     = ("ANGSTROMS", "N/A")
          
          Referencing the documentation, I found the resolution varies from 5.3 AA to 7.7 AA.
          Below, I have set the bin width to 5.3 AA, which is incorrect.
          
          first_center_value is my best guess based on the file header.
          last_center_value is computed.
        </sp:comment>
        <sp:bin_width_desc>The spectral shape of each bin is
          Gaussian-like.  Bin width is specified as a FWHM.
        </sp:bin_width_desc>
        <sp:Local_Internal_Reference>
          <sp:local_identifier_reference>PRIMARY_IMAGE</sp:local_identifier_reference>
          <sp:local_reference_type>spectral_characteristics_to_array_object</sp:local_reference_type>
        </sp:Local_Internal_Reference>
        <sp:Axis_Uniformly_Sampled>
          <!-- Example only! Because bin_width varies, this spectrum cannot be fully described 
            with Uniformly_Sampled. If this issue is of significant concern to data providers, 
            an update can be made to future versions of this dictionary to handle this problem. -->
          <sp:sampling_parameter_type>wavelength</sp:sampling_parameter_type>
          <sp:sampling_interval unit="Angstrom">2.66889</sp:sampling_interval>
          <sp:bin_width unit="Angstrom">5.3</sp:bin_width><!-- Value actually varies from 5.3 to 7.7. -->
          <sp:first_center_value unit="Angstrom">1750.00</sp:first_center_value><!-- my best guess -->
          <sp:last_center_value unit="Angstrom">3455.42</sp:last_center_value><!-- computed -->
          <sp:Local_Internal_Reference>
            <sp:local_identifier_reference>Band</sp:local_identifier_reference>
            <sp:local_reference_type>spectral_characteristics_to_array_axis</sp:local_reference_type>
          </sp:Local_Internal_Reference>
        </sp:Axis_Uniformly_Sampled>
      </sp:Spectral_Characteristics>

    </Discipline_Area>
  </Observation_Area>
  <File_Area_Observational>
    <File>
      <file_name>lsi09136.fit</file_name>
    </File>
    <Header>
      <name>PRIMARY HEADER</name>
      <offset unit="byte">0</offset>
      <object_length unit="byte">31680</object_length>
      <parsing_standard_id>FITS 3.0</parsing_standard_id>
    </Header>
    <Array_2D_Spectrum>
      <name>spectrum</name>
      <local_identifier>PRIMARY_IMAGE</local_identifier>
      <offset unit="byte">31680</offset>
      <axes>2</axes>
      <axis_index_order>Last Index Fastest</axis_index_order>
      <description>IUE pixel values are expressed as 'flux               
       numbers' (FN), a specialized unit which is                                
       described in detail in the IUE user's                                     
       manual accompanying this data set.     
       
       SAMPLING_PARAMETER_INTERVAL = (2.66889, 1.00000)
       SAMPLING_PARAMETER_NAME     = ("WAVELENGTH", "SCAN")
       SAMPLING_PARAMETER_UNIT     = ("ANGSTROMS", "N/A")                           
      </description>
      <Element_Array>
        <data_type>SignedMSB2</data_type>
        <unit>FN</unit>
        <scaling_factor>3.1250E-02</scaling_factor>
      </Element_Array>
      <Axis_Array>
        <axis_name>Line</axis_name><!-- axis_name is unconstrained for Array_2D_Spectrum. -->
        <elements>80</elements>
        <sequence_number>1</sequence_number>
      </Axis_Array>
      <Axis_Array>
        <axis_name>Band</axis_name><!-- axis_name is unconstrained for Array_2D_Spectrum. -->
        <elements>640</elements>
        <sequence_number>2</sequence_number>
      </Axis_Array>
      <Object_Statistics>
        <maximum>442.1</maximum>
        <minimum>-48.7</minimum>
      </Object_Statistics>
    </Array_2D_Spectrum>
    <Header>
      <name>QUALITY_HEADER</name>
      <offset unit="byte">135360</offset>
      <object_length unit="byte">2880</object_length>
      <parsing_standard_id>FITS 3.0</parsing_standard_id>
    </Header>
    <Array_2D>
      <name>QUALITY_IMAGE</name>
      <offset unit="byte">138240</offset>
      <axes>2</axes>
      <axis_index_order>Last Index Fastest</axis_index_order>
      <description>
       SAMPLING_PARAMETER_INTERVAL = (2.66889, 1.00000)
       SAMPLING_PARAMETER_NAME     = ("WAVELENGTH", "SCAN")
       SAMPLING_PARAMETER_UNIT     = ("ANGSTROMS", "N/A")
      </description>      
      <Element_Array>
        <data_type>SignedMSB2</data_type>
      </Element_Array>
      <Axis_Array>
        <axis_name>Line</axis_name>
        <elements>80</elements>
        <sequence_number>1</sequence_number>
      </Axis_Array>
      <Axis_Array>
        <axis_name>Sample</axis_name>
        <elements>640</elements>
        <sequence_number>2</sequence_number>
      </Axis_Array>
    </Array_2D>
  </File_Area_Observational>
</Product_Observational>
