<?xml version="1.0" encoding="UTF-8"?>
<?xml-model 
    href="http://pds.nasa.gov/pds4/pds/v1/PDS4_PDS_1100.sch" 
    schematypens="http://purl.oclc.org/dsdl/schematron"?>
<?xml-model 
    href="http://pds.nasa.gov/pds4/sp/v1/PDS4_SP_1100.sch"
    schematypens="http://purl.oclc.org/dsdl/schematron"?>

<Product_Observational 
    xmlns="http://pds.nasa.gov/pds4/pds/v1"
    xmlns:pds="http://pds.nasa.gov/pds4/pds/v1"
    xmlns:sp="http://pds.nasa.gov/pds4/sp/v1"
    xmlns:xsi="http://www.w3.org/2001/XMLSchema-instance"
    xsi:schemaLocation="
        http://pds.nasa.gov/pds4/pds/v1
        http://pds.nasa.gov/pds4/pds/v1/PDS4_PDS_1100.xsd
        
        http://pds.nasa.gov/pds4/sp/v1
        http://pds.nasa.gov/pds4/sp/v1/PDS4_SP_1100.xsd">
        
    <Identification_Area>
        <logical_identifier>urn:nasa:pds:moon_clem_uvvis:data:ui24s003</logical_identifier>
        <version_id>1.0</version_id>
        <title>Clementine UVVIS Digital Image Model UI24S003</title>
        <information_model_version>1.1.0.0</information_model_version>
        <product_class>Product_Observational</product_class>
        <Alias_List>
            <Alias>
                <alternate_id>UI24S003</alternate_id>
                <comment>PDS3 product_id</comment>
            </Alias>
        </Alias_List>
        <Modification_History>
            <Modification_Detail>
                <modification_date>2013-08-10</modification_date>
                <version_id>1.0</version_id>
                <description>Sample data migration to test Spectra dictionary.</description>
            </Modification_Detail>
        </Modification_History>
    </Identification_Area>
    
    <Observation_Area>
        <Time_Coordinates>
            <start_date_time xsi:nil="true"/>
            <stop_date_time xsi:nil="true"/>
        </Time_Coordinates>
        <Primary_Result_Summary>
            <purpose>Science</purpose>
            <processing_level>Derived</processing_level>
            <Science_Facets>
                <wavelength_range>Ultraviolet</wavelength_range>
                <wavelength_range>Visible</wavelength_range>
                <domain>Surface</domain>
                <discipline_name>Imaging</discipline_name>
            </Science_Facets>
        </Primary_Result_Summary>
        <Investigation_Area>
            <name>Deep Space Program Science Experiment</name>
            <type>Mission</type>
            <Internal_Reference>
                <lid_reference>urn:nasa:pds:investigation.DEEP_SPACE_PROGRAM_SCIENCE_EXPERIMENT</lid_reference>
                <reference_type>data_to_investigation</reference_type>
            </Internal_Reference>
        </Investigation_Area>
        
        <Observing_System>
            <Observing_System_Component>
                <name>Clementine 1</name>
                <type>Spacecraft</type>
                <Internal_Reference>
                    <lid_reference>urn:nasa:pds:instrument_host.CLEM1</lid_reference>
                    <reference_type>is_instrument_host</reference_type>
                </Internal_Reference>
            </Observing_System_Component>
            <Observing_System_Component>
                <name>ULTRAVIOLET/VISIBLE CAMERA for CLEM1</name>
                <type>Instrument</type>
                <Internal_Reference>
                    <lid_reference>urn:nasa:pds:instrument.UVVIS__CLEM1</lid_reference>
                    <reference_type>is_instrument</reference_type>
                </Internal_Reference>
            </Observing_System_Component>
        </Observing_System>
        
        <Target_Identification>
            <name>Moon</name>
            <type>Satellite</type>
            <Internal_Reference>
                <lid_reference>urn:nasa:pds:target.MOON</lid_reference>
                <reference_type>data_to_target</reference_type>
            </Internal_Reference>
        </Target_Identification>
        
        <Discipline_Area>

<!-- Note: Cartographic class omitted for now, until that dictionary is completed. -->
            
            <sp:Spectral_Characteristics>
                <sp:bin_width_desc>TBD from C. Isbell</sp:bin_width_desc>
                <sp:Local_Internal_Reference>
                    <sp:local_identifier_reference>SPECTRAL_QUBE_OBJECT</sp:local_identifier_reference>
                    <sp:local_reference_type>spectral_characteristics_to_array_object</sp:local_reference_type> <!-- This shouldn't be valid. -->
                </sp:Local_Internal_Reference>
                <sp:Axis_Bin_Set>
                    <sp:Local_Internal_Reference>
                        <sp:local_identifier_reference>Band</sp:local_identifier_reference>
                        <sp:local_reference_type>spectral_characteristics_to_array_axis</sp:local_reference_type> <!-- This shouldn't be valid. -->
                    </sp:Local_Internal_Reference>
                    <sp:Bin>
                        <sp:bin_sequence_number>1</sp:bin_sequence_number>
                        <sp:center_value unit="nm">415.0</sp:center_value>
                        <sp:bin_width unit="nm">40.0</sp:bin_width>
                        <sp:original_bin_number>1</sp:original_bin_number>
                        <sp:Filter>
                            <sp:filter_name>A</sp:filter_name>
                        </sp:Filter>
                    </sp:Bin>
                    <sp:Bin>
                        <sp:bin_sequence_number>2</sp:bin_sequence_number>
                        <sp:center_value unit="nm">750.0</sp:center_value>
                        <sp:bin_width unit="nm">10.0</sp:bin_width>
                        <sp:original_bin_number>2</sp:original_bin_number>
                        <sp:Filter>
                            <sp:filter_name>B</sp:filter_name>
                        </sp:Filter>
                    </sp:Bin>
                    <sp:Bin>
                        <sp:bin_sequence_number>3</sp:bin_sequence_number>
                        <sp:center_value unit="nm">900.0</sp:center_value>
                        <sp:bin_width unit="nm">20.0</sp:bin_width>
                        <sp:original_bin_number>3</sp:original_bin_number>
                        <sp:Filter>
                            <sp:filter_name>C</sp:filter_name>
                        </sp:Filter>
                    </sp:Bin>
                    <sp:Bin>
                        <sp:bin_sequence_number>4</sp:bin_sequence_number>
                        <sp:center_value unit="nm">950.0</sp:center_value>
                        <sp:bin_width unit="nm">30.0</sp:bin_width>
                        <sp:original_bin_number>4</sp:original_bin_number>
                        <sp:Filter>
                            <sp:filter_name>D</sp:filter_name>
                        </sp:Filter>
                    </sp:Bin>
                    <sp:Bin>
                        <sp:bin_sequence_number>5</sp:bin_sequence_number>
                        <sp:center_value unit="nm">1000.0</sp:center_value>
                        <sp:bin_width unit="nm">30.0</sp:bin_width>
                        <sp:original_bin_number>5</sp:original_bin_number>
                        <sp:Filter>
                            <sp:filter_name>E</sp:filter_name>
                        </sp:Filter>
                    </sp:Bin>
                </sp:Axis_Bin_Set>
            </sp:Spectral_Characteristics>
        </Discipline_Area>
    </Observation_Area>
    
    <File_Area_Observational>
        <File>
            <file_name>sample_qube_5_bands.img</file_name>
            <local_identifier>DATA_FILE</local_identifier>
            <creation_date_time>2013-08-10T13:17:00Z</creation_date_time>
            <file_size unit="byte">39186708</file_size>
            <md5_checksum>59d3d9ebaf7facadcdca49884793d1ab</md5_checksum>
            <comment>This file contains a PDS3 header and a 5-banded image.</comment>
        </File>
        <Header>
            <offset unit="byte">0</offset>
            <object_length unit="byte">7368</object_length>
            <parsing_standard_id>PDS3</parsing_standard_id>
        </Header>
        <Array_3D_Spectrum>
            <local_identifier>SPECTRAL_QUBE_OBJECT</local_identifier>
            <offset unit="byte">7368</offset>
            <axes>3</axes>
            <axis_index_order>Last Index Fastest</axis_index_order>
            <Element_Array>
                <data_type>SignedMSB2</data_type>
                <scaling_factor>1.3500004E-04</scaling_factor>
                <value_offset>6.3422227E-08</value_offset>
            </Element_Array>
            <Axis_Array> <!-- Known error resulting from the Band_Bin_Set being removed from this class into Discipline_Area. -->
                <axis_name>Band</axis_name>
                <elements>5</elements>
                <sequence_number>1</sequence_number>
            </Axis_Array>
            <Axis_Array>
                <axis_name>Line</axis_name>
                <elements>2127</elements>
                <sequence_number>2</sequence_number>
            </Axis_Array>
            <Axis_Array>
                <axis_name>Sample</axis_name>
                <elements>1842</elements>
                <sequence_number>3</sequence_number>
            </Axis_Array>
            <Special_Constants>
                <missing_constant>-32768</missing_constant> <!-- PDS3 "NULL" value -->
                <high_instrument_saturation>-32765</high_instrument_saturation>
                <high_representation_saturation>-32764</high_representation_saturation>
                <valid_minimum>-32752</valid_minimum>
                <low_instrument_saturation>-32766</low_instrument_saturation>
                <low_representation_saturation>-32767</low_representation_saturation>
            </Special_Constants>
            <Object_Statistics>
                <maximum>3397</maximum>
                <minimum>606</minimum>
                <bit_mask>1111111111111111</bit_mask>
                <md5_checksum>8f0ff9e8e06555ab3641657449d8db50</md5_checksum>
                <maximum_scaled_value>4.585952E-01</maximum_scaled_value>
                <minimum_scaled_value>8.181009E-02</minimum_scaled_value>
            </Object_Statistics>
        </Array_3D_Spectrum>
    </File_Area_Observational>
</Product_Observational>