<?xml version="1.0" encoding="UTF-8"?>
<?xml-model href="http://pds.nasa.gov/pds4/pds/v1/PDS4_PDS_1000.sch"
  schematypens="http://purl.oclc.org/dsdl/schematron"?>

<Product_XML_Include
    xmlns="http://pds.nasa.gov/pds4/pds/v1"
    xmlns:pds="http://pds.nasa.gov/pds4/pds/v1"
    xmlns:xsi="http://www.w3.org/2001/XMLSchema-instance"
    xsi:schemaLocation="http://pds.nasa.gov/pds4/pds/v1
                        http://pds.nasa.gov/pds4/pds/v1/PDS4_PDS_1000.xsd">

    <Identification_Area>
        <logical_identifier>urn:nasa:pds:go_nims_earth:miscellaneous:sample_include_408</logical_identifier>
        <version_id>1.0</version_id>
        <title>PDS4 XML Include File for Galileo NIMS 408 Banded Spectral Qube</title>
        <information_model_version>1.0.0.0</information_model_version>
        <product_class>Product_XML_Include</product_class>
        <Modification_History>
            <Modification_Detail>
                <modification_date>2013-09-05</modification_date>
                <version_id>1.0</version_id>
                <description>Version 1.0 of this product was put together
                    as a proof of concept for a Product_XML_Incldue being 
                    proposed to the PDS4 DDWG.
                </description>
            </Modification_Detail>
        </Modification_History>
    </Identification_Area>

    <File_Area_XML_Include>
        <File>
            <file_name>sample_qube_408_bands_include.xml</file_name>
            <creation_date_time>2013-08-31T02:59:22Z</creation_date_time>
            <file_size unit="byte">271861</file_size>
            <md5_checksum>430b40d9c9ad599fdafcf6955f57c3f9</md5_checksum>
        </File>
        <XML_Include>
            <name>PDS4 XML Include file for Galileo NIMS Earth Mosaics</name>
            <offset unit="byte">0</offset>
            <parsing_standard_id>XML Inclusions Version 1.0</parsing_standard_id>
        </XML_Include>
    </File_Area_XML_Include>

</Product_XML_Include>
