<?xml version="1.0" encoding="UTF-8"?>
<?xml-model 
    href="http://pds.nasa.gov/pds4/pds/v1/PDS4_PDS_1100.sch" 
    schematypens="http://purl.oclc.org/dsdl/schematron"?>
<?xml-model 
    href="http://pds.nasa.gov/pds4/sp/v1/PDS4_SP_1100.sch"
    schematypens="http://purl.oclc.org/dsdl/schematron"?>

<Product_Observational 
    xmlns="http://pds.nasa.gov/pds4/pds/v1"
    xmlns:pds="http://pds.nasa.gov/pds4/pds/v1"
    xmlns:sp="http://pds.nasa.gov/pds4/sp/v1"
    xmlns:gonims="http://pds.nasa.gov/pds4/mission/gonims/v1"
    xmlns:xsi="http://www.w3.org/2001/XMLSchema-instance"
    xmlns:xi="http://www.w3.org/2001/XInclude"
    xsi:schemaLocation="
        http://pds.nasa.gov/pds4/pds/v1
        http://pds.nasa.gov/pds4/pds/v1/PDS4_PDS_1100.xsd
        
        http://pds.nasa.gov/pds4/sp/v1
        http://pds.nasa.gov/pds4/sp/v1/PDS4_SP_1100.xsd
        
        http://pds.nasa.gov/pds4/mission/gonims/v1
        http://pds.nasa.gov/pds4/mission/gonims/v1/PDS4_GONIMS_11xx.xsd">
        
    <Identification_Area>
        <logical_identifier>urn:nasa:pds:go_nims_earth:data_mosaic:e2wngmos01b_msy01</logical_identifier>
        <version_id>1.0</version_id>
        <title>Global mosaic of the Earth, second of two full scans</title>
        <information_model_version>1.1.0.0</information_model_version>
        <product_class>Product_Observational</product_class>
        <Alias_List>
            <Alias>
                <alternate_id>E2WNGMOS01B_MSY01</alternate_id>
                <comment>PDS3 product_id</comment>
            </Alias>
            <Alias>
                <alternate_id>W0449</alternate_id>
                <comment>PDS3 image_id</comment>
            </Alias>
        </Alias_List>
        <Modification_History>
            <Modification_Detail>
                <modification_date>2013-08-28</modification_date>
                <version_id>1.0</version_id>
                <description>Sample data migration to test Spectra dictionary.</description>
            </Modification_Detail>
        </Modification_History>
    </Identification_Area>
    
    <Observation_Area>
        <Time_Coordinates>
            <start_date_time>1992-12-09T02:08:45Z</start_date_time>
            <stop_date_time>1992-12-09T04:06:55Z</stop_date_time>
        </Time_Coordinates>
        <Primary_Result_Summary>
            <purpose>Science</purpose>
            <processing_level>Derived</processing_level>
            <Science_Facets>
                <wavelength_range>Ultraviolet</wavelength_range>
                <wavelength_range>Near Infrared</wavelength_range>
                <domain>Surface</domain>
                <discipline_name>Spectroscopy</discipline_name>
            </Science_Facets>
        </Primary_Result_Summary>
        <Investigation_Area>
            <name>GALILEO</name>
            <type>Mission</type>
            <Internal_Reference>
                <lid_reference>urn:nasa:pds:investigation.GALILEO</lid_reference>
                <reference_type>data_to_investigation</reference_type>
            </Internal_Reference>
        </Investigation_Area>
        
        <Observing_System>
            <Observing_System_Component>
                <name>GALILEO ORBITER</name>
                <type>Spacecraft</type>
                <Internal_Reference>
                    <lid_reference>urn:nasa:pds:instrument_host.GO</lid_reference>
                    <reference_type>is_instrument_host</reference_type>
                </Internal_Reference>
            </Observing_System_Component>
            <Observing_System_Component>
                <name>NEAR INFRARED MAPPING SPECTROMETER for GO</name>
                <type>Instrument</type>
                <Internal_Reference>
                    <lid_reference>urn:nasa:pds:instrument.NIMS__GO</lid_reference>
                    <reference_type>is_instrument</reference_type>
                </Internal_Reference>
            </Observing_System_Component>
        </Observing_System>
        
        <Target_Identification>
            <name>EARTH</name>
            <type>Planet</type>
            <Internal_Reference>
                <lid_reference>urn:nasa:pds:target.EARTH</lid_reference>
                <reference_type>data_to_target</reference_type>
            </Internal_Reference>
        </Target_Identification>
        
        <Discipline_Area>

<!-- Note: Cartographic class omitted, since the purpose of this sample label is to 
           demonstrate the use of the Spectra dictionary. -->
            
            <sp:Spectral_Characteristics>
                <sp:comment>Need to find a place for the following PDS3 keywords:
                    CORE_BELOW_THRESHOLD = -32762
                    CORE_MISSING_SENSITIVITY = -32754
                    SPATIAL_BINNING_TYPE = FOOTPRINT_AVERAGE
                    THRESHOLD_WEIGHT = 0.02500
                    FOOTPRINT_GRID_SIZE = 10
                    EXPANDED_RADIUS = 7015.95
                    DARK_UPDATE_TYPE = NOUPDAT
                    FILL_BOX_SIZE = 0
                    FILL_MIN_VALID_PIXELS = 0
                    PHOTOMETRIC_CORRECTION_TYPE = NONE
                </sp:comment>
                <sp:bin_width_desc>TBD from C. Isbell</sp:bin_width_desc>
                <sp:Local_Internal_Reference>
                    <sp:local_identifier_reference>NIMS_QUBE_CORE</sp:local_identifier_reference>
                    <sp:local_reference_type>spectral_characteristics_to_array_object</sp:local_reference_type> <!-- This shouldn't be valid. -->
                </sp:Local_Internal_Reference>
<!-- The Axis_Bin_Set class contains 408 Bin classes.  It has therefore been extracted
    into an XML include file called "sample_qube_408_band_include.xml". -->
                <xi:include href="sample_qube_408_bands_include.xml" parse="xml">
                    <xi:fallback>
                        If the include file referenced above is not immediately available, 
                        it can be downloaded from the PDS registry using the logical 
                        identifier specified in the lidvid_reference attribute below.
                        <Internal_Reference>
                            <lidvid_reference>urn:nasa:pds:go_nims_earth:miscellaneous:sample_include_408</lidvid_reference>
                            <reference_type>is_xinclude_file</reference_type>
                        </Internal_Reference>
                    </xi:fallback>
                </xi:include>
            </sp:Spectral_Characteristics>
        </Discipline_Area>
    </Observation_Area>
    
    <File_Area_Observational>
        <File>
            <file_name>sample_qube_408_bands.qub</file_name>
            <local_identifier>DATA_FILE</local_identifier>
            <creation_date_time>1996-02-02T12:58:38Z</creation_date_time>
            <file_size unit="byte">21065728</file_size>
            <md5_checksum>fe4de0563d6daa2a4d5afc90dcb8c7d1</md5_checksum>
            <comment>This file contains a PDS3 header, an ISIS history object,
                an image histogram, a "sample spectrum", a 408-banded qube, 
                and 11 suffix bands.</comment>
        </File>
        <Header>
            <name>PDS3 header</name>
            <offset unit="byte">0</offset>
            <object_length unit="byte">44032</object_length>
            <parsing_standard_id>PDS3</parsing_standard_id>
        </Header>
        
        <Header>
            <name>ISIS2 history label</name>
            <offset unit="byte">44032</offset>
            <object_length unit="byte">11776</object_length>
<!-- I'd like to change this to "ISIS2 History Label" -->
            <parsing_standard_id>ISIS2</parsing_standard_id>
        </Header>
        
        <Array_2D_Image>
            <name>2 dimensional histogram image structure</name>
            <local_identifier>HISTOGRAM_IMAGE</local_identifier>
            <offset unit="byte">55808</offset>
            <axes>2</axes>
            <axis_index_order>Last Index Fastest</axis_index_order>
            <Element_Array>
                <data_type>UnsignedByte</data_type>
            </Element_Array>
            <Axis_Array>
                <axis_name>Line</axis_name>
                <elements>256</elements>
                <sequence_number>1</sequence_number>
            </Axis_Array>
            <Axis_Array>
                <axis_name>Sample</axis_name>
                <elements>408</elements>
                <sequence_number>2</sequence_number>
            </Axis_Array>
        </Array_2D_Image>
        
        <!-- Note: No description is currently provided for the "sample_spectrum_qube", 
            since the purpose of this sample label is to demonstrate the use of the 
            Spectra dictionary.  A future version of this sample product may flesh 
            out this part of the label. -->
        
        <Array_3D_Spectrum>
            <name>Spectral Radiance Cube</name>
            <local_identifier>NIMS_QUBE_CORE</local_identifier>
            <offset unit="byte">671232</offset>
            <axes>3</axes>
            <axis_index_order>Last Index Fastest</axis_index_order>
            <Element_Array>
                <data_type>SignedLSB2</data_type>
                <!-- To convert these radiances to SI units (W/m^2/sr/uM),
                    the data in the cube must be divided by 100. -->
                <unit>uW*cm**-2*sr**-1*um**-1</unit>
                <scaling_factor>1.0</scaling_factor>
                <value_offset>0.0</value_offset>
            </Element_Array>
            <Axis_Array> <!-- Known error resulting from the Band_Bin_Set being removed from this class into Discipline_Area. -->
                <axis_name>Band</axis_name>
                <elements>408</elements>
                <sequence_number>1</sequence_number>
            </Axis_Array>
            <Axis_Array>
                <axis_name>Line</axis_name>
                <elements>153</elements>
                <sequence_number>2</sequence_number>
            </Axis_Array>
            <Axis_Array>
                <axis_name>Sample</axis_name>
                <elements>155</elements>
                <sequence_number>3</sequence_number>
            </Axis_Array>
            <Special_Constants>
                <missing_constant>-32768</missing_constant> <!-- PDS3 "NULL" value -->
                <high_instrument_saturation>-32765</high_instrument_saturation>
                <high_representation_saturation>-32764</high_representation_saturation>
                <valid_minimum>-32752</valid_minimum>
                <low_instrument_saturation>-32766</low_instrument_saturation>
                <low_representation_saturation>-32767</low_representation_saturation>
            </Special_Constants>
            <Object_Statistics>
                <maximum>3397</maximum>
                <minimum>606</minimum>
                <bit_mask>1111111111111111</bit_mask>
                <md5_checksum>8f0ff9e8e06555ab3641657449d8db50</md5_checksum>
                <maximum_scaled_value>4.585952E-01</maximum_scaled_value>
                <minimum_scaled_value>8.181009E-02</minimum_scaled_value>
            </Object_Statistics>
        </Array_3D_Spectrum>
        
        <!-- Note: No description is currently provided for the backplanes, 
            since the purpose of this sample label is to demonstrate the use of the 
            Spectra dictionary.  A future version of this sample product may flesh 
            out this part of the label. -->
        
    </File_Area_Observational>
</Product_Observational>
