[
  {
    "dataDictionary": {
      "Title": "PDS4 Data Dictionary" ,
      "IM Version": "1.17.0.0" ,
      "LDD Version": "1.0.0.0" ,
      "Date": "Mon Nov 01 15:18:18 UTC 2021" ,
      "Description": "This document is a dump of the contents of the PDS4 Data Dictionary" ,
      "namespaces": ["pds:", "nucspec:"] ,
      "classDictionary": [
        {
          "class": {
            "identifier": "0001_NASA_PDS_1.nucspec.Applicable_Records" ,
            "title": "Applicable_Records" ,
            "registrationAuthorityId": "0001_NASA_PDS_1" ,
            "nameSpaceId": "nucspec" ,
            "steward": "sbn" ,
            "versionId": "1.0.0.0" ,
            "isAbstract": "false" ,
            "isDeprecated": "false" ,
            "description": "The records to which this state applies."
              , "associationList": [
             {"association": {
                "identifier": "0001_NASA_PDS_1.nucspec.Applicable_Records.nucspec.First_Last" ,
                "title": "First_Last" ,
                "assocType": "component_of" ,
                "isAttribute": "false" ,
                "isChoice": "true" ,
                "isAny": "false" ,
                "groupName": "XSChoice#12" ,
                "minimumCardinality": "1" ,
                "maximumCardinality": "1" ,
                "classOrder": "1020" ,
                "classId": [
                  "0001_NASA_PDS_1.nucspec.First_Last",
                  "0001_NASA_PDS_1.nucspec.First_Count"
                 ]
              }
            }
           ]
          }
        }
      , {
          "class": {
            "identifier": "0001_NASA_PDS_1.nucspec.Calibration_Reference" ,
            "title": "Calibration_Reference" ,
            "registrationAuthorityId": "0001_NASA_PDS_1" ,
            "nameSpaceId": "nucspec" ,
            "steward": "sbn" ,
            "versionId": "1.0.0.0" ,
            "isAbstract": "false" ,
            "isDeprecated": "false" ,
            "description": "Contains a reference to a document that describes the energy calibration for the product."
              , "associationList": [
             {"association": {
                "identifier": "0001_NASA_PDS_1.nucspec.Calibration_Reference.pds.Internal_Reference" ,
                "title": "Internal_Reference" ,
                "assocType": "component_of" ,
                "isAttribute": "false" ,
                "isChoice": "false" ,
                "isAny": "false" ,
                "groupName": "null" ,
                "minimumCardinality": "1" ,
                "maximumCardinality": "1" ,
                "classOrder": "1010" ,
                "classId": [
                  "0001_NASA_PDS_1.pds.Internal_Reference"
                 ]
              }
            }
           ]
          }
        }
      , {
          "class": {
            "identifier": "0001_NASA_PDS_1.nucspec.Detector" ,
            "title": "Detector" ,
            "registrationAuthorityId": "0001_NASA_PDS_1" ,
            "nameSpaceId": "nucspec" ,
            "steward": "sbn" ,
            "versionId": "1.0.0.0" ,
            "isAbstract": "false" ,
            "isDeprecated": "false" ,
            "description": "Specifies a single detector which was active at the time of observation."
              , "associationList": [
             {"association": {
                "identifier": "0001_NASA_PDS_1.nucspec.Detector.nucspec.name" ,
                "title": "name" ,
                "assocType": "attribute_of" ,
                "isAttribute": "true" ,
                "isChoice": "false" ,
                "isAny": "false" ,
                "groupName": "null" ,
                "minimumCardinality": "1" ,
                "maximumCardinality": "1" ,
                "classOrder": "1010" ,
                "attributeId": [
                  "0001_NASA_PDS_1.nucspec.Detector.nucspec.name"
                 ]
              }
            }
           , {"association": {
                "identifier": "0001_NASA_PDS_1.nucspec.Detector.nucspec.description" ,
                "title": "description" ,
                "assocType": "attribute_of" ,
                "isAttribute": "true" ,
                "isChoice": "false" ,
                "isAny": "false" ,
                "groupName": "null" ,
                "minimumCardinality": "1" ,
                "maximumCardinality": "1" ,
                "classOrder": "1020" ,
                "attributeId": [
                  "0001_NASA_PDS_1.nucspec.Detector.nucspec.description"
                 ]
              }
            }
           , {"association": {
                "identifier": "0001_NASA_PDS_1.nucspec.Detector.nucspec.comment" ,
                "title": "comment" ,
                "assocType": "attribute_of" ,
                "isAttribute": "true" ,
                "isChoice": "false" ,
                "isAny": "false" ,
                "groupName": "null" ,
                "minimumCardinality": "0" ,
                "maximumCardinality": "1" ,
                "classOrder": "1030" ,
                "attributeId": [
                  "0001_NASA_PDS_1.nucspec.Detector.nucspec.comment"
                 ]
              }
            }
           ]
          }
        }
      , {
          "class": {
            "identifier": "0001_NASA_PDS_1.nucspec.Detectors" ,
            "title": "Detectors" ,
            "registrationAuthorityId": "0001_NASA_PDS_1" ,
            "nameSpaceId": "nucspec" ,
            "steward": "sbn" ,
            "versionId": "1.0.0.0" ,
            "isAbstract": "false" ,
            "isDeprecated": "false" ,
            "description": "Specifies which detectors were active on an instrument at the time of observation."
              , "associationList": [
             {"association": {
                "identifier": "0001_NASA_PDS_1.nucspec.Detectors.nucspec.Detector" ,
                "title": "Detector" ,
                "assocType": "component_of" ,
                "isAttribute": "false" ,
                "isChoice": "false" ,
                "isAny": "false" ,
                "groupName": "null" ,
                "minimumCardinality": "1" ,
                "maximumCardinality": "*" ,
                "classOrder": "1010" ,
                "classId": [
                  "0001_NASA_PDS_1.nucspec.Detector"
                 ]
              }
            }
           ]
          }
        }
      , {
          "class": {
            "identifier": "0001_NASA_PDS_1.nucspec.Energy_Calibration" ,
            "title": "Energy_Calibration" ,
            "registrationAuthorityId": "0001_NASA_PDS_1" ,
            "nameSpaceId": "nucspec" ,
            "steward": "sbn" ,
            "versionId": "1.0.0.0" ,
            "isAbstract": "false" ,
            "isDeprecated": "false" ,
            "description": "Specifies methods and data used to determine the pulse height in energy units (e.g. MeV) for each channel of a pulse height spectrum."
              , "associationList": [
             {"association": {
                "identifier": "0001_NASA_PDS_1.nucspec.Energy_Calibration.nucspec.Polynomial" ,
                "title": "Polynomial" ,
                "assocType": "component_of" ,
                "isAttribute": "false" ,
                "isChoice": "false" ,
                "isAny": "false" ,
                "groupName": "null" ,
                "minimumCardinality": "1" ,
                "maximumCardinality": "1" ,
                "classOrder": "1010" ,
                "classId": [
                  "0001_NASA_PDS_1.nucspec.Polynomial"
                 ]
              }
            }
           , {"association": {
                "identifier": "0001_NASA_PDS_1.nucspec.Energy_Calibration.nucspec.Calibration_Reference" ,
                "title": "Calibration_Reference" ,
                "assocType": "component_of" ,
                "isAttribute": "false" ,
                "isChoice": "false" ,
                "isAny": "false" ,
                "groupName": "null" ,
                "minimumCardinality": "0" ,
                "maximumCardinality": "*" ,
                "classOrder": "1020" ,
                "classId": [
                  "0001_NASA_PDS_1.nucspec.Calibration_Reference"
                 ]
              }
            }
           ]
          }
        }
      , {
          "class": {
            "identifier": "0001_NASA_PDS_1.nucspec.First_Count" ,
            "title": "First_Count" ,
            "registrationAuthorityId": "0001_NASA_PDS_1" ,
            "nameSpaceId": "nucspec" ,
            "steward": "sbn" ,
            "versionId": "1.0.0.0" ,
            "isAbstract": "false" ,
            "isDeprecated": "false" ,
            "description": "Defines the records to which this state applies by identifying the first record (inclusive), and the number of contiguous records, including the first."
              , "associationList": [
             {"association": {
                "identifier": "0001_NASA_PDS_1.nucspec.First_Count.nucspec.first_record" ,
                "title": "first_record" ,
                "assocType": "attribute_of" ,
                "isAttribute": "true" ,
                "isChoice": "false" ,
                "isAny": "false" ,
                "groupName": "null" ,
                "minimumCardinality": "1" ,
                "maximumCardinality": "1" ,
                "classOrder": "1010" ,
                "attributeId": [
                  "0001_NASA_PDS_1.nucspec.First_Count.nucspec.first_record"
                 ]
              }
            }
           , {"association": {
                "identifier": "0001_NASA_PDS_1.nucspec.First_Count.nucspec.record_count" ,
                "title": "record_count" ,
                "assocType": "attribute_of" ,
                "isAttribute": "true" ,
                "isChoice": "false" ,
                "isAny": "false" ,
                "groupName": "null" ,
                "minimumCardinality": "1" ,
                "maximumCardinality": "1" ,
                "classOrder": "1020" ,
                "attributeId": [
                  "0001_NASA_PDS_1.nucspec.First_Count.nucspec.record_count"
                 ]
              }
            }
           ]
          }
        }
      , {
          "class": {
            "identifier": "0001_NASA_PDS_1.nucspec.First_Last" ,
            "title": "First_Last" ,
            "registrationAuthorityId": "0001_NASA_PDS_1" ,
            "nameSpaceId": "nucspec" ,
            "steward": "sbn" ,
            "versionId": "1.0.0.0" ,
            "isAbstract": "false" ,
            "isDeprecated": "false" ,
            "description": "Defines the first and last records for which this state applies. The record numbers are one-based and inclusive."
              , "associationList": [
             {"association": {
                "identifier": "0001_NASA_PDS_1.nucspec.First_Last.nucspec.first_record" ,
                "title": "first_record" ,
                "assocType": "attribute_of" ,
                "isAttribute": "true" ,
                "isChoice": "false" ,
                "isAny": "false" ,
                "groupName": "null" ,
                "minimumCardinality": "1" ,
                "maximumCardinality": "1" ,
                "classOrder": "1010" ,
                "attributeId": [
                  "0001_NASA_PDS_1.nucspec.First_Last.nucspec.first_record"
                 ]
              }
            }
           , {"association": {
                "identifier": "0001_NASA_PDS_1.nucspec.First_Last.nucspec.last_record" ,
                "title": "last_record" ,
                "assocType": "attribute_of" ,
                "isAttribute": "true" ,
                "isChoice": "false" ,
                "isAny": "false" ,
                "groupName": "null" ,
                "minimumCardinality": "1" ,
                "maximumCardinality": "1" ,
                "classOrder": "1020" ,
                "attributeId": [
                  "0001_NASA_PDS_1.nucspec.First_Last.nucspec.last_record"
                 ]
              }
            }
           ]
          }
        }
      , {
          "class": {
            "identifier": "0001_NASA_PDS_1.nucspec.Instrument_Settings" ,
            "title": "Instrument_Settings" ,
            "registrationAuthorityId": "0001_NASA_PDS_1" ,
            "nameSpaceId": "nucspec" ,
            "steward": "sbn" ,
            "versionId": "1.0.0.0" ,
            "isAbstract": "false" ,
            "isDeprecated": "false" ,
            "description": "This class specifies instrument settings. Instrument settings may be driven via a state table, which may be associated with specific observations within the data product, either by directly indicating those records, or indicating the observation times at which certain states apply."
              , "associationList": [
             {"association": {
                "identifier": "0001_NASA_PDS_1.nucspec.Instrument_Settings.nucspec.State_Table" ,
                "title": "State_Table" ,
                "assocType": "component_of" ,
                "isAttribute": "false" ,
                "isChoice": "false" ,
                "isAny": "false" ,
                "groupName": "null" ,
                "minimumCardinality": "1" ,
                "maximumCardinality": "*" ,
                "classOrder": "1010" ,
                "classId": [
                  "0001_NASA_PDS_1.nucspec.State_Table"
                 ]
              }
            }
           ]
          }
        }
      , {
          "class": {
            "identifier": "0001_NASA_PDS_1.nucspec.NucSpec_Observation_Properties" ,
            "title": "NucSpec_Observation_Properties" ,
            "registrationAuthorityId": "0001_NASA_PDS_1" ,
            "nameSpaceId": "nucspec" ,
            "steward": "sbn" ,
            "versionId": "1.0.0.0" ,
            "isAbstract": "false" ,
            "isDeprecated": "false" ,
            "description": "This class specifies properties pertaining to a nuclear spectroscopy observation."
              , "associationList": [
             {"association": {
                "identifier": "0001_NASA_PDS_1.nucspec.NucSpec_Observation_Properties.nucspec.Energy_Calibration" ,
                "title": "Energy_Calibration" ,
                "assocType": "component_of" ,
                "isAttribute": "false" ,
                "isChoice": "false" ,
                "isAny": "false" ,
                "groupName": "null" ,
                "minimumCardinality": "0" ,
                "maximumCardinality": "1" ,
                "classOrder": "1010" ,
                "classId": [
                  "0001_NASA_PDS_1.nucspec.Energy_Calibration"
                 ]
              }
            }
           , {"association": {
                "identifier": "0001_NASA_PDS_1.nucspec.NucSpec_Observation_Properties.nucspec.Instrument_Settings" ,
                "title": "Instrument_Settings" ,
                "assocType": "component_of" ,
                "isAttribute": "false" ,
                "isChoice": "false" ,
                "isAny": "false" ,
                "groupName": "null" ,
                "minimumCardinality": "0" ,
                "maximumCardinality": "1" ,
                "classOrder": "1020" ,
                "classId": [
                  "0001_NASA_PDS_1.nucspec.Instrument_Settings"
                 ]
              }
            }
           , {"association": {
                "identifier": "0001_NASA_PDS_1.nucspec.NucSpec_Observation_Properties.nucspec.Detectors" ,
                "title": "Detectors" ,
                "assocType": "component_of" ,
                "isAttribute": "false" ,
                "isChoice": "false" ,
                "isAny": "false" ,
                "groupName": "null" ,
                "minimumCardinality": "0" ,
                "maximumCardinality": "1" ,
                "classOrder": "1030" ,
                "classId": [
                  "0001_NASA_PDS_1.nucspec.Detectors"
                 ]
              }
            }
           , {"association": {
                "identifier": "0001_NASA_PDS_1.nucspec.NucSpec_Observation_Properties.nucspec.Observing_Conditions" ,
                "title": "Observing_Conditions" ,
                "assocType": "component_of" ,
                "isAttribute": "false" ,
                "isChoice": "false" ,
                "isAny": "false" ,
                "groupName": "null" ,
                "minimumCardinality": "0" ,
                "maximumCardinality": "*" ,
                "classOrder": "1040" ,
                "classId": [
                  "0001_NASA_PDS_1.nucspec.Observing_Conditions"
                 ]
              }
            }
           ]
          }
        }
      , {
          "class": {
            "identifier": "0001_NASA_PDS_1.nucspec.Observing_Condition" ,
            "title": "Observing_Condition" ,
            "registrationAuthorityId": "0001_NASA_PDS_1" ,
            "nameSpaceId": "nucspec" ,
            "steward": "sbn" ,
            "versionId": "1.0.0.0" ,
            "isAbstract": "false" ,
            "isDeprecated": "false" ,
            "description": "Describes the times that the activity affecting nuclear spectroscopy observations was in effect, along with the sources of the activity, if applicable."
              , "associationList": [
             {"association": {
                "identifier": "0001_NASA_PDS_1.nucspec.Observing_Condition.nucspec.condition_active" ,
                "title": "condition_active" ,
                "assocType": "attribute_of" ,
                "isAttribute": "true" ,
                "isChoice": "true" ,
                "isAny": "false" ,
                "groupName": "XSChoice#14" ,
                "minimumCardinality": "1" ,
                "maximumCardinality": "1" ,
                "classOrder": "1020" ,
                "attributeId": [
                  "0001_NASA_PDS_1.nucspec.Observing_Condition.nucspec.condition_active",
                  "0001_NASA_PDS_1.nucspec.Observing_Condition.nucspec.condition_source"
                 ]
              }
            }
           , {"association": {
                "identifier": "0001_NASA_PDS_1.nucspec.Observing_Condition.nucspec.comment" ,
                "title": "comment" ,
                "assocType": "attribute_of" ,
                "isAttribute": "true" ,
                "isChoice": "false" ,
                "isAny": "false" ,
                "groupName": "null" ,
                "minimumCardinality": "0" ,
                "maximumCardinality": "1" ,
                "classOrder": "1040" ,
                "attributeId": [
                  "0001_NASA_PDS_1.nucspec.Observing_Condition.nucspec.comment"
                 ]
              }
            }
           , {"association": {
                "identifier": "0001_NASA_PDS_1.nucspec.Observing_Condition.nucspec.Time_Range_UTC" ,
                "title": "Time_Range_UTC" ,
                "assocType": "component_of" ,
                "isAttribute": "false" ,
                "isChoice": "true" ,
                "isAny": "false" ,
                "groupName": "XSChoice#15" ,
                "minimumCardinality": "1" ,
                "maximumCardinality": "1" ,
                "classOrder": "1060" ,
                "classId": [
                  "0001_NASA_PDS_1.nucspec.Time_Range_UTC",
                  "0001_NASA_PDS_1.nucspec.Time_Range_ET",
                  "0001_NASA_PDS_1.nucspec.Time_Range_SCLK"
                 ]
              }
            }
           ]
          }
        }
      , {
          "class": {
            "identifier": "0001_NASA_PDS_1.nucspec.Observing_Conditions" ,
            "title": "Observing_Conditions" ,
            "registrationAuthorityId": "0001_NASA_PDS_1" ,
            "nameSpaceId": "nucspec" ,
            "steward": "sbn" ,
            "versionId": "1.0.0.0" ,
            "isAbstract": "false" ,
            "isDeprecated": "false" ,
            "description": "Describes activity that may affect nuclear spectroscopy observations."
              , "associationList": [
             {"association": {
                "identifier": "0001_NASA_PDS_1.nucspec.Observing_Conditions.nucspec.condition_type" ,
                "title": "condition_type" ,
                "assocType": "attribute_of" ,
                "isAttribute": "true" ,
                "isChoice": "false" ,
                "isAny": "false" ,
                "groupName": "null" ,
                "minimumCardinality": "1" ,
                "maximumCardinality": "1" ,
                "classOrder": "1010" ,
                "attributeId": [
                  "0001_NASA_PDS_1.nucspec.Observing_Conditions.nucspec.condition_type"
                 ]
              }
            }
           , {"association": {
                "identifier": "0001_NASA_PDS_1.nucspec.Observing_Conditions.nucspec.Observing_Condition" ,
                "title": "Observing_Condition" ,
                "assocType": "component_of" ,
                "isAttribute": "false" ,
                "isChoice": "false" ,
                "isAny": "false" ,
                "groupName": "null" ,
                "minimumCardinality": "1" ,
                "maximumCardinality": "*" ,
                "classOrder": "1020" ,
                "classId": [
                  "0001_NASA_PDS_1.nucspec.Observing_Condition"
                 ]
              }
            }
           ]
          }
        }
      , {
          "class": {
            "identifier": "0001_NASA_PDS_1.nucspec.Polynomial" ,
            "title": "Polynomial" ,
            "registrationAuthorityId": "0001_NASA_PDS_1" ,
            "nameSpaceId": "nucspec" ,
            "steward": "sbn" ,
            "versionId": "1.0.0.0" ,
            "isAbstract": "false" ,
            "isDeprecated": "false" ,
            "description": "The pulse height in energy units (e.g. MeV) is determined for a given channel number using the polynomial: H(x) = a0 + a1 x + a2 x^2 + ..., where H is pulse height with energy units and x is channel number."
              , "associationList": [
             {"association": {
                "identifier": "0001_NASA_PDS_1.nucspec.Polynomial.nucspec.Polynomial_Term" ,
                "title": "Polynomial_Term" ,
                "assocType": "component_of" ,
                "isAttribute": "false" ,
                "isChoice": "false" ,
                "isAny": "false" ,
                "groupName": "null" ,
                "minimumCardinality": "1" ,
                "maximumCardinality": "*" ,
                "classOrder": "1010" ,
                "classId": [
                  "0001_NASA_PDS_1.nucspec.Polynomial_Term"
                 ]
              }
            }
           ]
          }
        }
      , {
          "class": {
            "identifier": "0001_NASA_PDS_1.nucspec.Polynomial_Term" ,
            "title": "Polynomial_Term" ,
            "registrationAuthorityId": "0001_NASA_PDS_1" ,
            "nameSpaceId": "nucspec" ,
            "steward": "sbn" ,
            "versionId": "1.0.0.0" ,
            "isAbstract": "false" ,
            "isDeprecated": "false" ,
            "description": "Describes a single term in the polynomial function."
              , "associationList": [
             {"association": {
                "identifier": "0001_NASA_PDS_1.nucspec.Polynomial_Term.nucspec.order" ,
                "title": "order" ,
                "assocType": "attribute_of" ,
                "isAttribute": "true" ,
                "isChoice": "false" ,
                "isAny": "false" ,
                "groupName": "null" ,
                "minimumCardinality": "1" ,
                "maximumCardinality": "1" ,
                "classOrder": "1010" ,
                "attributeId": [
                  "0001_NASA_PDS_1.nucspec.Polynomial_Term.nucspec.order"
                 ]
              }
            }
           , {"association": {
                "identifier": "0001_NASA_PDS_1.nucspec.Polynomial_Term.nucspec.coefficient" ,
                "title": "coefficient" ,
                "assocType": "attribute_of" ,
                "isAttribute": "true" ,
                "isChoice": "false" ,
                "isAny": "false" ,
                "groupName": "null" ,
                "minimumCardinality": "1" ,
                "maximumCardinality": "1" ,
                "classOrder": "1020" ,
                "attributeId": [
                  "0001_NASA_PDS_1.nucspec.Polynomial_Term.nucspec.coefficient"
                 ]
              }
            }
           ]
          }
        }
      , {
          "class": {
            "identifier": "0001_NASA_PDS_1.nucspec.State_Table" ,
            "title": "State_Table" ,
            "registrationAuthorityId": "0001_NASA_PDS_1" ,
            "nameSpaceId": "nucspec" ,
            "steward": "sbn" ,
            "versionId": "1.0.0.0" ,
            "isAbstract": "false" ,
            "isDeprecated": "false" ,
            "description": "Specifies an additional look-up table that provides additional information about specific observations within the product."
              , "associationList": [
             {"association": {
                "identifier": "0001_NASA_PDS_1.nucspec.State_Table.pds.Internal_Reference" ,
                "title": "Internal_Reference" ,
                "assocType": "component_of" ,
                "isAttribute": "false" ,
                "isChoice": "false" ,
                "isAny": "false" ,
                "groupName": "null" ,
                "minimumCardinality": "1" ,
                "maximumCardinality": "1" ,
                "classOrder": "1010" ,
                "classId": [
                  "0001_NASA_PDS_1.pds.Internal_Reference"
                 ]
              }
            }
           , {"association": {
                "identifier": "0001_NASA_PDS_1.nucspec.State_Table.pds.Local_Internal_Reference" ,
                "title": "Local_Internal_Reference" ,
                "assocType": "component_of" ,
                "isAttribute": "false" ,
                "isChoice": "false" ,
                "isAny": "false" ,
                "groupName": "null" ,
                "minimumCardinality": "1" ,
                "maximumCardinality": "1" ,
                "classOrder": "1020" ,
                "classId": [
                  "0001_NASA_PDS_1.pds.Local_Internal_Reference"
                 ]
              }
            }
           , {"association": {
                "identifier": "0001_NASA_PDS_1.nucspec.State_Table.nucspec.State_Table_Entry" ,
                "title": "State_Table_Entry" ,
                "assocType": "component_of" ,
                "isAttribute": "false" ,
                "isChoice": "false" ,
                "isAny": "false" ,
                "groupName": "null" ,
                "minimumCardinality": "1" ,
                "maximumCardinality": "*" ,
                "classOrder": "1030" ,
                "classId": [
                  "0001_NASA_PDS_1.nucspec.State_Table_Entry"
                 ]
              }
            }
           ]
          }
        }
      , {
          "class": {
            "identifier": "0001_NASA_PDS_1.nucspec.State_Table_Entry" ,
            "title": "State_Table_Entry" ,
            "registrationAuthorityId": "0001_NASA_PDS_1" ,
            "nameSpaceId": "nucspec" ,
            "steward": "sbn" ,
            "versionId": "1.0.0.0" ,
            "isAbstract": "false" ,
            "isDeprecated": "false" ,
            "description": "Associates individual observations in the data product with a record in the state table, providing additonal information on those observations."
              , "associationList": [
             {"association": {
                "identifier": "0001_NASA_PDS_1.nucspec.State_Table_Entry.nucspec.state_index" ,
                "title": "state_index" ,
                "assocType": "attribute_of" ,
                "isAttribute": "true" ,
                "isChoice": "false" ,
                "isAny": "false" ,
                "groupName": "null" ,
                "minimumCardinality": "1" ,
                "maximumCardinality": "1" ,
                "classOrder": "1010" ,
                "attributeId": [
                  "0001_NASA_PDS_1.nucspec.State_Table_Entry.nucspec.state_index"
                 ]
              }
            }
           , {"association": {
                "identifier": "0001_NASA_PDS_1.nucspec.State_Table_Entry.nucspec.comment" ,
                "title": "comment" ,
                "assocType": "attribute_of" ,
                "isAttribute": "true" ,
                "isChoice": "false" ,
                "isAny": "false" ,
                "groupName": "null" ,
                "minimumCardinality": "0" ,
                "maximumCardinality": "1" ,
                "classOrder": "1020" ,
                "attributeId": [
                  "0001_NASA_PDS_1.nucspec.State_Table_Entry.nucspec.comment"
                 ]
              }
            }
           , {"association": {
                "identifier": "0001_NASA_PDS_1.nucspec.State_Table_Entry.nucspec.Applicable_Records" ,
                "title": "Applicable_Records" ,
                "assocType": "component_of" ,
                "isAttribute": "false" ,
                "isChoice": "true" ,
                "isAny": "false" ,
                "groupName": "XSChoice#11" ,
                "minimumCardinality": "1" ,
                "maximumCardinality": "1" ,
                "classOrder": "1040" ,
                "classId": [
                  "0001_NASA_PDS_1.nucspec.Applicable_Records",
                  "0001_NASA_PDS_1.nucspec.State_Time"
                 ]
              }
            }
           ]
          }
        }
      , {
          "class": {
            "identifier": "0001_NASA_PDS_1.nucspec.State_Time" ,
            "title": "State_Time" ,
            "registrationAuthorityId": "0001_NASA_PDS_1" ,
            "nameSpaceId": "nucspec" ,
            "steward": "sbn" ,
            "versionId": "1.0.0.0" ,
            "isAbstract": "false" ,
            "isDeprecated": "false" ,
            "description": "The time during which this state was applicable. The state table entry is applicable to records in the referenced data table if the time of the data record, as given by state_time_field_name, is between the start time and stop time given in State_Time."
              , "associationList": [
             {"association": {
                "identifier": "0001_NASA_PDS_1.nucspec.State_Time.nucspec.state_time_field_name" ,
                "title": "state_time_field_name" ,
                "assocType": "attribute_of" ,
                "isAttribute": "true" ,
                "isChoice": "false" ,
                "isAny": "false" ,
                "groupName": "null" ,
                "minimumCardinality": "1" ,
                "maximumCardinality": "1" ,
                "classOrder": "1010" ,
                "attributeId": [
                  "0001_NASA_PDS_1.nucspec.State_Time.nucspec.state_time_field_name"
                 ]
              }
            }
           , {"association": {
                "identifier": "0001_NASA_PDS_1.nucspec.State_Time.nucspec.Time_Range_ET" ,
                "title": "Time_Range_ET" ,
                "assocType": "component_of" ,
                "isAttribute": "false" ,
                "isChoice": "true" ,
                "isAny": "false" ,
                "groupName": "XSChoice#13" ,
                "minimumCardinality": "1" ,
                "maximumCardinality": "1" ,
                "classOrder": "1030" ,
                "classId": [
                  "0001_NASA_PDS_1.nucspec.Time_Range_ET",
                  "0001_NASA_PDS_1.nucspec.Time_Range_SCLK",
                  "0001_NASA_PDS_1.nucspec.Time_Range_UTC"
                 ]
              }
            }
           ]
          }
        }
      , {
          "class": {
            "identifier": "0001_NASA_PDS_1.nucspec.Time_Range_ET" ,
            "title": "Time_Range_ET" ,
            "registrationAuthorityId": "0001_NASA_PDS_1" ,
            "nameSpaceId": "nucspec" ,
            "steward": "sbn" ,
            "versionId": "1.0.0.0" ,
            "isAbstract": "false" ,
            "isDeprecated": "false" ,
            "description": "Ephemeris time, as defined by the referenced field, for the first and last science data records for a temporally contiguous block of records with the same state or affected by the same conditions. These records need not be contiguous within the file, but there must be no records with a different state between the start and stop time."
              , "associationList": [
             {"association": {
                "identifier": "0001_NASA_PDS_1.nucspec.Time_Range_ET.nucspec.et_start" ,
                "title": "et_start" ,
                "assocType": "attribute_of" ,
                "isAttribute": "true" ,
                "isChoice": "false" ,
                "isAny": "false" ,
                "groupName": "null" ,
                "minimumCardinality": "1" ,
                "maximumCardinality": "1" ,
                "classOrder": "1010" ,
                "attributeId": [
                  "0001_NASA_PDS_1.nucspec.Time_Range_ET.nucspec.et_start"
                 ]
              }
            }
           , {"association": {
                "identifier": "0001_NASA_PDS_1.nucspec.Time_Range_ET.nucspec.et_stop" ,
                "title": "et_stop" ,
                "assocType": "attribute_of" ,
                "isAttribute": "true" ,
                "isChoice": "false" ,
                "isAny": "false" ,
                "groupName": "null" ,
                "minimumCardinality": "1" ,
                "maximumCardinality": "1" ,
                "classOrder": "1020" ,
                "attributeId": [
                  "0001_NASA_PDS_1.nucspec.Time_Range_ET.nucspec.et_stop"
                 ]
              }
            }
           ]
          }
        }
      , {
          "class": {
            "identifier": "0001_NASA_PDS_1.nucspec.Time_Range_SCLK" ,
            "title": "Time_Range_SCLK" ,
            "registrationAuthorityId": "0001_NASA_PDS_1" ,
            "nameSpaceId": "nucspec" ,
            "steward": "sbn" ,
            "versionId": "1.0.0.0" ,
            "isAbstract": "false" ,
            "isDeprecated": "false" ,
            "description": "Spacecraft clock time in ticks since spacecraft clock start for the first and last science data records for a temporally contiguous block of records with the same state or affected by the same conditions. These records need not be contiguous within the file, but there must be no records with a different state between the start and stop time."
              , "associationList": [
             {"association": {
                "identifier": "0001_NASA_PDS_1.nucspec.Time_Range_SCLK.nucspec.sclk_start_time" ,
                "title": "sclk_start_time" ,
                "assocType": "attribute_of" ,
                "isAttribute": "true" ,
                "isChoice": "false" ,
                "isAny": "false" ,
                "groupName": "null" ,
                "minimumCardinality": "1" ,
                "maximumCardinality": "1" ,
                "classOrder": "1010" ,
                "attributeId": [
                  "0001_NASA_PDS_1.nucspec.Time_Range_SCLK.nucspec.sclk_start_time"
                 ]
              }
            }
           , {"association": {
                "identifier": "0001_NASA_PDS_1.nucspec.Time_Range_SCLK.nucspec.sclk_stop_time" ,
                "title": "sclk_stop_time" ,
                "assocType": "attribute_of" ,
                "isAttribute": "true" ,
                "isChoice": "false" ,
                "isAny": "false" ,
                "groupName": "null" ,
                "minimumCardinality": "1" ,
                "maximumCardinality": "1" ,
                "classOrder": "1020" ,
                "attributeId": [
                  "0001_NASA_PDS_1.nucspec.Time_Range_SCLK.nucspec.sclk_stop_time"
                 ]
              }
            }
           ]
          }
        }
      , {
          "class": {
            "identifier": "0001_NASA_PDS_1.nucspec.Time_Range_UTC" ,
            "title": "Time_Range_UTC" ,
            "registrationAuthorityId": "0001_NASA_PDS_1" ,
            "nameSpaceId": "nucspec" ,
            "steward": "sbn" ,
            "versionId": "1.0.0.0" ,
            "isAbstract": "false" ,
            "isDeprecated": "false" ,
            "description": "Universal Coordinated Time for the first and last science data records for a temporally contiguous block of records with the same state or affected by the same conditions. These records need not be contiguous within the file, but there must be no records with a different state between the start and stop time."
              , "associationList": [
             {"association": {
                "identifier": "0001_NASA_PDS_1.nucspec.Time_Range_UTC.nucspec.utc_start_time" ,
                "title": "utc_start_time" ,
                "assocType": "attribute_of" ,
                "isAttribute": "true" ,
                "isChoice": "false" ,
                "isAny": "false" ,
                "groupName": "null" ,
                "minimumCardinality": "1" ,
                "maximumCardinality": "1" ,
                "classOrder": "1010" ,
                "attributeId": [
                  "0001_NASA_PDS_1.nucspec.Time_Range_UTC.nucspec.utc_start_time"
                 ]
              }
            }
           , {"association": {
                "identifier": "0001_NASA_PDS_1.nucspec.Time_Range_UTC.nucspec.utc_stop_time" ,
                "title": "utc_stop_time" ,
                "assocType": "attribute_of" ,
                "isAttribute": "true" ,
                "isChoice": "false" ,
                "isAny": "false" ,
                "groupName": "null" ,
                "minimumCardinality": "1" ,
                "maximumCardinality": "1" ,
                "classOrder": "1020" ,
                "attributeId": [
                  "0001_NASA_PDS_1.nucspec.Time_Range_UTC.nucspec.utc_stop_time"
                 ]
              }
            }
           ]
          }
        }
      ]
    , "attributeDictionary": [
        {
          "attribute": {
            "identifier": "0001_NASA_PDS_1.nucspec.Detector.nucspec.comment" ,
            "title": "comment" ,
            "registrationAuthorityId": "0001_NASA_PDS_1" ,
            "nameSpaceId": "nucspec" ,
            "steward": "sbn" ,
            "versionId": "1.17" ,
            "description": "Any notes about the state at the time of observation." ,
            "isNillable": "false" ,
            "isEnumerated": "false" ,
            "isDeprecated": "false" ,
            "dataType": "UTF8_Text_Preserved" ,
            "dataTypeId": "0001_NASA_PDS_1.pds.UTF8_Text_Preserved" ,
            "minimumCharacters": "1" ,
            "maximumCharacters": "Unbounded" ,
            "minimumValue": "Unbounded" ,
            "maximumValue": "Unbounded" ,
            "pattern": "null" ,
            "unitOfMeasure": "null" ,
            "unitOfMeasureId": "null" ,
            "unitId": "null" ,
            "defaultUnitId": "null"
          }
        }
      , {
          "attribute": {
            "identifier": "0001_NASA_PDS_1.nucspec.Detector.nucspec.description" ,
            "title": "description" ,
            "registrationAuthorityId": "0001_NASA_PDS_1" ,
            "nameSpaceId": "nucspec" ,
            "steward": "sbn" ,
            "versionId": "1.17" ,
            "description": "A description for the detector." ,
            "isNillable": "false" ,
            "isEnumerated": "false" ,
            "isDeprecated": "false" ,
            "dataType": "UTF8_Text_Preserved" ,
            "dataTypeId": "0001_NASA_PDS_1.pds.UTF8_Text_Preserved" ,
            "minimumCharacters": "1" ,
            "maximumCharacters": "Unbounded" ,
            "minimumValue": "Unbounded" ,
            "maximumValue": "Unbounded" ,
            "pattern": "null" ,
            "unitOfMeasure": "null" ,
            "unitOfMeasureId": "null" ,
            "unitId": "null" ,
            "defaultUnitId": "null"
          }
        }
      , {
          "attribute": {
            "identifier": "0001_NASA_PDS_1.nucspec.Detector.nucspec.name" ,
            "title": "name" ,
            "registrationAuthorityId": "0001_NASA_PDS_1" ,
            "nameSpaceId": "nucspec" ,
            "steward": "sbn" ,
            "versionId": "1.17" ,
            "description": "The name of the detector." ,
            "isNillable": "false" ,
            "isEnumerated": "false" ,
            "isDeprecated": "false" ,
            "dataType": "UTF8_Short_String_Collapsed" ,
            "dataTypeId": "0001_NASA_PDS_1.pds.UTF8_Short_String_Collapsed" ,
            "minimumCharacters": "1" ,
            "maximumCharacters": "255" ,
            "minimumValue": "Unbounded" ,
            "maximumValue": "Unbounded" ,
            "pattern": "null" ,
            "unitOfMeasure": "null" ,
            "unitOfMeasureId": "null" ,
            "unitId": "null" ,
            "defaultUnitId": "null"
          }
        }
      , {
          "attribute": {
            "identifier": "0001_NASA_PDS_1.nucspec.First_Count.nucspec.first_record" ,
            "title": "first_record" ,
            "registrationAuthorityId": "0001_NASA_PDS_1" ,
            "nameSpaceId": "nucspec" ,
            "steward": "sbn" ,
            "versionId": "1.17" ,
            "description": "The first record for which the state applies, inclusive." ,
            "isNillable": "false" ,
            "isEnumerated": "false" ,
            "isDeprecated": "false" ,
            "dataType": "ASCII_Integer" ,
            "dataTypeId": "0001_NASA_PDS_1.pds.ASCII_Integer" ,
            "minimumCharacters": "Unbounded" ,
            "maximumCharacters": "Unbounded" ,
            "minimumValue": "1" ,
            "maximumValue": "9223372036854775807" ,
            "pattern": "null" ,
            "unitOfMeasure": "null" ,
            "unitOfMeasureId": "null" ,
            "unitId": "null" ,
            "defaultUnitId": "null"
          }
        }
      , {
          "attribute": {
            "identifier": "0001_NASA_PDS_1.nucspec.First_Count.nucspec.record_count" ,
            "title": "record_count" ,
            "registrationAuthorityId": "0001_NASA_PDS_1" ,
            "nameSpaceId": "nucspec" ,
            "steward": "sbn" ,
            "versionId": "1.17" ,
            "description": "The number of consecutive records, including the first, for which this state applies." ,
            "isNillable": "false" ,
            "isEnumerated": "false" ,
            "isDeprecated": "false" ,
            "dataType": "ASCII_Integer" ,
            "dataTypeId": "0001_NASA_PDS_1.pds.ASCII_Integer" ,
            "minimumCharacters": "Unbounded" ,
            "maximumCharacters": "Unbounded" ,
            "minimumValue": "1" ,
            "maximumValue": "9223372036854775807" ,
            "pattern": "null" ,
            "unitOfMeasure": "null" ,
            "unitOfMeasureId": "null" ,
            "unitId": "null" ,
            "defaultUnitId": "null"
          }
        }
      , {
          "attribute": {
            "identifier": "0001_NASA_PDS_1.nucspec.First_Last.nucspec.first_record" ,
            "title": "first_record" ,
            "registrationAuthorityId": "0001_NASA_PDS_1" ,
            "nameSpaceId": "nucspec" ,
            "steward": "sbn" ,
            "versionId": "1.17" ,
            "description": "The first record for which the state applies, inclusive." ,
            "isNillable": "false" ,
            "isEnumerated": "false" ,
            "isDeprecated": "false" ,
            "dataType": "ASCII_Integer" ,
            "dataTypeId": "0001_NASA_PDS_1.pds.ASCII_Integer" ,
            "minimumCharacters": "Unbounded" ,
            "maximumCharacters": "Unbounded" ,
            "minimumValue": "1" ,
            "maximumValue": "9223372036854775807" ,
            "pattern": "null" ,
            "unitOfMeasure": "null" ,
            "unitOfMeasureId": "null" ,
            "unitId": "null" ,
            "defaultUnitId": "null"
          }
        }
      , {
          "attribute": {
            "identifier": "0001_NASA_PDS_1.nucspec.First_Last.nucspec.last_record" ,
            "title": "last_record" ,
            "registrationAuthorityId": "0001_NASA_PDS_1" ,
            "nameSpaceId": "nucspec" ,
            "steward": "sbn" ,
            "versionId": "1.17" ,
            "description": "The last record for which this state applies, inclusive." ,
            "isNillable": "false" ,
            "isEnumerated": "false" ,
            "isDeprecated": "false" ,
            "dataType": "ASCII_Integer" ,
            "dataTypeId": "0001_NASA_PDS_1.pds.ASCII_Integer" ,
            "minimumCharacters": "Unbounded" ,
            "maximumCharacters": "Unbounded" ,
            "minimumValue": "1" ,
            "maximumValue": "9223372036854775807" ,
            "pattern": "null" ,
            "unitOfMeasure": "null" ,
            "unitOfMeasureId": "null" ,
            "unitId": "null" ,
            "defaultUnitId": "null"
          }
        }
      , {
          "attribute": {
            "identifier": "0001_NASA_PDS_1.nucspec.Observing_Condition.nucspec.comment" ,
            "title": "comment" ,
            "registrationAuthorityId": "0001_NASA_PDS_1" ,
            "nameSpaceId": "nucspec" ,
            "steward": "sbn" ,
            "versionId": "1.17" ,
            "description": "Any notes about the state at the time of observation." ,
            "isNillable": "false" ,
            "isEnumerated": "false" ,
            "isDeprecated": "false" ,
            "dataType": "UTF8_Text_Preserved" ,
            "dataTypeId": "0001_NASA_PDS_1.pds.UTF8_Text_Preserved" ,
            "minimumCharacters": "1" ,
            "maximumCharacters": "Unbounded" ,
            "minimumValue": "Unbounded" ,
            "maximumValue": "Unbounded" ,
            "pattern": "null" ,
            "unitOfMeasure": "null" ,
            "unitOfMeasureId": "null" ,
            "unitId": "null" ,
            "defaultUnitId": "null"
          }
        }
      , {
          "attribute": {
            "identifier": "0001_NASA_PDS_1.nucspec.Observing_Condition.nucspec.condition_active" ,
            "title": "condition_active" ,
            "registrationAuthorityId": "0001_NASA_PDS_1" ,
            "nameSpaceId": "nucspec" ,
            "steward": "sbn" ,
            "versionId": "1.17" ,
            "description": "A flag indicating whether the condition was in effect at the given time." ,
            "isNillable": "true" ,
            "isEnumerated": "false" ,
            "isDeprecated": "false" ,
            "dataType": "ASCII_Boolean" ,
            "dataTypeId": "0001_NASA_PDS_1.pds.ASCII_Boolean" ,
            "minimumCharacters": "Unbounded" ,
            "maximumCharacters": "Unbounded" ,
            "minimumValue": "Unbounded" ,
            "maximumValue": "Unbounded" ,
            "pattern": "null" ,
            "unitOfMeasure": "null" ,
            "unitOfMeasureId": "null" ,
            "unitId": "null" ,
            "defaultUnitId": "null"
          }
        }
      , {
          "attribute": {
            "identifier": "0001_NASA_PDS_1.nucspec.Observing_Condition.nucspec.condition_source" ,
            "title": "condition_source" ,
            "registrationAuthorityId": "0001_NASA_PDS_1" ,
            "nameSpaceId": "nucspec" ,
            "steward": "sbn" ,
            "versionId": "1.17" ,
            "description": "A string identifying the source of the condition at the given time." ,
            "isNillable": "true" ,
            "isEnumerated": "false" ,
            "isDeprecated": "false" ,
            "dataType": "ASCII_Short_String_Collapsed" ,
            "dataTypeId": "0001_NASA_PDS_1.pds.ASCII_Short_String_Collapsed" ,
            "minimumCharacters": "1" ,
            "maximumCharacters": "255" ,
            "minimumValue": "Unbounded" ,
            "maximumValue": "Unbounded" ,
            "pattern": "null" ,
            "unitOfMeasure": "null" ,
            "unitOfMeasureId": "null" ,
            "unitId": "null" ,
            "defaultUnitId": "null"
          }
        }
      , {
          "attribute": {
            "identifier": "0001_NASA_PDS_1.nucspec.Observing_Conditions.nucspec.condition_type" ,
            "title": "condition_type" ,
            "registrationAuthorityId": "0001_NASA_PDS_1" ,
            "nameSpaceId": "nucspec" ,
            "steward": "sbn" ,
            "versionId": "1.17" ,
            "description": "Remarks about the containing object." ,
            "isNillable": "true" ,
            "isEnumerated": "true" ,
            "isDeprecated": "false" ,
            "dataType": "ASCII_Short_String_Collapsed" ,
            "dataTypeId": "0001_NASA_PDS_1.pds.ASCII_Short_String_Collapsed" ,
            "minimumCharacters": "1" ,
            "maximumCharacters": "255" ,
            "minimumValue": "Unbounded" ,
            "maximumValue": "Unbounded" ,
            "pattern": "null" ,
            "unitOfMeasure": "null" ,
            "unitOfMeasureId": "null" ,
            "unitId": "null" ,
            "defaultUnitId": "null"
          , "PermissibleValueList": [
              {"PermissibleValue": {
                  "value": "Data Glitch" ,
                  "valueMeaning": "Data Glitch" ,
                  "isDeprecated": "false"
                }
             }
            , {"PermissibleValue": {
                  "value": "Electron Burst" ,
                  "valueMeaning": "Electron Burst" ,
                  "isDeprecated": "false"
                }
             }
            , {"PermissibleValue": {
                  "value": "Gamma-ray Burst" ,
                  "valueMeaning": "Gamma-ray Burst" ,
                  "isDeprecated": "false"
                }
             }
            , {"PermissibleValue": {
                  "value": "SEP" ,
                  "valueMeaning": "Solar Energetic Particles" ,
                  "isDeprecated": "false"
                }
             }
            , {"PermissibleValue": {
                  "value": "Solar Flare" ,
                  "valueMeaning": "Solar Flare" ,
                  "isDeprecated": "false"
                }
             }
           ]
          }
        }
      , {
          "attribute": {
            "identifier": "0001_NASA_PDS_1.nucspec.Polynomial_Term.nucspec.coefficient" ,
            "title": "coefficient" ,
            "registrationAuthorityId": "0001_NASA_PDS_1" ,
            "nameSpaceId": "nucspec" ,
            "steward": "sbn" ,
            "versionId": "1.17" ,
            "description": "The coefficient of a single term of the polynomial relating channel number to pulse height." ,
            "isNillable": "false" ,
            "isEnumerated": "false" ,
            "isDeprecated": "false" ,
            "dataType": "ASCII_Real" ,
            "dataTypeId": "0001_NASA_PDS_1.pds.ASCII_Real" ,
            "minimumCharacters": "Unbounded" ,
            "maximumCharacters": "Unbounded" ,
            "minimumValue": "-1.7976931348623157e308" ,
            "maximumValue": "1.7976931348623157e308" ,
            "pattern": "null" ,
            "unitOfMeasure": "null" ,
            "unitOfMeasureId": "null" ,
            "unitId": "null" ,
            "defaultUnitId": "null"
          }
        }
      , {
          "attribute": {
            "identifier": "0001_NASA_PDS_1.nucspec.Polynomial_Term.nucspec.order" ,
            "title": "order" ,
            "registrationAuthorityId": "0001_NASA_PDS_1" ,
            "nameSpaceId": "nucspec" ,
            "steward": "sbn" ,
            "versionId": "1.17" ,
            "description": "The order of a single term of the polynomial relating channel number to pulse height." ,
            "isNillable": "false" ,
            "isEnumerated": "false" ,
            "isDeprecated": "false" ,
            "dataType": "ASCII_Integer" ,
            "dataTypeId": "0001_NASA_PDS_1.pds.ASCII_Integer" ,
            "minimumCharacters": "Unbounded" ,
            "maximumCharacters": "Unbounded" ,
            "minimumValue": "-9223372036854775808" ,
            "maximumValue": "9223372036854775807" ,
            "pattern": "null" ,
            "unitOfMeasure": "null" ,
            "unitOfMeasureId": "null" ,
            "unitId": "null" ,
            "defaultUnitId": "null"
          }
        }
      , {
          "attribute": {
            "identifier": "0001_NASA_PDS_1.nucspec.State_Table_Entry.nucspec.comment" ,
            "title": "comment" ,
            "registrationAuthorityId": "0001_NASA_PDS_1" ,
            "nameSpaceId": "nucspec" ,
            "steward": "sbn" ,
            "versionId": "1.17" ,
            "description": "Any notes about the state at the time of observation." ,
            "isNillable": "false" ,
            "isEnumerated": "false" ,
            "isDeprecated": "false" ,
            "dataType": "UTF8_Text_Preserved" ,
            "dataTypeId": "0001_NASA_PDS_1.pds.UTF8_Text_Preserved" ,
            "minimumCharacters": "1" ,
            "maximumCharacters": "Unbounded" ,
            "minimumValue": "Unbounded" ,
            "maximumValue": "Unbounded" ,
            "pattern": "null" ,
            "unitOfMeasure": "null" ,
            "unitOfMeasureId": "null" ,
            "unitId": "null" ,
            "defaultUnitId": "null"
          }
        }
      , {
          "attribute": {
            "identifier": "0001_NASA_PDS_1.nucspec.State_Table_Entry.nucspec.state_index" ,
            "title": "state_index" ,
            "registrationAuthorityId": "0001_NASA_PDS_1" ,
            "nameSpaceId": "nucspec" ,
            "steward": "sbn" ,
            "versionId": "1.17" ,
            "description": "The state_index points to a row of a look up table containing the instrument settings." ,
            "isNillable": "true" ,
            "isEnumerated": "false" ,
            "isDeprecated": "false" ,
            "dataType": "ASCII_Integer" ,
            "dataTypeId": "0001_NASA_PDS_1.pds.ASCII_Integer" ,
            "minimumCharacters": "Unbounded" ,
            "maximumCharacters": "Unbounded" ,
            "minimumValue": "-9223372036854775808" ,
            "maximumValue": "9223372036854775807" ,
            "pattern": "null" ,
            "unitOfMeasure": "null" ,
            "unitOfMeasureId": "null" ,
            "unitId": "null" ,
            "defaultUnitId": "null"
          }
        }
      , {
          "attribute": {
            "identifier": "0001_NASA_PDS_1.nucspec.State_Time.nucspec.state_time_field_name" ,
            "title": "state_time_field_name" ,
            "registrationAuthorityId": "0001_NASA_PDS_1" ,
            "nameSpaceId": "nucspec" ,
            "steward": "sbn" ,
            "versionId": "1.17" ,
            "description": "The name of the field in the referenced data table that contains the time." ,
            "isNillable": "false" ,
            "isEnumerated": "false" ,
            "isDeprecated": "false" ,
            "dataType": "UTF8_String" ,
            "dataTypeId": "0001_NASA_PDS_1.pds.UTF8_String" ,
            "minimumCharacters": "1" ,
            "maximumCharacters": "Unbounded" ,
            "minimumValue": "Unbounded" ,
            "maximumValue": "Unbounded" ,
            "pattern": "null" ,
            "unitOfMeasure": "null" ,
            "unitOfMeasureId": "null" ,
            "unitId": "null" ,
            "defaultUnitId": "null"
          }
        }
      , {
          "attribute": {
            "identifier": "0001_NASA_PDS_1.nucspec.Time_Range_ET.nucspec.et_start" ,
            "title": "et_start" ,
            "registrationAuthorityId": "0001_NASA_PDS_1" ,
            "nameSpaceId": "nucspec" ,
            "steward": "sbn" ,
            "versionId": "1.17" ,
            "description": "The earliest ephemeris time, as defined by the referenced field, for which this state or condition is applicable." ,
            "isNillable": "false" ,
            "isEnumerated": "false" ,
            "isDeprecated": "false" ,
            "dataType": "ASCII_Real" ,
            "dataTypeId": "0001_NASA_PDS_1.pds.ASCII_Real" ,
            "minimumCharacters": "Unbounded" ,
            "maximumCharacters": "Unbounded" ,
            "minimumValue": "-1.7976931348623157e308" ,
            "maximumValue": "1.7976931348623157e308" ,
            "pattern": "null" ,
            "unitOfMeasure": "null" ,
            "unitOfMeasureId": "null" ,
            "unitId": "null" ,
            "defaultUnitId": "null"
          }
        }
      , {
          "attribute": {
            "identifier": "0001_NASA_PDS_1.nucspec.Time_Range_ET.nucspec.et_stop" ,
            "title": "et_stop" ,
            "registrationAuthorityId": "0001_NASA_PDS_1" ,
            "nameSpaceId": "nucspec" ,
            "steward": "sbn" ,
            "versionId": "1.17" ,
            "description": "The latest ephemeris time, as defined by the referenced field, for which this state or condition is applicable." ,
            "isNillable": "false" ,
            "isEnumerated": "false" ,
            "isDeprecated": "false" ,
            "dataType": "ASCII_Real" ,
            "dataTypeId": "0001_NASA_PDS_1.pds.ASCII_Real" ,
            "minimumCharacters": "Unbounded" ,
            "maximumCharacters": "Unbounded" ,
            "minimumValue": "-1.7976931348623157e308" ,
            "maximumValue": "1.7976931348623157e308" ,
            "pattern": "null" ,
            "unitOfMeasure": "null" ,
            "unitOfMeasureId": "null" ,
            "unitId": "null" ,
            "defaultUnitId": "null"
          }
        }
      , {
          "attribute": {
            "identifier": "0001_NASA_PDS_1.nucspec.Time_Range_SCLK.nucspec.sclk_start_time" ,
            "title": "sclk_start_time" ,
            "registrationAuthorityId": "0001_NASA_PDS_1" ,
            "nameSpaceId": "nucspec" ,
            "steward": "sbn" ,
            "versionId": "1.17" ,
            "description": "The earliest spacecraft clock time, in ticks since spacecraft clock start, for which this state or condition is applicable." ,
            "isNillable": "false" ,
            "isEnumerated": "false" ,
            "isDeprecated": "false" ,
            "dataType": "ASCII_Integer" ,
            "dataTypeId": "0001_NASA_PDS_1.pds.ASCII_Integer" ,
            "minimumCharacters": "Unbounded" ,
            "maximumCharacters": "Unbounded" ,
            "minimumValue": "0" ,
            "maximumValue": "9223372036854775807" ,
            "pattern": "null" ,
            "unitOfMeasure": "null" ,
            "unitOfMeasureId": "null" ,
            "unitId": "null" ,
            "defaultUnitId": "null"
          }
        }
      , {
          "attribute": {
            "identifier": "0001_NASA_PDS_1.nucspec.Time_Range_SCLK.nucspec.sclk_stop_time" ,
            "title": "sclk_stop_time" ,
            "registrationAuthorityId": "0001_NASA_PDS_1" ,
            "nameSpaceId": "nucspec" ,
            "steward": "sbn" ,
            "versionId": "1.17" ,
            "description": "The latest spacecraft clock time, in ticks since spacecraft clock start, for which this state or condition is applicable." ,
            "isNillable": "false" ,
            "isEnumerated": "false" ,
            "isDeprecated": "false" ,
            "dataType": "ASCII_Integer" ,
            "dataTypeId": "0001_NASA_PDS_1.pds.ASCII_Integer" ,
            "minimumCharacters": "Unbounded" ,
            "maximumCharacters": "Unbounded" ,
            "minimumValue": "0" ,
            "maximumValue": "9223372036854775807" ,
            "pattern": "null" ,
            "unitOfMeasure": "null" ,
            "unitOfMeasureId": "null" ,
            "unitId": "null" ,
            "defaultUnitId": "null"
          }
        }
      , {
          "attribute": {
            "identifier": "0001_NASA_PDS_1.nucspec.Time_Range_UTC.nucspec.utc_start_time" ,
            "title": "utc_start_time" ,
            "registrationAuthorityId": "0001_NASA_PDS_1" ,
            "nameSpaceId": "nucspec" ,
            "steward": "sbn" ,
            "versionId": "1.17" ,
            "description": "The earliest Universal Coordinated Time for which this state or condition is applicable." ,
            "isNillable": "false" ,
            "isEnumerated": "false" ,
            "isDeprecated": "false" ,
            "dataType": "ASCII_Date_Time_YMD_UTC" ,
            "dataTypeId": "0001_NASA_PDS_1.pds.ASCII_Date_Time_YMD_UTC" ,
            "minimumCharacters": "Unbounded" ,
            "maximumCharacters": "Unbounded" ,
            "minimumValue": "Unbounded" ,
            "maximumValue": "Unbounded" ,
            "pattern": "null" ,
            "unitOfMeasure": "null" ,
            "unitOfMeasureId": "null" ,
            "unitId": "null" ,
            "defaultUnitId": "null"
          }
        }
      , {
          "attribute": {
            "identifier": "0001_NASA_PDS_1.nucspec.Time_Range_UTC.nucspec.utc_stop_time" ,
            "title": "utc_stop_time" ,
            "registrationAuthorityId": "0001_NASA_PDS_1" ,
            "nameSpaceId": "nucspec" ,
            "steward": "sbn" ,
            "versionId": "1.17" ,
            "description": "The earliest Universal Coordinated Time for which this state or condition is applicable." ,
            "isNillable": "false" ,
            "isEnumerated": "false" ,
            "isDeprecated": "false" ,
            "dataType": "ASCII_Date_Time_YMD_UTC" ,
            "dataTypeId": "0001_NASA_PDS_1.pds.ASCII_Date_Time_YMD_UTC" ,
            "minimumCharacters": "Unbounded" ,
            "maximumCharacters": "Unbounded" ,
            "minimumValue": "Unbounded" ,
            "maximumValue": "Unbounded" ,
            "pattern": "null" ,
            "unitOfMeasure": "null" ,
            "unitOfMeasureId": "null" ,
            "unitId": "null" ,
            "defaultUnitId": "null"
          }
        }
      ]
    }
  }
]
