[
  {
    "dataDictionary": {
      "Title": "PDS4 Data Dictionary" ,
      "IM Version": "1.16.0.0" ,
      "LDD Version": "1.0.0.0" ,
      "Date": "2023-03-14T09:13:08" ,
      "Description": "This document is a dump of the contents of the PDS4 Data Dictionary" ,
      "namespaces": ["pds:", "near:"] ,
      "classDictionary": [
        {
          "class": {
            "identifier": "0001_NASA_PDS_1.near.NEAR" ,
            "title": "NEAR" ,
            "registrationAuthorityId": "0001_NASA_PDS_1" ,
            "nameSpaceId": "near" ,
            "steward": "sbn" ,
            "versionId": "1.0.0.0" ,
            "isAbstract": "false" ,
            "isDeprecated": "false" ,
            "description": "NEAR mission related properties"
              , "associationList": [
             {"association": {
                "identifier": "0001_NASA_PDS_1.near.NEAR.near.Observation_Information" ,
                "title": "Observation_Information" ,
                "assocType": "component_of" ,
                "isAttribute": "false" ,
                "isChoice": "false" ,
                "isAny": "false" ,
                "groupName": "null" ,
                "minimumCardinality": "1" ,
                "maximumCardinality": "1" ,
                "classOrder": "1010" ,
                "classId": [
                  "0001_NASA_PDS_1.near.Observation_Information"
                 ]
              }
            }
           ]
          }
        }
      , {
          "class": {
            "identifier": "0001_NASA_PDS_1.near.Observation_Information" ,
            "title": "Observation_Information" ,
            "registrationAuthorityId": "0001_NASA_PDS_1" ,
            "nameSpaceId": "near" ,
            "steward": "sbn" ,
            "versionId": "1.0.0.0" ,
            "isAbstract": "false" ,
            "isDeprecated": "false" ,
            "description": "Observation related properties "
              , "associationList": [
             {"association": {
                "identifier": "0001_NASA_PDS_1.near.Observation_Information.near.sequence_table_ID" ,
                "title": "sequence_table_ID" ,
                "assocType": "attribute_of" ,
                "isAttribute": "true" ,
                "isChoice": "false" ,
                "isAny": "false" ,
                "groupName": "null" ,
                "minimumCardinality": "0" ,
                "maximumCardinality": "1" ,
                "classOrder": "1010" ,
                "attributeId": [
                  "0001_NASA_PDS_1.near.Observation_Information.near.sequence_table_ID"
                 ]
              }
            }
           , {"association": {
                "identifier": "0001_NASA_PDS_1.near.Observation_Information.near.sequence_title" ,
                "title": "sequence_title" ,
                "assocType": "attribute_of" ,
                "isAttribute": "true" ,
                "isChoice": "false" ,
                "isAny": "false" ,
                "groupName": "null" ,
                "minimumCardinality": "0" ,
                "maximumCardinality": "1" ,
                "classOrder": "1020" ,
                "attributeId": [
                  "0001_NASA_PDS_1.near.Observation_Information.near.sequence_title"
                 ]
              }
            }
           , {"association": {
                "identifier": "0001_NASA_PDS_1.near.Observation_Information.near.inst_cmprs_quantz_tbl_id" ,
                "title": "inst_cmprs_quantz_tbl_id" ,
                "assocType": "attribute_of" ,
                "isAttribute": "true" ,
                "isChoice": "false" ,
                "isAny": "false" ,
                "groupName": "null" ,
                "minimumCardinality": "0" ,
                "maximumCardinality": "1" ,
                "classOrder": "1030" ,
                "attributeId": [
                  "0001_NASA_PDS_1.near.Observation_Information.near.inst_cmprs_quantz_tbl_id"
                 ]
              }
            }
           , {"association": {
                "identifier": "0001_NASA_PDS_1.near.Observation_Information.near.spacecraft_clock_start_count" ,
                "title": "spacecraft_clock_start_count" ,
                "assocType": "attribute_of" ,
                "isAttribute": "true" ,
                "isChoice": "false" ,
                "isAny": "false" ,
                "groupName": "null" ,
                "minimumCardinality": "0" ,
                "maximumCardinality": "1" ,
                "classOrder": "1040" ,
                "attributeId": [
                  "0001_NASA_PDS_1.near.Observation_Information.near.spacecraft_clock_start_count"
                 ]
              }
            }
           , {"association": {
                "identifier": "0001_NASA_PDS_1.near.Observation_Information.near.spacecraft_clock_stop_count" ,
                "title": "spacecraft_clock_stop_count" ,
                "assocType": "attribute_of" ,
                "isAttribute": "true" ,
                "isChoice": "false" ,
                "isAny": "false" ,
                "groupName": "null" ,
                "minimumCardinality": "0" ,
                "maximumCardinality": "1" ,
                "classOrder": "1050" ,
                "attributeId": [
                  "0001_NASA_PDS_1.near.Observation_Information.near.spacecraft_clock_stop_count"
                 ]
              }
            }
           , {"association": {
                "identifier": "0001_NASA_PDS_1.near.Observation_Information.near.device_temperature" ,
                "title": "device_temperature" ,
                "assocType": "attribute_of" ,
                "isAttribute": "true" ,
                "isChoice": "false" ,
                "isAny": "false" ,
                "groupName": "null" ,
                "minimumCardinality": "0" ,
                "maximumCardinality": "1" ,
                "classOrder": "1060" ,
                "attributeId": [
                  "0001_NASA_PDS_1.near.Observation_Information.near.device_temperature"
                 ]
              }
            }
           , {"association": {
                "identifier": "0001_NASA_PDS_1.near.Observation_Information.near.instrument_mode" ,
                "title": "instrument_mode" ,
                "assocType": "attribute_of" ,
                "isAttribute": "true" ,
                "isChoice": "false" ,
                "isAny": "false" ,
                "groupName": "null" ,
                "minimumCardinality": "0" ,
                "maximumCardinality": "1" ,
                "classOrder": "1070" ,
                "attributeId": [
                  "0001_NASA_PDS_1.near.Observation_Information.near.instrument_mode"
                 ]
              }
            }
           ]
          }
        }
      ]
    , "attributeDictionary": [
        {
          "attribute": {
            "identifier": "0001_NASA_PDS_1.near.Observation_Information.near.device_temperature" ,
            "title": "device_temperature" ,
            "registrationAuthorityId": "0001_NASA_PDS_1" ,
            "nameSpaceId": "near" ,
            "steward": "sbn" ,
            "versionId": "1.16" ,
            "description": "The INSTRUMENT_TEMPERATURE element provides the temperature, in degrees Celsius, of an instrument or some part of an instrument. " ,
            "isNillable": "false" ,
            "isEnumerated": "false" ,
            "isDeprecated": "false" ,
            "dataType": "ASCII_Short_String_Collapsed" ,
            "dataTypeId": "0001_NASA_PDS_1.pds.ASCII_Short_String_Collapsed" ,
            "minimumCharacters": "1" ,
            "maximumCharacters": "255" ,
            "minimumValue": "Unbounded" ,
            "maximumValue": "Unbounded" ,
            "pattern": "null" ,
            "unitOfMeasure": "null" ,
            "unitOfMeasureId": "null" ,
            "unitId": "null" ,
            "defaultUnitId": "null"
          }
        }
      , {
          "attribute": {
            "identifier": "0001_NASA_PDS_1.near.Observation_Information.near.inst_cmprs_quantz_tbl_id" ,
            "title": "inst_cmprs_quantz_tbl_id" ,
            "registrationAuthorityId": "0001_NASA_PDS_1" ,
            "nameSpaceId": "near" ,
            "steward": "sbn" ,
            "versionId": "1.16" ,
            "description": "The inst_cmprs_quantz_tbl_id element identifies the reference table used for quantization in the frequency domain for on-board transform compression. This name or code should be specific enough to allow the user of the data to have sufficient information to reference the quantization table used to compress the data." ,
            "isNillable": "false" ,
            "isEnumerated": "false" ,
            "isDeprecated": "false" ,
            "dataType": "ASCII_Real" ,
            "dataTypeId": "0001_NASA_PDS_1.pds.ASCII_Real" ,
            "minimumCharacters": "Unbounded" ,
            "maximumCharacters": "Unbounded" ,
            "minimumValue": "-1.7976931348623157e308" ,
            "maximumValue": "1.7976931348623157e308" ,
            "pattern": "null" ,
            "unitOfMeasure": "null" ,
            "unitOfMeasureId": "null" ,
            "unitId": "null" ,
            "defaultUnitId": "null"
          }
        }
      , {
          "attribute": {
            "identifier": "0001_NASA_PDS_1.near.Observation_Information.near.instrument_mode" ,
            "title": "instrument_mode" ,
            "registrationAuthorityId": "0001_NASA_PDS_1" ,
            "nameSpaceId": "near" ,
            "steward": "sbn" ,
            "versionId": "1.16" ,
            "description": "The instrument_mode element provides the name of the mode the grs instrument was operating in at the time of the observation. " ,
            "isNillable": "false" ,
            "isEnumerated": "false" ,
            "isDeprecated": "false" ,
            "dataType": "ASCII_Short_String_Collapsed" ,
            "dataTypeId": "0001_NASA_PDS_1.pds.ASCII_Short_String_Collapsed" ,
            "minimumCharacters": "1" ,
            "maximumCharacters": "255" ,
            "minimumValue": "Unbounded" ,
            "maximumValue": "Unbounded" ,
            "pattern": "null" ,
            "unitOfMeasure": "null" ,
            "unitOfMeasureId": "null" ,
            "unitId": "null" ,
            "defaultUnitId": "null"
          }
        }
      , {
          "attribute": {
            "identifier": "0001_NASA_PDS_1.near.Observation_Information.near.sequence_table_ID" ,
            "title": "sequence_table_ID" ,
            "registrationAuthorityId": "0001_NASA_PDS_1" ,
            "nameSpaceId": "near" ,
            "steward": "sbn" ,
            "versionId": "1.16" ,
            "description": "The sequence_table_id element provides an unique identified for the sequence table that was used for a set of observations. The sequence table provides the image acquistion sequences that specify the camera and filter image sequencing. It indicates the order in which cameras are shuttered and the order for which filters are used." ,
            "isNillable": "false" ,
            "isEnumerated": "false" ,
            "isDeprecated": "false" ,
            "dataType": "ASCII_Short_String_Collapsed" ,
            "dataTypeId": "0001_NASA_PDS_1.pds.ASCII_Short_String_Collapsed" ,
            "minimumCharacters": "1" ,
            "maximumCharacters": "255" ,
            "minimumValue": "Unbounded" ,
            "maximumValue": "Unbounded" ,
            "pattern": "null" ,
            "unitOfMeasure": "null" ,
            "unitOfMeasureId": "null" ,
            "unitId": "null" ,
            "defaultUnitId": "null"
          }
        }
      , {
          "attribute": {
            "identifier": "0001_NASA_PDS_1.near.Observation_Information.near.sequence_title" ,
            "title": "sequence_title" ,
            "registrationAuthorityId": "0001_NASA_PDS_1" ,
            "nameSpaceId": "near" ,
            "steward": "sbn" ,
            "versionId": "1.16" ,
            "description": "The sequence_title element provides the title assigned to a particular observation sequence during planning or data processing." ,
            "isNillable": "false" ,
            "isEnumerated": "false" ,
            "isDeprecated": "false" ,
            "dataType": "ASCII_Short_String_Collapsed" ,
            "dataTypeId": "0001_NASA_PDS_1.pds.ASCII_Short_String_Collapsed" ,
            "minimumCharacters": "1" ,
            "maximumCharacters": "255" ,
            "minimumValue": "Unbounded" ,
            "maximumValue": "Unbounded" ,
            "pattern": "null" ,
            "unitOfMeasure": "null" ,
            "unitOfMeasureId": "null" ,
            "unitId": "null" ,
            "defaultUnitId": "null"
          }
        }
      , {
          "attribute": {
            "identifier": "0001_NASA_PDS_1.near.Observation_Information.near.spacecraft_clock_start_count" ,
            "title": "spacecraft_clock_start_count" ,
            "registrationAuthorityId": "0001_NASA_PDS_1" ,
            "nameSpaceId": "near" ,
            "steward": "sbn" ,
            "versionId": "1.16" ,
            "description": "MET of image acquisition in seconds. MET corresponds to the last spacecraft 1-Hz pulse before the end of image integration, i.e., 918 ms before the end of image integration. See Murchie et al. (1998) [MURCHIEETAL1998] for a detailed explanation of timing of the 1 Hz pulse relative to image exposure. " ,
            "isNillable": "false" ,
            "isEnumerated": "false" ,
            "isDeprecated": "false" ,
            "dataType": "ASCII_Short_String_Collapsed" ,
            "dataTypeId": "0001_NASA_PDS_1.pds.ASCII_Short_String_Collapsed" ,
            "minimumCharacters": "1" ,
            "maximumCharacters": "255" ,
            "minimumValue": "Unbounded" ,
            "maximumValue": "Unbounded" ,
            "pattern": "null" ,
            "unitOfMeasure": "null" ,
            "unitOfMeasureId": "null" ,
            "unitId": "null" ,
            "defaultUnitId": "null"
          }
        }
      , {
          "attribute": {
            "identifier": "0001_NASA_PDS_1.near.Observation_Information.near.spacecraft_clock_stop_count" ,
            "title": "spacecraft_clock_stop_count" ,
            "registrationAuthorityId": "0001_NASA_PDS_1" ,
            "nameSpaceId": "near" ,
            "steward": "sbn" ,
            "versionId": "1.16" ,
            "description": "MET of image acquisition in seconds. MET corresponds to the last spacecraft 1-Hz pulse before the end of image integration, i.e., 918 ms before the end of image integration. See Murchie et al. (1998) [MURCHIEETAL1998] for a detailed explanation of timing of the 1 Hz pulse relative to image exposure. " ,
            "isNillable": "false" ,
            "isEnumerated": "false" ,
            "isDeprecated": "false" ,
            "dataType": "ASCII_Short_String_Collapsed" ,
            "dataTypeId": "0001_NASA_PDS_1.pds.ASCII_Short_String_Collapsed" ,
            "minimumCharacters": "1" ,
            "maximumCharacters": "255" ,
            "minimumValue": "Unbounded" ,
            "maximumValue": "Unbounded" ,
            "pattern": "null" ,
            "unitOfMeasure": "null" ,
            "unitOfMeasureId": "null" ,
            "unitId": "null" ,
            "defaultUnitId": "null"
          }
        }
      ]
    }
  }
]
