"Sort Key","Type","Name","Version","Name Space Id","Description","Steward","Value Type","Minimum Cardinality","Maximum Cardinality","Minimum Value","Maximum Value","Minimum Characters","Maximum Characters","Unit of Measure Type","Specified Unit Id","Attribute Concept","Conceptual Domain"
"mess:MDIS:1                          ","Class","MDIS","1.0.0.0","mess","The MESSENGER MDIS class is the container for MESSENGER MDIS specific metadata elements. ","ppi","","","","","","","","","","",""
"mess:MDIS:2                           mess:aex_bacb:1                      ","Attribute","aex_bacb","n/a","mess","The background brightness used for MDIS automatic exposure time calculation. In a test image that it analyzed to determine an exposure time using automatic exposure, DPU hardware generates a histogram of the image. The histogram is analyzed by the software to determine if the image is overexposed or underexposed, and the exposure time is adjusted accordingly by analyzing the histogram of raw DN values in different brightness bins. The background or dark current level (mess.mdis.aex_bacb) is taken into account an is assumed to be a constant value. A threshold of number of pixels (mess.mdis.aex_sthr) is allowed to exceed a target brightness (mess.mdis.aex_tgtb). Starting with the maximum value, the number of pixels exceeding the target is counted, and the brightness of the histogram bin in which that threshold is reached (mess.mdis.aex_stat) is reported. The exposure time is scaled back by the ratio of mess.mdis.aex_tgtb/mess.mdis.aex_stat.","ppi","ASCII_Integer","0","1","0","4095","Unbounded","Unbounded","Units_of_None","none","TBD_classConcept","INTEGER"
"mess:MDIS:2                           mess:aex_maxe:1                      ","Attribute","aex_maxe","n/a","mess","The maximum allowable exposure time from an MDIS automatic exposure time calculation. In a test image that it analyzed to determine an exposure time using automatic exposure, DPU hardware generates a histogram of the image. The histogram is analyzed by the software to determine if the image is overexposed or underexposed, and the exposure time is adjusted accordingly by analyzing the histogram of raw DN values in different brightness bins. The background or dark current level (mess.mdis.aex_bacb) is taken into account an is assumed to be a constant value. A threshold of number of pixels (mess.mdis.aex_sthr) is allowed to exceed a target brightness (mess.mdis.aex_tgtb). Starting with the maximum value, the number of pixels exceeding the target is counted, and the brightness of the histogram bin in which that threshold is reached (mess.mdis.aex_stat) is reported. The exposure time is scaled back by the ratio of mess.mdis.aex_tgtb/mess.mdis.aex_stat.","ppi","ASCII_Integer","0","1","0","989","Unbounded","Unbounded","Units_of_None","none","TBD_classConcept","INTEGER"
"mess:MDIS:2                           mess:aex_mine:1                      ","Attribute","aex_mine","n/a","mess","The minimum allowable exposure time from an MDIS automatic exposure time calculation. In a test image that it analyzed to determine an exposure time using automatic exposure, DPU hardware generates a histogram of the image. The histogram is analyzed by the software to determine if the image is overexposed or underexposed, and the exposure time is adjusted accordingly by analyzing the histogram of raw DN values in different brightness bins. The background or dark current level (mess.mdis.aex_bacb) is taken into account an is assumed to be a constant value. A threshold of number of pixels (mess.mdis.aex_sthr) is allowed to exceed a target brightness (mess.mdis.aex_tgtb). Starting with the maximum value, the number of pixels exceeding the target is counted, and the brightness of the histogram bin in which that threshold is reached (mess.mdis.aex_stat) is reported. The exposure time is scaled back by the ratio of mess.mdis.aex_tgtb/mess.mdis.aex_stat.","ppi","ASCII_Integer","0","1","0","989","Unbounded","Unbounded","Units_of_None","none","TBD_classConcept","INTEGER"
"mess:MDIS:2                           mess:aex_stat:1                      ","Attribute","aex_stat","n/a","mess","The bin in a DPU histogram of image brightness used for MDIS automatic exposure time calculation. In a test image that it analyzed to determine an exposure time using automatic exposure, DPU hardware generates a histogram of the image. The histogram is analyzed by the software to determine if the image is overexposed or underexposed, and the exposure time is adjusted accordingly by analyzing the histogram of raw DN values in different brightness bins. The background or dark current level (mess.mdis.aex_bacb) is taken into account an is assumed to be a constant value. A threshold of number of pixels (mess.mdis.aex_sthr) is allowed to exceed a target brightness (mess.mdis.aex_tgtb). Starting with the maximum value, the number of pixels exceeding the target is counted, and the brightness of the histogram bin in which that threshold is reached (mess.mdis.aex_stat) is reported. The exposure time is scaled back by the ratio of mess.mdis.aex_tgtb/mess.mdis.aex_stat.","ppi","ASCII_Integer","0","1","0","4095","Unbounded","Unbounded","Units_of_None","none","TBD_classConcept","INTEGER"
"mess:MDIS:2                           mess:aex_sthr:1                      ","Attribute","aex_sthr","n/a","mess","The number of pixels allowed to exceed target brightness during an MDIS automatic exposure time calculation. In a test image that it analyzed to determine an exposure time using automatic exposure, DPU hardware generates a histogram of the image. The histogram is analyzed by the software to determine if the image is overexposed or underexposed, and the exposure time is adjusted accordingly by analyzing the histogram of raw DN values in different brightness bins. The background or dark current level (mess.mdis.aex_bacb) is taken into account an is assumed to be a constant value. A threshold of number of pixels (mess.mdis.aex_sthr) is allowed to exceed a target brightness (mess.mdis.aex_tgtb). Starting with the maximum value, the number of pixels exceeding the target is counted, and the brightness of the histogram bin in which that threshold is reached (mess.mdis.aex_stat) is reported. The exposure time is scaled back by the ratio of mess.mdis.aex_tgtb/mess.mdis.aex_stat.","ppi","ASCII_Integer","0","1","0","65535","Unbounded","Unbounded","Units_of_None","none","TBD_classConcept","INTEGER"
"mess:MDIS:2                           mess:aex_tgtb:1                      ","Attribute","aex_tgtb","n/a","mess","The target brightness used for MDIS automatic exposure time calculation. In a test image that it analyzed to determine an exposure time using automatic exposure, DPU hardware generates a histogram of the image. The histogram is analyzed by the software to determine if the image is overexposed or underexposed, and the exposure time is adjusted accordingly by analyzing the histogram of raw DN values in different brightness bins. The background or dark current level (mess.mdis.aex_bacb) is taken into account an is assumed to be a constant value. A threshold of number of pixels (mess.mdis.aex_sthr) is allowed to exceed a target brightness (mess.mdis.aex_tgtb). Starting with the maximum value, the number of pixels exceeding the target is counted, and the brightness of the histogram bin in which that threshold is reached (mess.mdis.aex_stat) is reported. The exposure time is scaled back by the ratio of mess.mdis.aex_tgtb/mess.mdis.aex_stat.","ppi","ASCII_Integer","0","1","0","4095","Unbounded","Unbounded","Units_of_None","none","TBD_classConcept","INTEGER"
"mess:MDIS:2                           mess:att_clock_count:1               ","Attribute","att_clock_count","n/a","mess","The mission-elapsed-time, or MET, in seconds since MESSENGER launch, of the second during which the spacecraft attitude measurement in the header of an MDIS image was acquired.","ppi","ASCII_Integer","0","1","-9223372036854775808","9223372036854775807","Unbounded","Unbounded","Units_of_None","none","TBD_classConcept","INTEGER"
"mess:MDIS:2                           mess:att_flag:1                      ","Attribute","att_flag","n/a","mess","Attitude quality flag for the spacecraft attitude quaternion in the header of an MDIS image: 7 = Attitude Knowledge OK (At least 1 Star Tracker is available and at least 50% of gyro data is valid) 6 = Attitude Knowledge OK (No Star Tracker is available but at least 50% of gyro data is valid) 5 = Attitude Knowledge OK (No Star Tracker is and between 10% and 50% of gyro data is valid -OR- At least 1 Star Tracker is valid and between 0% and 50% of gyro data valid) 4 = not a legal option 3 = Attitude Knowledge BAD (At least 1 Star Tracker is available and at least 50% of gyro data is valid) 2 = Attitude Knowledge BAD (No Star Tracker is available but at least 50% of gyro data is valid) 1 = Attitude Knowledge BAD (No Star Tracker is available and between 10% and 50% of gyro data is valid -OR- At least 1 Star Tracker is valid and between 0% and 50% of gryo data is valid) 0 = Attitude Knowledge BAD (No Star Tracker data fewer than 10% of gyro data valid).","ppi","ASCII_Integer","0","1","0","7","Unbounded","Unbounded","Units_of_None","none","TBD_classConcept","INTEGER"
"mess:MDIS:2                           mess:att_q1:1                        ","Attribute","att_q1","n/a","mess","The roll value of the vector component of the attitude quaternion representing spacecraft attitude, in the header of an MDIS image.","ppi","ASCII_Real","0","1","-1.0","1.0","Unbounded","Unbounded","Units_of_None","none","TBD_classConcept","REAL"
"mess:MDIS:2                           mess:att_q2:1                        ","Attribute","att_q2","n/a","mess","The pitch value of the vector component of the attitude quaternion representing spacecraft attitude, in the header of an MDIS image.","ppi","ASCII_Real","0","1","-1.0","1.0","Unbounded","Unbounded","Units_of_None","none","TBD_classConcept","REAL"
"mess:MDIS:2                           mess:att_q3:1                        ","Attribute","att_q3","n/a","mess","The yaw value of the vector component of the attitude quaternion representing spacecraft attitude, in the header of an MDIS image.","ppi","ASCII_Real","0","1","-1.0","1.0","Unbounded","Unbounded","Units_of_None","none","TBD_classConcept","REAL"
"mess:MDIS:2                           mess:att_q4:1                        ","Attribute","att_q4","n/a","mess","The scalar component of the attitude quaternion representing spacecraft attitude, in the header of an MDIS image.","ppi","ASCII_Real","0","1","-1.0","1.0","Unbounded","Unbounded","Units_of_None","none","TBD_classConcept","REAL"
"mess:MDIS:2                           mess:cam_t1:1                        ","Attribute","cam_t1","n/a","mess","The temperature of the focal plane array in raw counts at observation time. The conversion formula to degrees Celsius depends on the camera performing the observation: For WAC: Temperature = -263.2584 + Raw * 0.5022 For NAC: Temperature = -268.8441 + Raw * 0.5130 Where Raw is the raw counts in telemetry (mess.mdis.cam_t1).","ppi","ASCII_Integer","0","1","0","1023","Unbounded","Unbounded","Units_of_None","none","TBD_classConcept","INTEGER"
"mess:MDIS:2                           mess:cam_t2:1                        ","Attribute","cam_t2","n/a","mess","Camera temperature 2 in raw counts. The meaning depends on whether it is being reported by the WAC or NAC. A single telemetry point is used to return the raw value of filter wheel temperature (WAC), FILTER_TEMPERATURE once converted to units of degrees Celsius, or the raw value of telescope temperature (NAC), OPTICS_TEMPERATURE once converted to units of degrees Celsius, depending on which camera is in use. For the WAC, this is temperature of the filter wheel. Thus, FILTER_TEMPERATURE is 'N/A' if the NAC was used for the observation because the telemetry point will be a measurement of the NAC telescope temperature. For the WAC the conversion from raw counts to degrees Celsius is: T = -292.7603 + Raw * 0.5553 where Raw is the raw counts in MESS:CAM_T2. For the NAC, this is temperature of the NAC telescope. Thus OPTICS_TEMPERATURE is 'N/A' if the WAC was used for observation because the telemetry point will be a measurement of the WAC filter wheel temperature. For the NAC the conversion from raw counts to degrees Celsius is: T = -269.7180 + Raw * 0.4861 where Raw is the raw counts in telemetry (mess.mdis.cam_t2).","ppi","ASCII_Integer","0","1","0","1023","Unbounded","Unbounded","Units_of_None","none","TBD_classConcept","INTEGER"
"mess:MDIS:2                           mess:ccd_temp:1                      ","Attribute","ccd_temp","n/a","mess","MDIS CCD temperature in raw counts. The conversion formula to degrees Celsius depends on the camera performing the observation: For WAC: Temperature = -318.4553 + Raw * 0.2718 For NAC: Temperature = -323.3669 + Raw * 0.2737 Where Raw is the raw counts in telemetry (mess.mdis.ccd_temp).","ppi","ASCII_Integer","0","1","0","4095","Unbounded","Unbounded","Units_of_None","none","TBD_classConcept","INTEGER"
"mess:MDIS:2                           mess:comp12_8:1                      ","Attribute","comp12_8","n/a","mess","12 to 8 bit image compression enabled or disabled. Which algorithm is used is specified by MESS.","ppi","ASCII_Integer","0","1","-9223372036854775808","9223372036854775807","Unbounded","Unbounded","Units_of_None","none","TBD_classConcept","INTEGER"
"mess:MDIS:2                           mess:comp12_8:2                       Value:0","Value","0","","","disabled: images are 12-bit"
"mess:MDIS:2                           mess:comp12_8:2                       Value:1","Value","1","","","enabled: images are 8-bit"
"mess:MDIS:2                           mess:comp_alg:1                      ","Attribute","comp_alg","n/a","mess","12 to 8 bit compression algorithm (0-7) used to compress images from 12 to 8 bits. Whether this option is enabled is indicated by mess.mdis.comp12_8. The compression is implemented using one of eight lookup tables, which are optimized to the lower WAC CCD read noise and higher NAC read noise, light levels, and bias level (nominal or after inflight drift). ","ppi","ASCII_Integer","0","1","-9223372036854775808","9223372036854775807","Unbounded","Unbounded","Units_of_None","none","TBD_classConcept","INTEGER"
"mess:MDIS:2                           mess:comp_alg:2                       Value:0","Value","0","","","Low-noise hi-bias SNR proportional. Case: Either NAC or WAC, for nominal bias (all DNs greater than 12-bit 230). Formulation: Maps 12-bit DNs between bias and saturation into 8 bits, proportional to SNR. Information loss is spread evenly over dynamic range. Usage: Typical imaging with varied brightness."
"mess:MDIS:2                           mess:comp_alg:2                       Value:1","Value","1","","","Low-noise hi-bias DN-weighted SNR proportional. Case: Low-noise (WAC) CCD, bias nominal (all DNs greater than 12-bit 230). Formulation: Maps 12 bits between bias and saturation into 8 bits proportional to sliding scale. Information is preferentially retained at the low DN end. Usage: Faint objects. Saturates at a DN of 3000."
"mess:MDIS:2                           mess:comp_alg:2                       Value:2","Value","2","","","High-noise hi-bias DN-weighted SNR proportional. Case: High-noise (NAC) CCD, bias nominal (all DNs greater than 12-bit 230). Formulation: Maps 12 bits between bias and saturation into 8 bits proportional to sliding scale. Information is preferentially retained at the low DN end. Usage: B/W, mostly low brightness."
"mess:MDIS:2                           mess:comp_alg:2                       Value:3","Value","3","","","Low-noise med-bias SNR proportional. Case: Either CCD, assuming bias has dropped tens DN (all DNs greater than 12-bit 180). Formulation: Maps 12-bit DNs between bias and saturation into 8 bits, proportional to SNR. Information loss is spread over dynamic range. Usage: Typical imaging, varied brightness."
"mess:MDIS:2                           mess:comp_alg:2                       Value:4","Value","4","","","Low-noise med-bias DN-weighted SNR proportional. Case: Lo-noise (WAC) CCD, assuming bias has dropped tens DN (all DNs greater than 12-bit 180). Formulation: Maps 12 bits between bias and saturation into 8 bits proportional to sliding scale. Information retained at low DN end. Usage: Faint objects. Saturates at a DN of 3000."
"mess:MDIS:2                           mess:comp_alg:2                       Value:5","Value","5","","","High-noise med-bias DN-weighted SNR proportional. Case: High-noise (NAC) CCD, assuming bias has dropped tens DN (all DNs greater than 12-bit 180). Formulation: Maps 12 bits between bias and saturation into 8 bits proportional to sliding scale. Information is retained preferentially at the low end of the DN range. Usage: B/W, mostly low brightness."
"mess:MDIS:2                           mess:comp_alg:2                       Value:6","Value","6","","","Zero-bias SNR proportional. Case: Contingency; assuming bias decreased to near 0 from the nominal 230 12-bit DNs. Formulation: Maps 12-bit DNs between bias and saturation into 8 bits, proportional to SNR. Information loss is spread over the dynamic range. Usage: Typical imaging, varied brightness."
"mess:MDIS:2                           mess:comp_alg:2                       Value:7","Value","7","","","Linear. Case: either CCD, bias or read noise. Formulation: Maps 12-bit DNs between the bias level and saturation linearly into 8-bit space. Usage: High brightness mapping; information loss greatest at low DNs, preserves information at high DNs."
"mess:MDIS:2                           mess:comp_fst:1                      ","Attribute","comp_fst","n/a","mess","Status of lossless Fast compression of MDIS images. This is applied to images by the instrument itself. The images are first uncompressed on the solid-state recorder if lossy wavelet compression is applied.","ppi","ASCII_Integer","0","1","-9223372036854775808","9223372036854775807","Unbounded","Unbounded","Units_of_None","none","TBD_classConcept","INTEGER"
"mess:MDIS:2                           mess:comp_fst:2                       Value:0","Value","0","","","TBD"
"mess:MDIS:2                           mess:comp_fst:2                       Value:1","Value","1","","","TBD"
"mess:MDIS:2                           mess:critopnv:1                      ","Attribute","critopnv","n/a","mess","When true, this indicates that the MDIS image is a critical optical navigation image and will be compressed by the MESSENGER Main Processor (MP) before other images. Normally, the MP compresses images in the order that they are received.","ppi","ASCII_Integer","0","1","-9223372036854775808","9223372036854775807","Unbounded","Unbounded","Units_of_None","none","TBD_classConcept","INTEGER"
"mess:MDIS:2                           mess:critopnv:2                       Value:0","Value","0","","","TBD"
"mess:MDIS:2                           mess:critopnv:2                       Value:1","Value","1","","","TBD"
"mess:MDIS:2                           mess:dlnkprio:1                      ","Attribute","dlnkprio","n/a","mess","Priority for downlink of an MDIS image file from the MESSENGER spacecraft.","ppi","ASCII_Integer","0","1","-9223372036854775808","9223372036854775807","Unbounded","Unbounded","Units_of_None","none","TBD_classConcept","INTEGER"
"mess:MDIS:2                           mess:dlnkprio:2                       Value:0","Value","0","","","Priority #0 where zero is highest and 9 is lowest"
"mess:MDIS:2                           mess:dlnkprio:2                       Value:1","Value","1","","","Priority #1 where zero is highest and 9 is lowest"
"mess:MDIS:2                           mess:dlnkprio:2                       Value:2","Value","2","","","Priority #2 where zero is highest and 9 is lowest"
"mess:MDIS:2                           mess:dlnkprio:2                       Value:3","Value","3","","","Priority #3 where zero is highest and 9 is lowest"
"mess:MDIS:2                           mess:dlnkprio:2                       Value:4","Value","4","","","Priority #4 where zero is highest and 9 is lowest"
"mess:MDIS:2                           mess:dlnkprio:2                       Value:5","Value","5","","","Priority #5 where zero is highest and 9 is lowest"
"mess:MDIS:2                           mess:dlnkprio:2                       Value:6","Value","6","","","Priority #6 where zero is highest and 9 is lowest"
"mess:MDIS:2                           mess:dlnkprio:2                       Value:7","Value","7","","","Priority #7 where zero is highest and 9 is lowest"
"mess:MDIS:2                           mess:dlnkprio:2                       Value:8","Value","8","","","Priority #8 where zero is highest and 9 is lowest"
"mess:MDIS:2                           mess:dlnkprio:2                       Value:9","Value","9","","","Priority #9 where zero is highest and 9 is lowest"
"mess:MDIS:2                           mess:data_quality_id:1               ","Attribute","data_quality_id","n/a","mess","The data_quality_id element provides a numeric key which identifies the quality of data available for a particular time period. The data_quality_id scheme is unique to a given instrument and is described by the associated data_quality_desc element. ","ppi","ASCII_Short_String_Collapsed","0","1","Unbounded","Unbounded","1","255","Units_of_None","none","TBD_classConcept","SHORT_STRING"
"mess:MDIS:2                           mess:dark_strip_mean:1               ","Attribute","dark_strip_mean","n/a","mess","The dark_strip_mean element provides the mean value of the pixels in the dark strip area of a CCD. The dark strip is an area of the CCD which is covered in such a way as to receive no light. The dark strip provides a measure of the dark current in the CCD. ","ppi","ASCII_Real","0","1","0.0","1.7976931348623157e308","Unbounded","Unbounded","Units_of_None","none","TBD_classConcept","REAL"
"mess:MDIS:2                           mess:dpu_id:1                        ","Attribute","dpu_id","n/a","mess","The identified of the DPU used during acquisition of an MDIS image.","ppi","ASCII_Integer","0","1","-9223372036854775808","9223372036854775807","Unbounded","Unbounded","Units_of_None","none","TBD_classConcept","INTEGER"
"mess:MDIS:2                           mess:dpu_id:2                         Value:0","Value","0","","","DPU-A"
"mess:MDIS:2                           mess:dpu_id:2                         Value:1","Value","1","","","DPU-B"
"mess:MDIS:2                           mess:ec_factor:1                     ","Attribute","ec_factor","n/a","mess","The ec_factor element records the empirical correction factor used to process MDIS WAC CDRs. ","ppi","ASCII_Real","0","1","-1.7976931348623157e308","1.7976931348623157e308","Unbounded","Unbounded","Units_of_None","none","TBD_classConcept","REAL"
"mess:MDIS:2                           mess:exp_mode:1                      ","Attribute","exp_mode","n/a","mess","Exposure time mode used for acquisition of an MDIS image. Manual exposure uses a pre-commanded exposure time. Autoexposure determines the exposure time from test images taken before the exposure, targeting a specific brightness value.","ppi","ASCII_Integer","0","1","-9223372036854775808","9223372036854775807","Unbounded","Unbounded","Units_of_None","none","TBD_classConcept","INTEGER"
"mess:MDIS:2                           mess:exp_mode:2                       Value:0","Value","0","","","Manual"
"mess:MDIS:2                           mess:exp_mode:2                       Value:1","Value","1","","","Automatic"
"mess:MDIS:2                           mess:exposure:1                      ","Attribute","exposure","n/a","mess","MDIS exposure time in milliseconds.","ppi","ASCII_Integer","0","1","0","9990","Unbounded","Unbounded","Units_of_None","none","TBD_classConcept","INTEGER"
"mess:MDIS:2                           mess:fpu_bin:1                       ","Attribute","fpu_bin","n/a","mess","On-chip image binning option for MDIS. Images may be taken either without on-chip binning or with 2x2 binning, which decreases the size of a full image from 1024x1024 pixels to 512x512 pixels. On-chip binning can be used to manage the size of raw images being stored on the spacecraft solid-state recorder, or to increase CCD sensitivity. If this option is used, sensitivity increases by about a factor of four but read noise is similar.","ppi","ASCII_Integer","0","1","-9223372036854775808","9223372036854775807","Unbounded","Unbounded","Units_of_None","none","TBD_classConcept","INTEGER"
"mess:MDIS:2                           mess:fpu_bin:2                        Value:0","Value","0","","","1x1 binning (none)"
"mess:MDIS:2                           mess:fpu_bin:2                        Value:1","Value","1","","","2x2 binning"
"mess:MDIS:2                           mess:fw_goal:1                       ","Attribute","fw_goal","n/a","mess","The goal position, in raw counts of the position resolver on the MDIS filter wheel. For each commanded filter number, the instrument software will try to place the filter wheel at the following positions: FILTER_NUMBER mess.mdis.fw_goal 1 17376 2 11976 3 6492 4 1108 5 61104 6 55684 7 50148 8 44760 9 39256 10 33796 11 28252 12 22852 Actual position attained is reported in mess.mdis.fw_pos.","ppi","ASCII_Integer","0","1","0","65535","Unbounded","Unbounded","Units_of_None","none","TBD_classConcept","INTEGER"
"mess:MDIS:2                           mess:fw_pos:1                        ","Attribute","fw_pos","n/a","mess","The actual position, in raw counts of the position resolver on the MDIS filter wheel. For each commanded filter number, the instrument software will try to place the filter wheel at the following positions: FILTER_NUMBER mess.mdis.fw_goal 1 17376 2 11976 3 6492 4 1108 5 61104 6 55684 7 50148 8 44760 9 39256 10 33796 11 28252 12 22852 Commanded position is reported in mess.mdis.fw_goal. There is a tolerance of 240 resolver counts around mess.mdis.fw_goal for mess.mdis.fw_pos to indicate that the filter wheel is correctly positioned.","ppi","ASCII_Integer","0","1","0","65535","Unbounded","Unbounded","Units_of_None","none","TBD_classConcept","INTEGER"
"mess:MDIS:2                           mess:fw_pv:1                         ","Attribute","fw_pv","n/a","mess","Validity flag for position of the MDIS filter wheel given in mess.mdis.fw_pos.","ppi","ASCII_Integer","0","1","-9223372036854775808","9223372036854775807","Unbounded","Unbounded","Units_of_None","none","TBD_classConcept","INTEGER"
"mess:MDIS:2                           mess:fw_pv:2                          Value:0","Value","0","","","invalid"
"mess:MDIS:2                           mess:fw_pv:2                          Value:1","Value","1","","","valid"
"mess:MDIS:2                           mess:fw_read:1                       ","Attribute","fw_read","n/a","mess","The raw value from the MDIS filter wheel resolver in resolver counts. It is used by the flight software to compute mess.mdis.fw_pos. For each commanded filter number, the instrument software will try to place the filter wheel at the following positions: FILTER_NUMBER mess.mdis.fw_goal 1 17376 2 11976 3 6492 4 1108 5 61104 6 55684 7 50148 8 44760 9 39256 10 33796 11 28252 12 22852 Commanded position is reported in mess.mdis.fw_goal. There is a tolerance of 240 resolver counts around mess.mdis.fw_goal for mess.mdis.fw_pos to indicate that the filter wheel is correctly positioned.","ppi","ASCII_Integer","0","1","0","65535","Unbounded","Unbounded","Units_of_None","none","TBD_classConcept","INTEGER"
"mess:MDIS:2                           mess:fw_rv:1                         ","Attribute","fw_rv","n/a","mess","Validity flag for reading of the MDIS filter wheel given in mess.mdis.fw_read.","ppi","ASCII_Integer","0","1","-9223372036854775808","9223372036854775807","Unbounded","Unbounded","Units_of_None","none","TBD_classConcept","INTEGER"
"mess:MDIS:2                           mess:fw_rv:2                          Value:0","Value","0","","","invalid"
"mess:MDIS:2                           mess:fw_rv:2                          Value:1","Value","1","","","valid"
"mess:MDIS:2                           mess:imager:1                        ","Attribute","imager","n/a","mess","Which of the two cameras was used during acquisition of an MDIS image.","ppi","ASCII_Integer","0","1","-9223372036854775808","9223372036854775807","Unbounded","Unbounded","Units_of_None","none","TBD_classConcept","INTEGER"
"mess:MDIS:2                           mess:imager:2                         Value:0","Value","0","","","WAC"
"mess:MDIS:2                           mess:imager:2                         Value:1","Value","1","","","NAC"
"mess:MDIS:2                           mess:img_id_lsb:1                    ","Attribute","img_id_lsb","n/a","mess","The 16 least-significant-bits of the 24-bit unique image identifier from the raw image header. This item was added to images effective with an instrument software update 2009-08-18 and will be set to N/A in images aquired earlier.","ppi","ASCII_Integer","0","1","0","65535","Unbounded","Unbounded","Units_of_None","none","TBD_classConcept","INTEGER"
"mess:MDIS:2                           mess:img_id_msb:1                    ","Attribute","img_id_msb","n/a","mess","The 8 most-significant-bits of the 24-bit unique image identifier from the raw image header. This item was added to images effective with an instrument software update 2009-08-18 and will be set to N/A in images aquired earlier.","ppi","ASCII_Integer","0","1","0","255","Unbounded","Unbounded","Units_of_None","none","TBD_classConcept","INTEGER"
"mess:MDIS:2                           mess:jailbars:1                      ","Attribute","jailbars","n/a","mess","When true, this indicates that an MDIS image is subsampled by jailbars, a subset of all the image columns that are downlinked to save data volume in optical navigation images. The start column, stop column, and column spacing are indicated by mess:jb_x0, mess:jb_x1, and mess:jb_space respectively. Jailbars are defined in the original 1024x1024 pixel MDIS coordinate system before pixel binning as described by mess_fpu_bin and mess:pixelbin.","ppi","ASCII_Integer","0","1","-9223372036854775808","9223372036854775807","Unbounded","Unbounded","Units_of_None","none","TBD_classConcept","INTEGER"
"mess:MDIS:2                           mess:jailbars:2                       Value:0","Value","0","","","False"
"mess:MDIS:2                           mess:jailbars:2                       Value:1","Value","1","","","True"
"mess:MDIS:2                           mess:jb_space:1                      ","Attribute","jb_space","n/a","mess","The column spacing for jailbars in an MDIS image, a subset of all the image columns that are downlinked to save data volume in optical navigation images. Jailbars are defined in the original 1024x1024 pixel MDIS coordinate system before pixel binning as described by mess_fpu_bin and mess:pixelbin.","ppi","ASCII_Integer","0","1","0","1023","Unbounded","Unbounded","Units_of_None","none","TBD_classConcept","INTEGER"
"mess:MDIS:2                           mess:jb_x0:1                         ","Attribute","jb_x0","n/a","mess","The start column for jailbars in an MDIS image, a subset of all the image columns that are downlinked to save data volume in optical navigation images. Jailbars are defined in the original 1024x1024 pixel MDIS coordinate system before pixel binning as described by mess_fpu_bin and mess:pixelbin.","ppi","ASCII_Integer","0","1","0","1023","Unbounded","Unbounded","Units_of_None","none","TBD_classConcept","INTEGER"
"mess:MDIS:2                           mess:jb_x1:1                         ","Attribute","jb_x1","n/a","mess","The stop column for jailbars in an MDIS image, a subset of all the image columns that are downlinked to save data volume in optical navigation images. Jailbars are defined in the original 1024x1024 pixel MDIS coordinate system before pixel binning as described by mess_fpu_bin and mess:pixelbin.","ppi","ASCII_Integer","0","1","0","1023","Unbounded","Unbounded","Units_of_None","none","TBD_classConcept","INTEGER"
"mess:MDIS:2                           mess:latch_up:1                      ","Attribute","latch_up","n/a","mess","Indicator if MDIS FPU is latched up. If the value is 1 then the image data are probably invalid.","ppi","ASCII_Integer","0","1","-9223372036854775808","9223372036854775807","Unbounded","Unbounded","Units_of_None","none","TBD_classConcept","INTEGER"
"mess:MDIS:2                           mess:latch_up:2                       Value:0","Value","0","","","OK"
"mess:MDIS:2                           mess:latch_up:2                       Value:1","Value","1","","","Latched"
"mess:MDIS:2                           mess:met_exp:1                       ","Attribute","met_exp","n/a","mess","The mission-elapsed-time, or MET, in seconds since MESSENGER launch of the second during which an MDIS image completes its exposure.","ppi","ASCII_Integer","0","1","-9223372036854775808","9223372036854775807","Unbounded","Unbounded","Units_of_None","none","TBD_classConcept","INTEGER"
"mess:MDIS:2                           mess:missing_pixel_count:1           ","Attribute","missing_pixel_count","n/a","mess","The missing_pixel_count element provides the number of pixels missing from an image or observation. ","ppi","ASCII_Integer","0","1","0","9223372036854775807","Unbounded","Unbounded","Units_of_None","none","TBD_classConcept","INTEGER"
"mess:MDIS:2                           mess:observation_id:1                ","Attribute","observation_id","n/a","mess","The observation_id element uniquely identifies a scientific observation within a data set.","ppi","ASCII_Short_String_Collapsed","0","1","Unbounded","Unbounded","1","255","Units_of_None","none","TBD_classConcept","SHORT_STRING"
"mess:MDIS:2                           mess:observation_type:1              ","Attribute","observation_type","n/a","mess","The observation_type element identifies the general type of an observation.","ppi","ASCII_Short_String_Collapsed","0","*","Unbounded","Unbounded","1","255","Units_of_None","none","TBD_classConcept","SHORT_STRING"
"mess:MDIS:2                           mess:observation_type:2               Value:Albedo","Value","Albedo","","","Either a NAC image or a WAC 750-nm filter image, targeted or part of global mapping during the extended mission, with a goal of near-nadir pointing and low solar incidence angle."
"mess:MDIS:2                           mess:observation_type:2               Value:Co-align Calibration","Value","Co-align Calibration","","","Pairs of NAC and WAC clear filter images acquired over the course of the mission to track relative pointing of the cameras and to determine camera focal length and distortion parameters as a function of temperature."
"mess:MDIS:2                           mess:observation_type:2               Value:Color","Value","Color","","","Always WAC images, 3- or 8-color targeted, or part of global 8-color mapping during the primary mission with a goal of near-nadir pointing and low solar incidence angle."
"mess:MDIS:2                           mess:observation_type:2               Value:Comet","Value","Comet","","","Images of Comet ISON and Encke."
"mess:MDIS:2                           mess:observation_type:2               Value:Dark Current","Value","Dark Current","","","NAC or WAC 430-nm filter images taken with MDIS stowed."
"mess:MDIS:2                           mess:observation_type:2               Value:Dark Polar Craters","Value","Dark Polar Craters","","","NAC or clear filter WAC images near or including permanently shadowed polar regions, taken as part of a search for features illuminated indirectly by sunlight crater walls."
"mess:MDIS:2                           mess:observation_type:2               Value:Eleven Color","Value","Eleven Color","","","Observations made with all eleven spectral filters spanning the range from 395 to 1040 nm to cover wavelengths diagnostic of different potential surface materials."
"mess:MDIS:2                           mess:observation_type:2               Value:Emission Phase Funct","Value","Emission Phase Function","","","Beginning in Extended Mission 2, 3-color targets using 430-, 750-, and 1000-nm WAC spectral filters at 2 to 5 phase angles were acquired within single orbits or groups of two orbits, to measure spatial differences in photometric properties of targets including pyroclastic vents, hollows, and fresh crater materials."
"mess:MDIS:2                           mess:observation_type:2               Value:Engineering","Value","Engineering","","","Images with no dedicated science purpose."
"mess:MDIS:2                           mess:observation_type:2               Value:High Incidence","Value","High Incidence","","","Either a NAC image or a WAC 750-nm filter image, part of global mapping during the extended mission with a goal of near-nadir pointing and solar incidence angle near 80 degrees."
"mess:MDIS:2                           mess:observation_type:2               Value:Limb","Value","Limb","","","Always a WAC 750-nm filter image, taken in groups from high orbit."
"mess:MDIS:2                           mess:observation_type:2               Value:Min Phase Five Color","Value","Min Phase Five Color","","","Images of the northern plains region in 5 colors at a variable angle off-nadir, to attain a uniform low phase angle near 30 degrees."
"mess:MDIS:2                           mess:observation_type:2               Value:Monochrome","Value","Monochrome","","","Either a NAC image or a WAC 750-nm filter image, targeted or part of global mapping during the primary mission, with a goal of near-nadir pointing and solar incidence angle near 68 degrees."
"mess:MDIS:2                           mess:observation_type:2               Value:NAC WAC Calibration","Value","NAC WAC Calibration","","","11-color image sets of Mercury acquired to use landmarks in the images to determine differences filter to filter in pointing and geometric distortion."
"mess:MDIS:2                           mess:observation_type:2               Value:Northern Polar","Value","Northern Polar","","","A WAC 750-nm filter image taken as part of a recurrent series to map permanent shadow near the northpole."
"mess:MDIS:2                           mess:observation_type:2               Value:Photometry","Value","Photometry","","","Orbital color WAC observations that repeatedly cover representative areas at wide variety of incidence, emission, and phase angles, initially using the same 8-color filter set as for the global 8-color map. Images of the same target are taken multiple times, as the planet's rotation varies the incidence angle as the target region moves from the terminator to near the sub-solar longitude. Later in the mission the number of filters was increased to 11 to improve photometric correction of 11-color targeted observations."
"mess:MDIS:2                           mess:observation_type:2               Value:Pivot Calibration","Value","Pivot Calibration","","","WAC clear filter star images taken weekly near apoapsis in at least 3 pivot positions, to track long-term drift in pointing due to thermally-driven plastic deformation of spacecraft between MDIS base and star cameras."
"mess:MDIS:2                           mess:observation_type:2               Value:Oblique","Value","Oblique","","","High emission angle images of selected area of Mercury for profile views of high-relief features."
"mess:MDIS:2                           mess:observation_type:2               Value:Ridealong NAC","Value","Ridealong NAC","","","NAC image taken at low altitude as part of untargeted high resolution coverage."
"mess:MDIS:2                           mess:observation_type:2               Value:Satellite Search","Value","Satellite Search","","","WAC clear filter image of part of Mercury's gravitational sphere of influence, taken as part of a search for satellites."
"mess:MDIS:2                           mess:observation_type:2               Value:Southern Polar","Value","Southern Polar","","","A WAC 750-nm filter image 1st solar day in orbit, or a NAC image 2nd solar day, taken as part of a recurrent series to map permanent shadow near the south pole."
"mess:MDIS:2                           mess:observation_type:2               Value:Stereo","Value","Stereo","","","Either a NAC image or a WAC 750-nm filter image, targeted or part of global mapping during the primary mission as the stereo complement to the global monochrome map, or part of global mapping during the extended mission as the stereo complement to the albedo map."
"mess:MDIS:2                           mess:observation_type:2               Value:Targeted","Value","Targeted","","","NAC high resolution or stereo, NAC images that ride along with MASCS or MLA targets, WAC unbinned 3-color, or WAC 8-color photometric measurements."
"mess:MDIS:2                           mess:observation_type:2               Value:Three Color","Value","Three Color","","","Part of global 3-color mapping in the extended mission with a goal of near-nadir pointing and low solar incidence angle, with less pixel binning and thus higher spatial resolution than the 8-color map."
"mess:MDIS:2                           mess:observation_type:2               Value:Thermal Calibration","Value","Thermal Calibration","","","WAC clear filter star images taken every several months over one orbit, in groups with multiple pivot positions, to track thermally-driven elastic deformation of the spacecraft between the MDIS base and star cameras."
"mess:MDIS:2                           mess:observation_type:2               Value:Vulcanoid Search","Value","Vulcanoid Search","","","WAC clear filter image of space near the ecliptic plane interior to Mercury's orbit, taken as part of a search for vulcanoid asteroids."
"mess:MDIS:2                           mess:piv_cal:1                       ","Attribute","piv_cal","n/a","mess","The offset in measured pivot position applied to mess.mdis.piv_pos and mess.mdis.piv_goal so that zero is as close as possible to true spacecraft nadir (+z axis). The correction is in increments of (180 DEGREES / (2**15)).","ppi","ASCII_Integer","0","1","-32768","32768","Unbounded","Unbounded","Units_of_None","none","TBD_classConcept","INTEGER"
"mess:MDIS:2                           mess:piv_goal:1                      ","Attribute","piv_goal","n/a","mess","The commanded position of the MDIS pivot during exposure of an MDIS image, in increments of (180 DEGREES / (2**15)) with zero at nadir. -180 degrees is stowed. This item is not available after an instrument sofware upload 2009-08-18 and will be set to N/A in images acquired later.","ppi","ASCII_Integer","0","1","-32768","32768","Unbounded","Unbounded","Units_of_None","none","TBD_classConcept","INTEGER"
"mess:MDIS:2                           mess:piv_mpen:1                      ","Attribute","piv_mpen","n/a","mess","Status of main processor (MP) control of the MDIS pivot. If this is enabled, then the pivot goes to a position broadcast by the MP that points MDIS to nadir or some other aimpoint. If not enabled then a discrete pivot position is commanded.","ppi","ASCII_Integer","0","1","-9223372036854775808","9223372036854775807","Unbounded","Unbounded","Units_of_None","none","TBD_classConcept","INTEGER"
"mess:MDIS:2                           mess:piv_mpen:2                       Value:0","Value","0","","","Disabled"
"mess:MDIS:2                           mess:piv_mpen:2                       Value:1","Value","1","","","Enabled"
"mess:MDIS:2                           mess:piv_pos:1                       ","Attribute","piv_pos","n/a","mess","The actual position of the MDIS pivot during exposure of an MDIS image, in increments of (180 DEGREES / (2**15)) with zero at nadir. -180 degrees is stowed.","ppi","ASCII_Integer","0","1","-32768","32768","Unbounded","Unbounded","Units_of_None","none","TBD_classConcept","INTEGER"
"mess:MDIS:2                           mess:piv_pos_motor:1                 ","Attribute","piv_pos_motor","n/a","mess","The actual position of the MDIS pivot during exposure of an MDIS image, in motor step units. This item is not available prior to an instrument software upload 2009-08-18 and will be set to N/A in images taken earlier.","ppi","ASCII_Integer","0","1","0","65535","Unbounded","Unbounded","Units_of_None","none","TBD_classConcept","INTEGER"
"mess:MDIS:2                           mess:piv_pv:1                        ","Attribute","piv_pv","n/a","mess","Validity flag for position of the MDIS pivot given in mess.mdis.piv_pos.","ppi","ASCII_Integer","0","1","-9223372036854775808","9223372036854775807","Unbounded","Unbounded","Units_of_None","none","TBD_classConcept","INTEGER"
"mess:MDIS:2                           mess:piv_pv:2                         Value:0","Value","0","","","invalid"
"mess:MDIS:2                           mess:piv_pv:2                         Value:1","Value","1","","","valid"
"mess:MDIS:2                           mess:piv_read:1                      ","Attribute","piv_read","n/a","mess","Raw pivot reading from resolver (in units of resolver counts). The pivot platform resolver only covers 45 degrees of motion; the resolver read-out values repeat eight times over the entire 360 degrees that an unconstrained platform could travel. This value is used along with dead-reckoning knowledge of which octant the platform is in to give the value in mess.mdis.piv_pos.","ppi","ASCII_Integer","0","1","0","65535","Unbounded","Unbounded","Units_of_None","none","TBD_classConcept","INTEGER"
"mess:MDIS:2                           mess:piv_rv:1                        ","Attribute","piv_rv","n/a","mess","Validity flag for reading of the MDIS pivot given in mess.mdis.piv_read.","ppi","ASCII_Integer","0","1","-9223372036854775808","9223372036854775807","Unbounded","Unbounded","Units_of_None","none","TBD_classConcept","INTEGER"
"mess:MDIS:2                           mess:piv_rv:2                         Value:0","Value","0","","","invalid"
"mess:MDIS:2                           mess:piv_rv:2                         Value:1","Value","1","","","valid"
"mess:MDIS:2                           mess:piv_stat:1                      ","Attribute","piv_stat","n/a","mess","Pivot control state of MDIS. A resolver provides a position reading of the pivot platform. The resolver only covers 45 degrees of motion; the resolver read-out values repeat eight times over the entire 360 degrees that an unconstrained platform could travel. The DPU software must determine in which of the eight octants the platform is located before the resolver reading is meaningful. The software combines the octant with the resolver reading to form a position that covers the entire 360 degrees. To determine the octant the DPU software must be commanded to 'home' the platform. To home the pivot platform, the software drives the motor open loop backwards into the hard stop at -185 degrees. Then the software drives the motor forward, open loop, prepositioning it to -179 degrees. Until homing is completed, the pivot platform is considered 'lost' and all other pivot commands will remain pending. This status item describes that state of the pivot in determining this position knowledge.","ppi","ASCII_Integer","0","1","-9223372036854775808","9223372036854775807","Unbounded","Unbounded","Units_of_None","none","TBD_classConcept","INTEGER"
"mess:MDIS:2                           mess:piv_stat:2                       Value:0","Value","0","","","Lost"
"mess:MDIS:2                           mess:piv_stat:2                       Value:1","Value","1","","","Searching"
"mess:MDIS:2                           mess:piv_stat:2                       Value:2","Value","2","","","Found"
"mess:MDIS:2                           mess:piv_stat:2                       Value:3","Value","3","","","OK"
"mess:MDIS:2                           mess:pixelbin:1                      ","Attribute","pixelbin","n/a","mess","Pixel binning done to MDIS images by the MESSENGER spacecraft main processor (MP). This is in addition to on-chip binning as described by mess_fpu_bin.","ppi","ASCII_Integer","0","1","-9223372036854775808","9223372036854775807","Unbounded","Unbounded","Units_of_None","none","TBD_classConcept","INTEGER"
"mess:MDIS:2                           mess:pixelbin:2                       Value:0","Value","0","","","no further binning"
"mess:MDIS:2                           mess:pixelbin:2                       Value:2","Value","2","","","2x2 binning"
"mess:MDIS:2                           mess:pixelbin:2                       Value:4","Value","4","","","4x4 binning"
"mess:MDIS:2                           mess:pixelbin:2                       Value:8","Value","8","","","8x8 binning"
"mess:MDIS:2                           mess:saturated_pixel_count:1         ","Attribute","saturated_pixel_count","n/a","mess","The saturated_pixel_count element provides a count of the number of pixels in the array that are at or exceed the maximum DN value. ","ppi","ASCII_Integer","0","1","0","9223372036854775807","Unbounded","Unbounded","Units_of_None","none","TBD_classConcept","INTEGER"
"mess:MDIS:2                           mess:smear_azimuth:1                 ","Attribute","smear_azimuth","n/a","mess","The smear_azimuth element indicates the direction in which an image was smeared. The values of this angle increment in a clockwise direction from a horizontal reference line. ","ppi","ASCII_Real","0","1","0.0","360.0","Unbounded","Unbounded","Units_of_None","none","TBD_classConcept","REAL"
"mess:MDIS:2                           mess:smear_magnitude:1               ","Attribute","smear_magnitude","n/a","mess","The smear_magnitude element indicates how far an image was smeared during an exposure. ","ppi","ASCII_Real","0","1","0.0","1.7976931348623157e308","Unbounded","Unbounded","Units_of_None","none","TBD_classConcept","REAL"
"mess:MDIS:2                           mess:source:1                        ","Attribute","source","n/a","mess","Source of an MDIS image, either a scene image from the CCD or one of two test patterns.","ppi","ASCII_Integer","0","1","-9223372036854775808","9223372036854775807","Unbounded","Unbounded","Units_of_None","none","TBD_classConcept","INTEGER"
"mess:MDIS:2                           mess:source:2                         Value:0","Value","0","","","CCD"
"mess:MDIS:2                           mess:source:2                         Value:1","Value","1","","","Test pattern"
"mess:MDIS:2                           mess:source:2                         Value:2","Value","2","","","Inverted test pattern"
"mess:MDIS:2                           mess:subf_dx1:1                      ","Attribute","subf_dx1","n/a","mess","The number of columns in the FIRST rectangular subframe within an MDIS image to be retained after image compression by the MESSENGER spacecraft main processor (MP). There may be up to five subframes per image as defined by mess_subframe. Subframes are defined in the original 1024x1024 pixel MDIS coordinate system before pixel binning as described by mess:fpu_bin and mess:pixelbin.","ppi","ASCII_Integer","0","1","0","1024","Unbounded","Unbounded","Units_of_None","none","TBD_classConcept","INTEGER"
"mess:MDIS:2                           mess:subf_dx2:1                      ","Attribute","subf_dx2","n/a","mess","The number of columns in the SECOND rectangular subframe within an MDIS image to be retained after image compression by the MESSENGER spacecraft main processor (MP). There may be up to five subframes per image as defined by mess_subframe. Subframes are defined in the original 1024x1024 pixel MDIS coordinate system before pixel binning as described by mess:fpu_bin and mess:pixelbin.","ppi","ASCII_Integer","0","1","0","1024","Unbounded","Unbounded","Units_of_None","none","TBD_classConcept","INTEGER"
"mess:MDIS:2                           mess:subf_dx3:1                      ","Attribute","subf_dx3","n/a","mess","The number of columns in the THIRD rectangular subframe within an MDIS image to be retained after image compression by the MESSENGER spacecraft main processor (MP). There may be up to five subframes per image as defined by mess_subframe. Subframes are defined in the original 1024x1024 pixel MDIS coordinate system before pixel binning as described by mess:fpu_bin and mess:pixelbin.","ppi","ASCII_Integer","0","1","0","1024","Unbounded","Unbounded","Units_of_None","none","TBD_classConcept","INTEGER"
"mess:MDIS:2                           mess:subf_dx4:1                      ","Attribute","subf_dx4","n/a","mess","The number of columns in the FOURTH rectangular subframe within an MDIS image to be retained after image compression by the MESSENGER spacecraft main processor (MP). There may be up to five subframes per image as defined by mess_subframe. Subframes are defined in the original 1024x1024 pixel MDIS coordinate system before pixel binning as described by mess:fpu_bin and mess:pixelbin.","ppi","ASCII_Integer","0","1","0","1024","Unbounded","Unbounded","Units_of_None","none","TBD_classConcept","INTEGER"
"mess:MDIS:2                           mess:subf_dx5:1                      ","Attribute","subf_dx5","n/a","mess","The number of columns in the FIFTH rectangular subframe within an MDIS image to be retained after image compression by the MESSENGER spacecraft main processor (MP). There may be up to five subframes per image as defined by mess_subframe. Subframes are defined in the original 1024x1024 pixel MDIS coordinate system before pixel binning as described by mess:fpu_bin and mess:pixelbin.","ppi","ASCII_Integer","0","1","0","1024","Unbounded","Unbounded","Units_of_None","none","TBD_classConcept","INTEGER"
"mess:MDIS:2                           mess:subf_dy1:1                      ","Attribute","subf_dy1","n/a","mess","The number of rows in the FIRST rectangular subframe within an MDIS image to be retained after image compression by the MESSENGER spacecraft main processor (MP). There may be up to five subframes per image as defined by mess_subframe. Subframes are defined in the original 1024x1024 pixel MDIS coordinate system before pixel binning as described by mess:fpu_bin and mess:pixelbin.","ppi","ASCII_Integer","0","1","0","1024","Unbounded","Unbounded","Units_of_None","none","TBD_classConcept","INTEGER"
"mess:MDIS:2                           mess:subf_dy2:1                      ","Attribute","subf_dy2","n/a","mess","The number of rows in the SECOND rectangular subframe within an MDIS image to be retained after image compression by the MESSENGER spacecraft main processor (MP). There may be up to five subframes per image as defined by mess_subframe. Subframes are defined in the original 1024x1024 pixel MDIS coordinate system before pixel binning as described by mess:fpu_bin and mess:pixelbin.","ppi","ASCII_Integer","0","1","0","1024","Unbounded","Unbounded","Units_of_None","none","TBD_classConcept","INTEGER"
"mess:MDIS:2                           mess:subf_dy3:1                      ","Attribute","subf_dy3","n/a","mess","The number of rows in the THIRD rectangular subframe within an MDIS image to be retained after image compression by the MESSENGER spacecraft main processor (MP). There may be up to five subframes per image as defined by mess_subframe. Subframes are defined in the original 1024x1024 pixel MDIS coordinate system before pixel binning as described by mess:fpu_bin and mess:pixelbin.","ppi","ASCII_Integer","0","1","0","1024","Unbounded","Unbounded","Units_of_None","none","TBD_classConcept","INTEGER"
"mess:MDIS:2                           mess:subf_dy4:1                      ","Attribute","subf_dy4","n/a","mess","The number of rows in the FOURTH rectangular subframe within an MDIS image to be retained after image compression by the MESSENGER spacecraft main processor (MP). There may be up to five subframes per image as defined by mess_subframe. Subframes are defined in the original 1024x1024 pixel MDIS coordinate system before pixel binning as described by mess:fpu_bin and mess:pixelbin.","ppi","ASCII_Integer","0","1","0","1024","Unbounded","Unbounded","Units_of_None","none","TBD_classConcept","INTEGER"
"mess:MDIS:2                           mess:subf_dy5:1                      ","Attribute","subf_dy5","n/a","mess","The number of rows in the FIFTH rectangular subframe within an MDIS image to be retained after image compression by the MESSENGER spacecraft main processor (MP). There may be up to five subframes per image as defined by mess_subframe. Subframes are defined in the original 1024x1024 pixel MDIS coordinate system before pixel binning as described by mess:fpu_bin and mess:pixelbin.","ppi","ASCII_Integer","0","1","0","1024","Unbounded","Unbounded","Units_of_None","none","TBD_classConcept","INTEGER"
"mess:MDIS:2                           mess:subframe:1                      ","Attribute","subframe","n/a","mess","Number of rectangular subframes within an MDIS image to be retained after image compression by the MESSENGER spacecraft main processor (MP). Subframes may overlap each other, and are defined in the original 1024x1024 pixel MDIS coordinate system before pixel binning as described by mess:fpu_bin and mess:pixelbin. Either a full image may be specified, or up to five discrete regions within the full image. In all cases, the first four columns of the original 1024x1024 image, which are physically masked and serve as a dark current reference, are downlinked as subframe 0, even if the full image case is described. Within the subframes, pixel binning as described by mess:fpu_bin and mess:pixelbin is performed.","ppi","ASCII_Integer","0","1","-9223372036854775808","9223372036854775807","Unbounded","Unbounded","Units_of_None","none","TBD_classConcept","INTEGER"
"mess:MDIS:2                           mess:subframe:2                       Value:0","Value","0","","","no subframes (full image)"
"mess:MDIS:2                           mess:subframe:2                       Value:1","Value","1","","","1 subframe"
"mess:MDIS:2                           mess:subframe:2                       Value:2","Value","2","","","2 subframes"
"mess:MDIS:2                           mess:subframe:2                       Value:3","Value","3","","","3 subframes"
"mess:MDIS:2                           mess:subframe:2                       Value:4","Value","4","","","4 subframes"
"mess:MDIS:2                           mess:subframe:2                       Value:5","Value","5","","","5 subframes"
"mess:MDIS:2                           mess:subf_x1:1                       ","Attribute","subf_x1","n/a","mess","The zero-based starting column of the FIRST rectangular subframe within an MDIS image to be retained after image compression by the MESSENGER spacecraft main processor (MP). There may be up to five subframes per image as defined by mess:subframe. Subframes are defined in the original 1024x1024 pixel MDIS coordinate system before pixel binning as described by mess_fpu_bin and mess:pixelbin.","ppi","ASCII_Integer","0","1","0","1023","Unbounded","Unbounded","Units_of_None","none","TBD_classConcept","INTEGER"
"mess:MDIS:2                           mess:subf_x2:1                       ","Attribute","subf_x2","n/a","mess","The zero-based starting column of the SECOND rectangular subframe within an MDIS image to be retained after image compression by the MESSENGER spacecraft main processor (MP). There may be up to five subframes per image as defined by mess:subframe. Subframes are defined in the original 1024x1024 pixel MDIS coordinate system before pixel binning as described by mess_fpu_bin and mess:pixelbin.","ppi","ASCII_Integer","0","1","0","1023","Unbounded","Unbounded","Units_of_None","none","TBD_classConcept","INTEGER"
"mess:MDIS:2                           mess:subf_x3:1                       ","Attribute","subf_x3","n/a","mess","The zero-based starting column of the THIRD rectangular subframe within an MDIS image to be retained after image compression by the MESSENGER spacecraft main processor (MP). There may be up to five subframes per image as defined by mess:subframe. Subframes are defined in the original 1024x1024 pixel MDIS coordinate system before pixel binning as described by mess_fpu_bin and mess:pixelbin.","ppi","ASCII_Integer","0","1","0","1023","Unbounded","Unbounded","Units_of_None","none","TBD_classConcept","INTEGER"
"mess:MDIS:2                           mess:subf_x4:1                       ","Attribute","subf_x4","n/a","mess","The zero-based starting column of the FOURTH rectangular subframe within an MDIS image to be retained after image compression by the MESSENGER spacecraft main processor (MP). There may be up to five subframes per image as defined by mess:subframe. Subframes are defined in the original 1024x1024 pixel MDIS coordinate system before pixel binning as described by mess_fpu_bin and mess:pixelbin.","ppi","ASCII_Integer","0","1","0","1023","Unbounded","Unbounded","Units_of_None","none","TBD_classConcept","INTEGER"
"mess:MDIS:2                           mess:subf_x5:1                       ","Attribute","subf_x5","n/a","mess","The zero-based starting column of the FIFTH rectangular subframe within an MDIS image to be retained after image compression by the MESSENGER spacecraft main processor (MP). There may be up to five subframes per image as defined by mess:subframe. Subframes are defined in the original 1024x1024 pixel MDIS coordinate system before pixel binning as described by mess_fpu_bin and mess:pixelbin.","ppi","ASCII_Integer","0","1","0","1023","Unbounded","Unbounded","Units_of_None","none","TBD_classConcept","INTEGER"
"mess:MDIS:2                           mess:subf_y1:1                       ","Attribute","subf_y1","n/a","mess","The zero-based starting row of the FIRST rectangular subframe within an MDIS image to be retained after image compression by the MESSENGER spacecraft main processor (MP). There may be up to five subframes per image as defined by mess:subframe. Subframes are defined in the original 1024x1024 pixel MDIS coordinate system before pixel binning as described by mess_fpu_bin and mess:pixelbin.","ppi","ASCII_Integer","0","1","0","1023","Unbounded","Unbounded","Units_of_None","none","TBD_classConcept","INTEGER"
"mess:MDIS:2                           mess:subf_y2:1                       ","Attribute","subf_y2","n/a","mess","The zero-based starting row of the SECOND rectangular subframe within an MDIS image to be retained after image compression by the MESSENGER spacecraft main processor (MP). There may be up to five subframes per image as defined by mess:subframe. Subframes are defined in the original 1024x1024 pixel MDIS coordinate system before pixel binning as described by mess_fpu_bin and mess:pixelbin.","ppi","ASCII_Integer","0","1","0","1023","Unbounded","Unbounded","Units_of_None","none","TBD_classConcept","INTEGER"
"mess:MDIS:2                           mess:subf_y3:1                       ","Attribute","subf_y3","n/a","mess","The zero-based starting row of the THIRD rectangular subframe within an MDIS image to be retained after image compression by the MESSENGER spacecraft main processor (MP). There may be up to five subframes per image as defined by mess:subframe. Subframes are defined in the original 1024x1024 pixel MDIS coordinate system before pixel binning as described by mess_fpu_bin and mess:pixelbin.","ppi","ASCII_Integer","0","1","0","1023","Unbounded","Unbounded","Units_of_None","none","TBD_classConcept","INTEGER"
"mess:MDIS:2                           mess:subf_y4:1                       ","Attribute","subf_y4","n/a","mess","The zero-based starting row of the FOURTH rectangular subframe within an MDIS image to be retained after image compression by the MESSENGER spacecraft main processor (MP). There may be up to five subframes per image as defined by mess:subframe. Subframes are defined in the original 1024x1024 pixel MDIS coordinate system before pixel binning as described by mess_fpu_bin and mess:pixelbin.","ppi","ASCII_Integer","0","1","0","1023","Unbounded","Unbounded","Units_of_None","none","TBD_classConcept","INTEGER"
"mess:MDIS:2                           mess:subf_y5:1                       ","Attribute","subf_y5","n/a","mess","The zero-based starting row of the FIFTH rectangular subframe within an MDIS image to be retained after image compression by the MESSENGER spacecraft main processor (MP). There may be up to five subframes per image as defined by mess:subframe. Subframes are defined in the original 1024x1024 pixel MDIS coordinate system before pixel binning as described by mess_fpu_bin and mess:pixelbin.","ppi","ASCII_Integer","0","1","0","1023","Unbounded","Unbounded","Units_of_None","none","TBD_classConcept","INTEGER"
"mess:MDIS:2                           mess:time_pls:1                      ","Attribute","time_pls","n/a","mess","Source of the 1 Hz time pulse used in time-tagging MDIS images.","ppi","ASCII_Integer","0","1","-9223372036854775808","9223372036854775807","Unbounded","Unbounded","Units_of_None","none","TBD_classConcept","INTEGER"
"mess:MDIS:2                           mess:time_pls:2                       Value:0","Value","0","","","Software"
"mess:MDIS:2                           mess:time_pls:2                       Value:1","Value","1","","","Main Processor A (MP-A)"
"mess:MDIS:2                           mess:time_pls:2                       Value:2","Value","2","","","Main Processor B (MP-B)"
"mess:MDIS:2                           mess:time_pls:2                       Value:3","Value","3","","","Software"
"mess:MDIS:2                           mess:wvlratio:1                      ","Attribute","wvlratio","n/a","mess","Commanded (lossy) wavelet compression ratio for an MDIS image.","ppi","ASCII_Integer","0","1","-9223372036854775808","9223372036854775807","Unbounded","Unbounded","Units_of_None","none","TBD_classConcept","INTEGER"
"mess:MDIS:2                           mess:wvlratio:2                       Value:0","Value","0","","","no wavelet compression (note: this expands an 8 or 12 bit image to 16 bits per pixel)"
"mess:MDIS:2                           mess:wvlratio:2                       Value:1","Value","1","","","'1x' compression (actually lossless, with an indeterminate ratio)"
"mess:MDIS:2                           mess:wvlratio:2                       Value:2","Value","2","","","2x compression"
"mess:MDIS:2                           mess:wvlratio:2                       Value:3","Value","3","","","3x compression"
"mess:MDIS:2                           mess:wvlratio:2                       Value:4","Value","4","","","4x compression"
"mess:MDIS:2                           mess:wvlratio:2                       Value:5","Value","5","","","5x compression"
"mess:MDIS:2                           mess:wvlratio:2                       Value:6","Value","6","","","6x compression"
"mess:MDIS:2                           mess:wvlratio:2                       Value:7","Value","7","","","7x compression"
"mess:MDIS:2                           mess:wvlratio:2                       Value:8","Value","8","","","8x compression"
"mess:MDIS:2                           mess:wvlratio:2                       Value:9","Value","9","","","9x compression"
"mess:MDIS:2                           mess:wvlratio:2                       Value:10","Value","10","","","10x compression"
"mess:MDIS:2                           mess:wvlratio:2                       Value:11","Value","11","","","11x compression"
"mess:MDIS:2                           mess:wvlratio:2                       Value:12","Value","12","","","12x compression"
"mess:MDIS:2                           mess:wvlratio:2                       Value:13","Value","13","","","13x compression"
"mess:MDIS:2                           mess:wvlratio:2                       Value:14","Value","14","","","14x compression"
"mess:MDIS:2                           mess:wvlratio:2                       Value:15","Value","15","","","15x compression"
"mess:MDIS:2                           mess:wvlratio:2                       Value:16","Value","16","","","16x compression"
"mess:MDIS:2                           mess:wvlratio:2                       Value:17","Value","17","","","17x compression"
"mess:MDIS:2                           mess:wvlratio:2                       Value:18","Value","18","","","18x compression"
"mess:MDIS:2                           mess:wvlratio:2                       Value:19","Value","19","","","19x compression"
"mess:MDIS:2                           mess:wvlratio:2                       Value:20","Value","20","","","20x compression"
"mess:MDIS:2                           mess:wvlratio:2                       Value:21","Value","21","","","21x compression"
"mess:MDIS:2                           mess:wvlratio:2                       Value:22","Value","22","","","22x compression"
"mess:MDIS:2                           mess:wvlratio:2                       Value:23","Value","23","","","23x compression"
"mess:MDIS:2                           mess:wvlratio:2                       Value:24","Value","24","","","24x compression"
"mess:MDIS:2                           mess:wvlratio:2                       Value:25","Value","25","","","25x compression"
"mess:MDIS:2                           mess:wvlratio:2                       Value:26","Value","26","","","26x compression"
"mess:MDIS:2                           mess:wvlratio:2                       Value:27","Value","27","","","27x compression"
"mess:MDIS:2                           mess:wvlratio:2                       Value:28","Value","28","","","28x compression"
"mess:MDIS:2                           mess:wvlratio:2                       Value:29","Value","29","","","29x compression"
"mess:MDIS:2                           mess:wvlratio:2                       Value:30","Value","30","","","30x compression"
"mess:MDIS:2                           mess:wvlratio:2                       Value:31","Value","31","","","31x compression"
"mess:MDIS:2                           mess:wvlratio:2                       Value:32","Value","32","","","32x compression"
"mess:MESSENGER:1                     ","Class","MESSENGER","1.0.0.0","mess","The MESSENGER class is the container for MESSENGER mission-specific metadata elements. ","ppi","","","","","","","","","","",""
"mess:MESSENGER:2                      mess:mission_phase_name:1            ","Attribute","mission_phase_name","n/a","mess","The mission_phase_name attribute provides the mission-defined name of a mission phase.","ppi","ASCII_Short_String_Collapsed","0","*","Unbounded","Unbounded","1","255","Units_of_None","none","TBD_classConcept","SHORT_STRING"
"mess:MESSENGER:2                      mess:mission_phase_name:2             Value:Launch","Value","Launch","","","2004-08-03 (2004-216)to 2004-09-12 (2004-256)"
"mess:MESSENGER:2                      mess:mission_phase_name:2             Value:Earth Cruise","Value","Earth Cruise","","","2004-09-13 (2004-257) to 2005-07-18 (2005-199)"
"mess:MESSENGER:2                      mess:mission_phase_name:2             Value:Earth Flyby","Value","Earth Flyby","","","2005-07-19 (2005-200) to 2005-08-16 (2005-228)"
"mess:MESSENGER:2                      mess:mission_phase_name:2             Value:Venus 1 Cruise","Value","Venus 1 Cruise","","","2005-08-17 (2005-229) to 2006-10-09 (2006-282)"
"mess:MESSENGER:2                      mess:mission_phase_name:2             Value:Venus 1 Flyby","Value","Venus 1 Flyby","","","2006-10-10 (2006-283) to 2006-11-07 (2006-311)"
"mess:MESSENGER:2                      mess:mission_phase_name:2             Value:Venus 2 Cruise","Value","Venus 2 Cruise","","","2006-11-08 (2006-312) to 2007-05-22 (2007-142)"
"mess:MESSENGER:2                      mess:mission_phase_name:2             Value:Venus 2 Flyby","Value","Venus 2 Flyby","","","2007-05-23 (2007-143) to 2007-06-20 (2007-171)"
"mess:MESSENGER:2                      mess:mission_phase_name:2             Value:Mercury 1 Cruise","Value","Mercury 1 Cruise","","","2007-06-21 (2007-172) to 2007-12-30 (2007-364)"
"mess:MESSENGER:2                      mess:mission_phase_name:2             Value:Mercury 1 Flyby","Value","Mercury 1 Flyby","","","2007-12-31 (2007-365) to 2008-01-28 (2008-028)"
"mess:MESSENGER:2                      mess:mission_phase_name:2             Value:Mercury 2 Cruise","Value","Mercury 2 Cruise","","","2008-01-29 (2008-029) to 2008-09-21 (2008-265)"
"mess:MESSENGER:2                      mess:mission_phase_name:2             Value:Mercury 2 Flyby","Value","Mercury 2 Flyby","","","2008-09-22 (2008-266) to 2008-10-20 (2008-294)"
"mess:MESSENGER:2                      mess:mission_phase_name:2             Value:Mercury 3 Cruise","Value","Mercury 3 Cruise","","","2008-10-21 (2008-295) to 2009-10-14 (2009-287)"
"mess:MESSENGER:2                      mess:mission_phase_name:2             Value:Mercury 3 Flyby","Value","Mercury 3 Flyby","","","2009-09-16 (2009-259) to 2009-10-14 (2009-287)"
"mess:MESSENGER:2                      mess:mission_phase_name:2             Value:Mercury 4 Cruise","Value","Mercury 4 Cruise","","","2009-10-15 (2009-288) to 2011-03-03 (2011-062)"
"mess:MESSENGER:2                      mess:mission_phase_name:2             Value:Mercury Orbit","Value","Mercury Orbit","","","2011-03-04 (2011-063) to 2012-03-17 (2012-077) This phase began at Mercury orbit insertion and continued through the first year of orbital operations."
"mess:MESSENGER:2                      mess:mission_phase_name:2             Value:Mercury Orbit Year 2","Value","Mercury Orbit Year 2","","","2012-03-18 (2012-078) to 2013-03-17 (2013-076)"
"mess:MESSENGER:2                      mess:mission_phase_name:2             Value:Mercury Orbit Year 3","Value","Mercury Orbit Year 3","","","2013-03-18 (2013-077) to 2014-03-17 (2014-076)"
"mess:MESSENGER:2                      mess:mission_phase_name:2             Value:Mercury Orbit Year 4","Value","Mercury Orbit Year 4","","","2014-03-18 (2014-077) to 2015-03-17 (2015-076)"
"mess:MESSENGER:2                      mess:mission_phase_name:2             Value:Mercury Orbit Year 5","Value","Mercury Orbit Year 5","","","2015-03-18 (2014-077) to 2015-04-30 (2015-120). The Orbit phase year 5 continued the extended mission through to the end of orbital operations. This phase continued the most intensive science portion of the mission with full instrument utilization through near the end of the period which ended when the spacecraft impacted Mercury as expected on 30 April 2015."
"mess:MESSENGER:2                      mess:orbit_number:1                  ","Attribute","orbit_number","n/a","mess","The orbit_number attribute identifies the number of the orbital revolution of a spacecraft around a target body. For MESSENGER, the orbit number was incremented at apoapsis. For observations made before the spacecraft was in orbit, orbit_number has no value, and its nilReason attribute is "inapplicable". ","ppi","ASCII_NonNegative_Integer","0","1","0","18446744073709551615","Unbounded","Unbounded","Units_of_None","none","TBD_classConcept","INTEGER"
"mess:MESSENGER:2                      mess:spacecraft_clock_start_count:1  ","Attribute","spacecraft_clock_start_count","n/a","mess","The spacecraft_clock_start_count attribute provides the value of the spacecraft clock at the beginning of a time period of interest. A planned reset of the on-board clock of the MESSENGER spacecraft occurred on January 8, 2013. This was commanded by Mission Operations and was done because the integer seconds part of the on-board mission- elapsed-time (MET) counter is not long enough to contain the larger MET values that would occur due to the extended mission. The MESSENGER team elected to command the clock reset and set MET to a small non-zero value to prevent disruptions in on-board timekeeping and other effects (that might have occurred if the clock were allowed to automatically rollover to 0 in early 2013) and to ensure that the MET counter would accomodate the remaining extended mission. As a result of the spacecraft clock reset, a discontinuity was introduced and MET values are no longer guaranteed to be unique throughout the mission. This ambiguity is resolved in ground processing by the use of SPICE 'clock partitions' (partition 1 for pre-reset METs and partition 2 for post-reset METs) in the Spacecraft Clock (SCLK) kernel (which supports mapping MET to other time forms using SPICE routines as described below) and with MET values stored in PDS products, labels, and for some instruments, product file names. For MET values in products or labels, a '1/' or '2/' preceding MET indicates the partition, as in: SPACECRAFT_CLOCK_START_COUNT = '1/265485874' SPACECRAFT_CLOCK_STOP_COUNT = '2/000100005' When using SPICE routines, clock partition numbers should be included with MET input values. METs expressed without an explicit partition number are associated with clock partition 1 by default. Use of clock partition numbers in file names for some MDIS products is described in the MDIS EDR and CDR/RDR SIS documents with those data sets. ","ppi","ASCII_Short_String_Collapsed","0","1","Unbounded","Unbounded","1","255","Units_of_None","none","TBD_classConcept","SHORT_STRING"
"mess:MESSENGER:2                      mess:spacecraft_clock_stop_count:1   ","Attribute","spacecraft_clock_stop_count","n/a","mess","The spacecraft_clock_stop_count attribute provides the value of the spacecraft clock at the beginning of a time period of interest. A planned reset of the on-board clock of the MESSENGER spacecraft occurred on January 8, 2013. This was commanded by Mission Operations and was done because the integer seconds part of the on-board mission- elapsed-time (MET) counter is not long enough to contain the larger MET values that would occur due to the extended mission. The MESSENGER team elected to command the clock reset and set MET to a small non-zero value to prevent disruptions in on-board timekeeping and other effects (that might have occurred if the clock were allowed to automatically rollover to 0 in early 2013) and to ensure that the MET counter would accomodate the remaining extended mission. As a result of the spacecraft clock reset, a discontinuity was introduced and MET values are no longer guaranteed to be unique throughout the mission. This ambiguity is resolved in ground processing by the use of SPICE 'clock partitions' (partition 1 for pre-reset METs and partition 2 for post-reset METs) in the Spacecraft Clock (SCLK) kernel (which supports mapping MET to other time forms using SPICE routines as described below) and with MET values stored in PDS products, labels, and for some instruments, product file names. For MET values in products or labels, a '1/' or '2/' preceding MET indicates the partition, as in: SPACECRAFT_CLOCK_START_COUNT = '1/265485874' SPACECRAFT_CLOCK_STOP_COUNT = '2/000100005' When using SPICE routines, clock partition numbers should be included with MET input values. METs expressed without an explicit partition number are associated with clock partition 1 by default. Use of clock partition numbers in file names for some MDIS products is described in the MDIS EDR and CDR/RDR SIS documents with those data sets. ","ppi","ASCII_Short_String_Collapsed","0","1","Unbounded","Unbounded","1","255","Units_of_None","none","TBD_classConcept","SHORT_STRING"
"mess:MESSENGER:2                      mess:standard_data_product_id:1      ","Attribute","standard_data_product_id","n/a","mess","The standard_data_product_id keyword is used to identify data products of the same processing level that are not otherwise indentified by being in different collections within the bundle.","ppi","ASCII_Short_String_Collapsed","0","1","Unbounded","Unbounded","1","255","Units_of_None","none","TBD_classConcept","SHORT_STRING"
"mess:MESSENGER:2                      mess:software_name:1                 ","Attribute","software_name","n/a","mess","The name of the software used to generate the product.","ppi","ASCII_Short_String_Collapsed","0","1","Unbounded","Unbounded","1","255","Units_of_None","none","TBD_classConcept","SHORT_STRING"
"mess:MESSENGER:2                      mess:software_version_id:1           ","Attribute","software_version_id","n/a","mess","The version of the software used to generate the product. It usually has the form m.n","ppi","ASCII_Short_String_Collapsed","0","1","Unbounded","Unbounded","1","255","Units_of_None","none","TBD_classConcept","SHORT_STRING"
"mess:MESSENGER:2                      mess:detector_id:1                   ","Attribute","detector_id","n/a","mess","The value indicates what detector of the GRS instrument measured the observation.","ppi","ASCII_Short_String_Collapsed","0","1","Unbounded","Unbounded","1","255","Units_of_None","none","TBD_classConcept","SHORT_STRING"
"mess:MESSENGER:2                      mess:detector_id:2                    Value:shield","Value","shield","","","Measurement from the GRS shield detector"
"mess:MESSENGER:2                      mess:detector_id:2                    Value:acs","Value","acs","","","Measurement from the GRS anti-coincidence shield."
"mess:MESSENGER:2                      mess:detector_id:2                    Value:hpge","Value","hpge","","","Measurement from the high purity Germanium (HPGe) detector."
"mess:MESSENGER:2                      mess:detector_id:2                    Value:microphonics","Value","microphonics","","","Measurement from the microphoncis detector."
