<?xml version="1.0" encoding="UTF-8"?>
<?xml-model
    href="http://pds.nasa.gov/pds4/pds/v1/PDS4_PDS_1E00.sch"
    schematypens="http://purl.oclc.org/dsdl/schematron"?>

<!-- PDS4 Local Data Dictionary Extended Ingest File for Display        -->

<Ingest_LDD
    xmlns="http://pds.nasa.gov/pds4/pds/v1"
    xmlns:xsi="http://www.w3.org/2001/XMLSchema-instance"
    xsi:schemaLocation="http://pds.nasa.gov/pds4/pds/v1 
                        http://pds.nasa.gov/pds4/pds/v1/PDS4_PDS_1E00.xsd ">

  <name>Display</name>
  <ldd_version_id>1.5.1.0</ldd_version_id>
  <dictionary_type>Discipline</dictionary_type>
  <full_name>Trent Hare</full_name>
  <steward_id>img</steward_id>
  <namespace_id>disp</namespace_id>
  <comment>This dictionary describes how to display Array data on a display device.
  
    ## CHANGE LOG ##

    1.5.0.0
    - ported from 1.4.0.0 schema to LDD for PDS IM 1E00 and 1F00
    - added two rules under Display_Settings_0, (1) to add at least one 
      local_reference_type, for now - 'display_settings_to_array' and 
      (2) to make sure local_identifier_reference values under Display matches 
      the local_identifier attribute under Array_*
      - This rule also seems to be inserted during LDDtool build 
        so currently it is being duplicated.
      
    1.5.1.0 
    - Added display_settings_validate_axis rules and tests for the new rules by Jesse S.
  
  </comment>
  <last_modification_date_time>2021-10-20T14:40:00Z</last_modification_date_time>

  <!--  Attributes: BEGIN  -->
  
  <DD_Attribute>
    <name>horizontal_display_axis</name>
    <version_id>1.0</version_id>
    <local_identifier>horizontal_display_axis</local_identifier>
    <nillable_flag>false</nillable_flag>
    <submitter_name>Elizabeth D. Rye</submitter_name>
    <definition>The horizontal_display_axis attribute identifies, by name,
      the axis of an Array (or Array subclass) that is intended to be
      displayed in the horizontal or "sample" dimension on a display
      device.  The value of this attribute must match the value of one, and
      only one, axis_name attribute in an Axis_Array class of the
      associated Array.</definition>
    <DD_Value_Domain>
      <enumeration_flag>false</enumeration_flag>
      <value_data_type>ASCII_Short_String_Collapsed</value_data_type>
      <unit_of_measure_type>Units_of_None</unit_of_measure_type>
    </DD_Value_Domain>
  </DD_Attribute>

  <DD_Attribute>
    <name>horizontal_display_direction</name>
    <version_id>1.0</version_id>
    <local_identifier>horizontal_display_direction</local_identifier>
    <nillable_flag>false</nillable_flag>
    <submitter_name>Elizabeth.D.Rye</submitter_name>
    <definition>The horizontal_display_direction attribute specifies the
      direction across the screen of a display device that data along the
      horizontal axis of an Array is supposed to be displayed.</definition>
    <DD_Value_Domain>
      <enumeration_flag>true</enumeration_flag>
      <value_data_type>ASCII_Short_String_Collapsed</value_data_type>
      <minimum_characters>13</minimum_characters>
      <maximum_characters>13</maximum_characters>
      <unit_of_measure_type>Units_of_None</unit_of_measure_type>
      <DD_Permissible_Value>
        <value>Left to Right</value>
        <value_meaning>The lowest indexed element along an array axis should be displayed at the left edge of a display device and elements with higher indices should be displayed further to the right.  Note that this is the standard display direction for most major image formats.</value_meaning>
      </DD_Permissible_Value>
      <DD_Permissible_Value>
        <value>Right to Left</value>
        <value_meaning>The lowest indexed element along an array axis should be displayed at the right edge of a display device and elements with higher indices should be displayed further to the left.  Note that virtually no image display formats use this display direction.  Use this only when deliberately mirroring the image around the vertical axis.</value_meaning>
      </DD_Permissible_Value>
    </DD_Value_Domain>
  </DD_Attribute>

  <DD_Attribute>
    <name>vertical_display_axis</name>
    <version_id>1.0</version_id>
    <local_identifier>vertical_display_axis</local_identifier>
    <nillable_flag>false</nillable_flag>
    <submitter_name>Elizabeth D. Rye</submitter_name>
    <definition>The vertical_display_axis attribute identifies, by name,
      the axis of an Array (or Array subclass) that is intended to be
      displayed in the vertical or "line" dimension on a display device. 
      The value of this attribute must match the value of one, and only
      one, axis_name attribute in an Axis_Array class of the associated
      Array.</definition>
    <DD_Value_Domain>
      <enumeration_flag>false</enumeration_flag>
      <value_data_type>ASCII_Short_String_Collapsed</value_data_type>
      <unit_of_measure_type>Units_of_None</unit_of_measure_type>
    </DD_Value_Domain>
  </DD_Attribute>

  <DD_Attribute>
    <name>vertical_display_direction</name>
    <version_id>1.0</version_id>
    <local_identifier>vertical_display_direction</local_identifier>
    <nillable_flag>false</nillable_flag>
    <submitter_name>Elizabeth.D.Rye</submitter_name>
    <definition>The vertical_display_direction attribute specifies the
      direction along the screen of a display device that data along the
      vertical axis of an Array is supposed to be displayed.</definition>
    <DD_Value_Domain>
      <enumeration_flag>true</enumeration_flag>
      <value_data_type>ASCII_Short_String_Collapsed</value_data_type>
      <minimum_characters>13</minimum_characters>
      <maximum_characters>13</maximum_characters>
      <unit_of_measure_type>Units_of_None</unit_of_measure_type>
      <DD_Permissible_Value>
        <value>Top to Bottom</value>
        <value_meaning>The lowest indexed element along an array axis should be displayed at the top edge of a display device and elements with higher indices should be displayed lower down.  This is the display direction typically used for VICAR formatted data.</value_meaning>
      </DD_Permissible_Value>
      <DD_Permissible_Value>
        <value>Bottom to Top</value>
        <value_meaning>The lowest indexed element along an array axis should be displayed at the bottom edge of a display device and elements with higher indices should be displayed higher up.  This is the display direction typically used for FITS formatted data.</value_meaning>
      </DD_Permissible_Value>
    </DD_Value_Domain>
  </DD_Attribute>

  <DD_Attribute>
    <name>color_display_axis</name>
    <version_id>1.0</version_id>
    <local_identifier>color_display_axis</local_identifier>
    <nillable_flag>false</nillable_flag>
    <submitter_name>Elizabeth D. Rye</submitter_name>
    <definition>The color_display_axis attribute identifies, by name, the
      axis of an Array (or Array subclass) that is intended to be displayed
      in the color dimension of a display device.  I.e., bands from this
      dimension will be loaded into the red, green, and blue bands of the
      display device.  The value of this attribute must match the value of
      one, and only one, axis_name attribute in an Axis_Array class of the
      associated Array.</definition>
    <DD_Value_Domain>
      <enumeration_flag>false</enumeration_flag>
      <value_data_type>ASCII_Short_String_Collapsed</value_data_type>
      <unit_of_measure_type>Units_of_None</unit_of_measure_type>
    </DD_Value_Domain>
  </DD_Attribute>

  <DD_Attribute>
    <name>red_channel_band</name>
    <version_id>1.0</version_id>
    <local_identifier>red_channel_band</local_identifier>
    <nillable_flag>false</nillable_flag>
    <submitter_name>Elizabeth D. Rye</submitter_name>
    <definition>The red_channel_band attribute identifies the number of the
      band, along the band axis, that should be loaded, by default, into
      the red channel of a display device.  The first band along the band
      axis has band number 1.</definition>
    <DD_Value_Domain>
      <enumeration_flag>false</enumeration_flag>
      <value_data_type>ASCII_Integer</value_data_type>
      <minimum_value>1</minimum_value>
      <unit_of_measure_type>Units_of_None</unit_of_measure_type>
    </DD_Value_Domain>
  </DD_Attribute>

  <DD_Attribute>
    <name>green_channel_band</name>
    <version_id>1.0</version_id>
    <local_identifier>green_channel_band</local_identifier>
    <nillable_flag>false</nillable_flag>
    <submitter_name>Elizabeth D. Rye</submitter_name>
    <definition>The green_channel_band attribute identifies the number of
      the band, along the band axis, that should be loaded, by default,
      into the green channel of a display device.  The first band along the
      band axis has band number 1.</definition>
    <DD_Value_Domain>
      <enumeration_flag>false</enumeration_flag>
      <value_data_type>ASCII_Integer</value_data_type>
      <minimum_value>1</minimum_value>
      <unit_of_measure_type>Units_of_None</unit_of_measure_type>
    </DD_Value_Domain>
  </DD_Attribute>

  <DD_Attribute>
    <name>blue_channel_band</name>
    <version_id>1.0</version_id>
    <local_identifier>blue_channel_band</local_identifier>
    <nillable_flag>false</nillable_flag>
    <submitter_name>Elizabeth D. Rye</submitter_name>
    <definition>The blue_channel_band attribute identifies the number of
      the band, along the band axis, that should be loaded, by default,
      into the blue channel of a display device.  The first band along the
      band axis has band number 1.</definition>
    <DD_Value_Domain>
      <enumeration_flag>false</enumeration_flag>
      <value_data_type>ASCII_Integer</value_data_type>
      <minimum_value>1</minimum_value>
      <unit_of_measure_type>Units_of_None</unit_of_measure_type>
    </DD_Value_Domain>
  </DD_Attribute>

  <DD_Attribute>
    <name>time_display_axis</name>
    <version_id>1.0</version_id>
    <local_identifier>time_display_axis</local_identifier>
    <nillable_flag>false</nillable_flag>
    <submitter_name>Elizabeth D. Rye</submitter_name>
    <definition>The time_display_axis attribute identifies, by name, the
      axis of an Array (or Array subclass), the bands of which are intended
      to be displayed sequentially in time on a display device.  The
      frame_rate attribute, if present, provides the rate at which these
      bands are to be displayed.</definition>
    <DD_Value_Domain>
      <enumeration_flag>false</enumeration_flag>
      <value_data_type>ASCII_Short_String_Collapsed</value_data_type>
      <unit_of_measure_type>Units_of_None</unit_of_measure_type>
    </DD_Value_Domain>
  </DD_Attribute>

  <DD_Attribute>
    <name>frame_rate</name>
    <version_id>1.0</version_id>
    <local_identifier>frame_rate</local_identifier>
    <nillable_flag>false</nillable_flag>
    <submitter_name>Elizabeth D. Rye</submitter_name>
    <definition>The frame_rate attribute indicates the number of still
      pictures (or frames) that should be displayed per unit of time in a
      video.  Note this is NOT necessarily the same as the rate at which
      the images were acquired.</definition>
    <DD_Value_Domain>
      <enumeration_flag>false</enumeration_flag>
      <value_data_type>ASCII_Real</value_data_type>
      <minimum_value>1.0</minimum_value>
      <unit_of_measure_type>Units_of_Frame_Rate</unit_of_measure_type>
      <specified_unit_id>frames/s</specified_unit_id>
    </DD_Value_Domain>
  </DD_Attribute>

  <DD_Attribute>
    <name>loop_flag</name>
    <version_id>1.0</version_id>
    <local_identifier>loop_flag</local_identifier>
    <nillable_flag>false</nillable_flag>
    <submitter_name>Elizabeth D. Rye</submitter_name>
    <definition>The loop_flag attribute specifies whether or not a movie
      object should be played repeatedly without prompting from the
      user.</definition>
    <DD_Value_Domain>
      <enumeration_flag>true</enumeration_flag>
      <value_data_type>ASCII_Boolean</value_data_type>
      <unit_of_measure_type>Units_of_None</unit_of_measure_type>
      <DD_Permissible_Value>
        <value>true</value>
        <value_meaning>The movie should be "looped" or played repeatedly.</value_meaning>
      </DD_Permissible_Value>
      <DD_Permissible_Value>
        <value>false</value>
        <value_meaning>The movie should be not be "looped" or played repeatedly.</value_meaning>
      </DD_Permissible_Value>
    </DD_Value_Domain>
  </DD_Attribute>

  <DD_Attribute>
    <name>loop_count</name>
    <version_id>1.0</version_id>
    <local_identifier>loop_count</local_identifier>
    <nillable_flag>false</nillable_flag>
    <submitter_name>Elizabeth D. Rye</submitter_name>
    <definition>The loop_count attribute specifies the number of times a
      movie should be "looped" or replayed before stopping.</definition>
    <DD_Value_Domain>
      <enumeration_flag>false</enumeration_flag>
      <value_data_type>ASCII_Integer</value_data_type>
      <minimum_value>1</minimum_value>
      <unit_of_measure_type>Units_of_None</unit_of_measure_type>
    </DD_Value_Domain>
  </DD_Attribute>

  <DD_Attribute>
    <name>loop_delay</name>
    <version_id>1.0</version_id>
    <local_identifier>loop_delay</local_identifier>
    <nillable_flag>false</nillable_flag>
    <submitter_name>Elizabeth D. Rye</submitter_name>
    <definition>The loop_delay attribute specifies the amount of time to
      pause between "loops" or repeated playbacks of a movie.</definition>
    <DD_Value_Domain>
      <enumeration_flag>false</enumeration_flag>
      <value_data_type>ASCII_Real</value_data_type>
      <minimum_value>0.0</minimum_value>
      <unit_of_measure_type>Units_of_Time</unit_of_measure_type>
      <specified_unit_id>s</specified_unit_id>
    </DD_Value_Domain>
  </DD_Attribute>

  <DD_Attribute>
    <name>loop_back_and_forth_flag</name>
    <version_id>1.0</version_id>
    <local_identifier>loop_back_and_forth_flag</local_identifier>
    <nillable_flag>false</nillable_flag>
    <submitter_name>Elizabeth D. Rye</submitter_name>
    <definition>The loop_back_and_forth_flag attribute specifies whether or
      not a movie should only be "looped" or played repeatedly in the
      forward direction, or whether it should be played forward followed by
      played in reverse, iteratively.</definition>
    <DD_Value_Domain>
      <enumeration_flag>true</enumeration_flag>
      <value_data_type>ASCII_Boolean</value_data_type>
      <unit_of_measure_type>Units_of_None</unit_of_measure_type>
      <DD_Permissible_Value>
        <value>true</value>
        <value_meaning>When looping, the movie should be played in the forward direction, followed by the reverse direction, iteratively.</value_meaning>
      </DD_Permissible_Value>
      <DD_Permissible_Value>
        <value>false</value>
        <value_meaning>When looping, the movie should only be played in the forward direction. This is the default behavior.</value_meaning>
      </DD_Permissible_Value>
    </DD_Value_Domain>
  </DD_Attribute>

  <!-- Attributes: END   -->
    
  <!--  Classes: BEGIN   -->
  
  <DD_Class>
    <name>Display_Settings</name>
    <version_id>1.1</version_id>
    <local_identifier>Display_Settings</local_identifier>
    <submitter_name>Elizabeth D. Rye</submitter_name>
    <definition>The Display_Settings class contains one or more classes
      describing how data should be displayed on a display device.</definition>
    <abstract_flag>false</abstract_flag>
    <element_flag>true</element_flag>
    <DD_Association>
      <identifier_reference>pds.Local_Internal_Reference</identifier_reference>
      <reference_type>component_of</reference_type>
      <minimum_occurrences>0</minimum_occurrences>
      <maximum_occurrences>1</maximum_occurrences>
    </DD_Association>
    <DD_Association>
      <identifier_reference>Display_Direction</identifier_reference>
      <reference_type>component_of</reference_type>
      <minimum_occurrences>1</minimum_occurrences>
      <maximum_occurrences>1</maximum_occurrences>
    </DD_Association>
    <DD_Association>
      <identifier_reference>Color_Display_Settings</identifier_reference>
      <reference_type>component_of</reference_type>
      <minimum_occurrences>0</minimum_occurrences>
      <maximum_occurrences>1</maximum_occurrences>
    </DD_Association>
    <DD_Association>
      <identifier_reference>Movie_Display_Settings</identifier_reference>
      <reference_type>component_of</reference_type>
      <minimum_occurrences>0</minimum_occurrences>
      <maximum_occurrences>1</maximum_occurrences>
    </DD_Association>
  </DD_Class>

  <DD_Class>
    <name>Display_Direction</name>
    <version_id>1.1</version_id>
    <local_identifier>Display_Direction</local_identifier>
    <submitter_name>Elizabeth D. Rye</submitter_name>
    <definition>The Display_Direction class specifies how two of the
      dimensions of an Array object should be displayed in the vertical
      (line) and horizontal (sample) dimensions of a display
      device.</definition>
    <abstract_flag>false</abstract_flag>
    <element_flag>false</element_flag>
    <DD_Association>
      <identifier_reference>pds.comment</identifier_reference>
      <reference_type>attribute_of</reference_type>
      <minimum_occurrences>0</minimum_occurrences>
      <maximum_occurrences>1</maximum_occurrences>
    </DD_Association>
    <DD_Association>
      <identifier_reference>horizontal_display_axis</identifier_reference>
      <reference_type>attribute_of</reference_type>
      <minimum_occurrences>1</minimum_occurrences>
      <maximum_occurrences>1</maximum_occurrences>
    </DD_Association>
    <DD_Association>
      <identifier_reference>horizontal_display_direction</identifier_reference>
      <reference_type>attribute_of</reference_type>
      <minimum_occurrences>1</minimum_occurrences>
      <maximum_occurrences>1</maximum_occurrences>
    </DD_Association>
    <DD_Association>
      <identifier_reference>vertical_display_axis</identifier_reference>
      <reference_type>attribute_of</reference_type>
      <minimum_occurrences>1</minimum_occurrences>
      <maximum_occurrences>1</maximum_occurrences>
    </DD_Association>
    <DD_Association>
      <identifier_reference>vertical_display_direction</identifier_reference>
      <reference_type>attribute_of</reference_type>
      <minimum_occurrences>1</minimum_occurrences>
      <maximum_occurrences>1</maximum_occurrences>
    </DD_Association>
  </DD_Class>

  <DD_Class>
    <name>Color_Display_Settings</name>
    <version_id>1.1</version_id>
    <local_identifier>Color_Display_Settings</local_identifier>
    <submitter_name>Elizabeth D. Rye</submitter_name>
    <definition>The Color_Display_Settings class provides guidance to data
      users on how to display a multi-banded Array object on a
      color-capable display device.</definition>
    <abstract_flag>false</abstract_flag>
    <element_flag>false</element_flag>
    <DD_Association>
      <identifier_reference>color_display_axis</identifier_reference>
      <reference_type>attribute_of</reference_type>
      <minimum_occurrences>1</minimum_occurrences>
      <maximum_occurrences>1</maximum_occurrences>
    </DD_Association>
    <DD_Association>
      <identifier_reference>pds.comment</identifier_reference>
      <reference_type>attribute_of</reference_type>
      <minimum_occurrences>0</minimum_occurrences>
      <maximum_occurrences>1</maximum_occurrences>
    </DD_Association>
    <DD_Association>
      <identifier_reference>red_channel_band</identifier_reference>
      <reference_type>attribute_of</reference_type>
      <minimum_occurrences>1</minimum_occurrences>
      <maximum_occurrences>1</maximum_occurrences>
    </DD_Association>
    <DD_Association>
      <identifier_reference>green_channel_band</identifier_reference>
      <reference_type>attribute_of</reference_type>
      <minimum_occurrences>1</minimum_occurrences>
      <maximum_occurrences>1</maximum_occurrences>
    </DD_Association>
    <DD_Association>
      <identifier_reference>blue_channel_band</identifier_reference>
      <reference_type>attribute_of</reference_type>
      <minimum_occurrences>1</minimum_occurrences>
      <maximum_occurrences>1</maximum_occurrences>
    </DD_Association>
  </DD_Class>

  <DD_Class>
    <name>Movie_Display_Settings</name>
    <version_id>1.1</version_id>
    <local_identifier>Movie_Display_Settings</local_identifier>
    <submitter_name>Elizabeth D. Rye</submitter_name>
    <definition>The Movie_Display_Settings class provides default values
      for the display of a multi-banded Array using a software application
      capable of displaying video content.</definition>
    <abstract_flag>false</abstract_flag>
    <element_flag>false</element_flag>
    <DD_Association>
      <identifier_reference>time_display_axis</identifier_reference>
      <reference_type>attribute_of</reference_type>
      <minimum_occurrences>1</minimum_occurrences>
      <maximum_occurrences>1</maximum_occurrences>
    </DD_Association>
    <DD_Association>
      <identifier_reference>pds.comment</identifier_reference>
      <reference_type>attribute_of</reference_type>
      <minimum_occurrences>0</minimum_occurrences>
      <maximum_occurrences>1</maximum_occurrences>
    </DD_Association>
    <DD_Association>
      <identifier_reference>frame_rate</identifier_reference>
      <reference_type>attribute_of</reference_type>
      <minimum_occurrences>0</minimum_occurrences>
      <maximum_occurrences>1</maximum_occurrences>
    </DD_Association>
    <DD_Association>
      <identifier_reference>loop_flag</identifier_reference>
      <reference_type>attribute_of</reference_type>
      <minimum_occurrences>0</minimum_occurrences>
      <maximum_occurrences>1</maximum_occurrences>
    </DD_Association>
    <DD_Association>
      <identifier_reference>loop_count</identifier_reference>
      <reference_type>attribute_of</reference_type>
      <minimum_occurrences>0</minimum_occurrences>
      <maximum_occurrences>1</maximum_occurrences>
    </DD_Association>
    <DD_Association>
      <identifier_reference>loop_delay</identifier_reference>
      <reference_type>attribute_of</reference_type>
      <minimum_occurrences>0</minimum_occurrences>
      <maximum_occurrences>1</maximum_occurrences>
    </DD_Association>
    <DD_Association>
      <identifier_reference>loop_back_and_forth_flag</identifier_reference>
      <reference_type>attribute_of</reference_type>
      <minimum_occurrences>0</minimum_occurrences>
      <maximum_occurrences>1</maximum_occurrences>
    </DD_Association>
  </DD_Class>

  <!--   Classes: END    -->
  
  <!-- Schematron Rule definitions: BEGIN                              -->

  <!-- This rule is also being introduced from somewhere else, 
       maybe from PDS IM (?) during LDDtool build. For now this rule
       will be repeated as this is required to pass LDDtool build.
  -->
  <DD_Rule>
    <local_identifier>Display_Settings_0</local_identifier>
    <rule_context>disp:Display_Settings/pds:Local_Internal_Reference</rule_context>
    <DD_Rule_Statement>
        <rule_type>Assert</rule_type>
        <rule_test>pds:local_identifier_reference = //pds:*/pds:*/(pds:Array|pds:Array_2D|pds:Array_2D_Image|pds:Array_2D_Map|pds:Array_2D_Spectrum|pds:Array_3D|pds:Array_3D_Image|pds:Array_3D_Movie|pds:Array_3D_Spectrum)/pds:local_identifier
        </rule_test>
        <rule_message>Display Dictionary: In the pds:Local_Internal_Reference class, the value of the pds:local_identifier_reference must match the value of the pds:local_identifer of an Array class or sub-class within the File_Area.
        </rule_message>
    </DD_Rule_Statement>
    <DD_Rule_Statement>
        <rule_type>Assert</rule_type>
        <rule_test>pds:local_reference_type = 'display_settings_to_array'
        </rule_test>
        <rule_message>Display_Dictionary: For Local_Internal_Reference in disp:Display_Settings, local_reference_type must equal 'display_settings_to_array'.
        </rule_message>
    </DD_Rule_Statement>
  </DD_Rule>




  <DD_Rule>
    <local_identifier>display_settings_validate_axis</local_identifier>
    <rule_context>disp:Display_Settings</rule_context>
    <rule_assign>name="horizontal_display_axis" value="disp:Display_Direction/disp:horizontal_display_axis"</rule_assign>
    <rule_assign>name="vertical_display_axis" value="disp:Display_Direction/disp:vertical_display_axis"</rule_assign>
    <rule_assign>name="local_identifier_reference" value="pds:Local_Internal_Reference/pds:local_identifier_reference"</rule_assign>
    <DD_Rule_Statement>
        <rule_type>Assert</rule_type>
        <rule_test>//pds:*[pds:local_identifier=$local_identifier_reference]/pds:Axis_Array[pds:axis_name=$horizontal_display_axis]</rule_test>
        <rule_message>The horizontal display axis (&lt;sch:value-of select='$horizontal_display_axis'/&gt;) in display direction must match the name of an axis in the referenced Array (&lt;sch:value-of select='$local_identifier_reference'/&gt;)</rule_message>
    </DD_Rule_Statement>
    <DD_Rule_Statement>
        <rule_type>Assert</rule_type>
        <rule_test>//pds:*[pds:local_identifier=$local_identifier_reference]/pds:Axis_Array[pds:axis_name=$vertical_display_axis]</rule_test>
        <rule_message>The vertical display axis (&lt;sch:value-of select='$vertical_display_axis'/&gt;) in display direction must match the name of an axis in the referenced Array (&lt;sch:value-of select='$local_identifier_reference'/&gt;)</rule_message>
    </DD_Rule_Statement>
</DD_Rule>
  <!-- Schematron Rule definitions: END                                -->
  
</Ingest_LDD>
