[
  {
    "dataDictionary": {
      "Title": "PDS4 Data Dictionary" ,
      "IM Version": "1.18.0.0" ,
      "LDD Version": "1.1.0.0" ,
      "Date": "2022-05-17T13:40:21" ,
      "Description": "This document is a dump of the contents of the PDS4 Data Dictionary" ,
      "namespaces": ["pds:", "disp:", "disp:", "survey:"] ,
      "classDictionary": [
        {
          "class": {
            "identifier": "0001_NASA_PDS_1.survey.Coordinate" ,
            "title": "Coordinate" ,
            "registrationAuthorityId": "0001_NASA_PDS_1" ,
            "nameSpaceId": "survey" ,
            "steward": "sbn" ,
            "versionId": "1.0.0.0" ,
            "isAbstract": "false" ,
            "isDeprecated": "false" ,
            "description": "A location on the celestial sphere, consisting of right ascension and declination."
              , "associationList": [
             {"association": {
                "identifier": "0001_NASA_PDS_1.survey.Coordinate.survey.right_ascension" ,
                "title": "right_ascension" ,
                "assocType": "attribute_of" ,
                "isAttribute": "true" ,
                "isChoice": "false" ,
                "isAny": "false" ,
                "groupName": "null" ,
                "minimumCardinality": "1" ,
                "maximumCardinality": "1" ,
                "classOrder": "1010" ,
                "attributeId": [
                  "0001_NASA_PDS_1.survey.Coordinate.survey.right_ascension"
                 ]
              }
            }
           , {"association": {
                "identifier": "0001_NASA_PDS_1.survey.Coordinate.survey.declination" ,
                "title": "declination" ,
                "assocType": "attribute_of" ,
                "isAttribute": "true" ,
                "isChoice": "false" ,
                "isAny": "false" ,
                "groupName": "null" ,
                "minimumCardinality": "1" ,
                "maximumCardinality": "1" ,
                "classOrder": "1020" ,
                "attributeId": [
                  "0001_NASA_PDS_1.survey.Coordinate.survey.declination"
                 ]
              }
            }
           ]
          }
        }
      , {
          "class": {
            "identifier": "0001_NASA_PDS_1.survey.Corner_Position" ,
            "title": "Corner_Position" ,
            "registrationAuthorityId": "0001_NASA_PDS_1" ,
            "nameSpaceId": "survey" ,
            "steward": "sbn" ,
            "versionId": "1.0.0.0" ,
            "isAbstract": "false" ,
            "isDeprecated": "false" ,
            "description": "The position of one corner of an image"
              , "associationList": [
             {"association": {
                "identifier": "0001_NASA_PDS_1.survey.Corner_Position.survey.corner_identification" ,
                "title": "corner_identification" ,
                "assocType": "attribute_of" ,
                "isAttribute": "true" ,
                "isChoice": "false" ,
                "isAny": "false" ,
                "groupName": "null" ,
                "minimumCardinality": "1" ,
                "maximumCardinality": "1" ,
                "classOrder": "1010" ,
                "attributeId": [
                  "0001_NASA_PDS_1.survey.Corner_Position.survey.corner_identification"
                 ]
              }
            }
           , {"association": {
                "identifier": "0001_NASA_PDS_1.survey.Corner_Position.survey.Coordinate" ,
                "title": "Coordinate" ,
                "assocType": "component_of" ,
                "isAttribute": "false" ,
                "isChoice": "false" ,
                "isAny": "false" ,
                "groupName": "null" ,
                "minimumCardinality": "1" ,
                "maximumCardinality": "1" ,
                "classOrder": "1020" ,
                "classId": [
                  "0001_NASA_PDS_1.survey.Coordinate"
                 ]
              }
            }
           ]
          }
        }
      , {
          "class": {
            "identifier": "0001_NASA_PDS_1.survey.Image_Corners" ,
            "title": "Image_Corners" ,
            "registrationAuthorityId": "0001_NASA_PDS_1" ,
            "nameSpaceId": "survey" ,
            "steward": "sbn" ,
            "versionId": "1.0.0.0" ,
            "isAbstract": "false" ,
            "isDeprecated": "false" ,
            "description": "The portion of the sky contained within an image, identified by its four corners"
              , "associationList": [
             {"association": {
                "identifier": "0001_NASA_PDS_1.survey.Image_Corners.survey.equinox" ,
                "title": "equinox" ,
                "assocType": "attribute_of" ,
                "isAttribute": "true" ,
                "isChoice": "false" ,
                "isAny": "false" ,
                "groupName": "null" ,
                "minimumCardinality": "1" ,
                "maximumCardinality": "1" ,
                "classOrder": "1010" ,
                "attributeId": [
                  "0001_NASA_PDS_1.survey.Image_Corners.survey.equinox"
                 ]
              }
            }
           , {"association": {
                "identifier": "0001_NASA_PDS_1.survey.Image_Corners.survey.Corner_Position" ,
                "title": "Corner_Position" ,
                "assocType": "component_of" ,
                "isAttribute": "false" ,
                "isChoice": "false" ,
                "isAny": "false" ,
                "groupName": "null" ,
                "minimumCardinality": "4" ,
                "maximumCardinality": "4" ,
                "classOrder": "1020" ,
                "classId": [
                  "0001_NASA_PDS_1.survey.Corner_Position"
                 ]
              }
            }
           ]
          }
        }
      , {
          "class": {
            "identifier": "0001_NASA_PDS_1.survey.Limiting_Magnitudes" ,
            "title": "Limiting_Magnitudes" ,
            "registrationAuthorityId": "0001_NASA_PDS_1" ,
            "nameSpaceId": "survey" ,
            "steward": "sbn" ,
            "versionId": "1.0.0.0" ,
            "isAbstract": "false" ,
            "isDeprecated": "false" ,
            "description": "The limiting magnitude of the image"
              , "associationList": [
             {"association": {
                "identifier": "0001_NASA_PDS_1.survey.Limiting_Magnitudes.survey.band_name" ,
                "title": "band_name" ,
                "assocType": "attribute_of" ,
                "isAttribute": "true" ,
                "isChoice": "false" ,
                "isAny": "false" ,
                "groupName": "null" ,
                "minimumCardinality": "1" ,
                "maximumCardinality": "1" ,
                "classOrder": "1010" ,
                "attributeId": [
                  "0001_NASA_PDS_1.survey.Limiting_Magnitudes.survey.band_name"
                 ]
              }
            }
           , {"association": {
                "identifier": "0001_NASA_PDS_1.survey.Limiting_Magnitudes.survey.reference_object_type" ,
                "title": "reference_object_type" ,
                "assocType": "attribute_of" ,
                "isAttribute": "true" ,
                "isChoice": "false" ,
                "isAny": "false" ,
                "groupName": "null" ,
                "minimumCardinality": "1" ,
                "maximumCardinality": "1" ,
                "classOrder": "1020" ,
                "attributeId": [
                  "0001_NASA_PDS_1.survey.Limiting_Magnitudes.survey.reference_object_type"
                 ]
              }
            }
           , {"association": {
                "identifier": "0001_NASA_PDS_1.survey.Limiting_Magnitudes.survey.N_Sigma_Limit" ,
                "title": "N_Sigma_Limit" ,
                "assocType": "component_of" ,
                "isAttribute": "false" ,
                "isChoice": "true" ,
                "isAny": "false" ,
                "groupName": "XSChoice#11" ,
                "minimumCardinality": "1" ,
                "maximumCardinality": "*" ,
                "classOrder": "1040" ,
                "classId": [
                  "0001_NASA_PDS_1.survey.N_Sigma_Limit",
                  "0001_NASA_PDS_1.survey.Percentage_Limit"
                 ]
              }
            }
           ]
          }
        }
      , {
          "class": {
            "identifier": "0001_NASA_PDS_1.survey.N_Sigma_Limit" ,
            "title": "N_Sigma_Limit" ,
            "registrationAuthorityId": "0001_NASA_PDS_1" ,
            "nameSpaceId": "survey" ,
            "steward": "sbn" ,
            "versionId": "1.0.0.0" ,
            "isAbstract": "false" ,
            "isDeprecated": "false" ,
            "description": "The limiting magnitude of a point source at a significance of n-sigma (i.e. a S\/N of n)"
              , "associationList": [
             {"association": {
                "identifier": "0001_NASA_PDS_1.survey.N_Sigma_Limit.survey.n_sigma_n" ,
                "title": "n_sigma_n" ,
                "assocType": "attribute_of" ,
                "isAttribute": "true" ,
                "isChoice": "false" ,
                "isAny": "false" ,
                "groupName": "null" ,
                "minimumCardinality": "1" ,
                "maximumCardinality": "1" ,
                "classOrder": "1010" ,
                "attributeId": [
                  "0001_NASA_PDS_1.survey.N_Sigma_Limit.survey.n_sigma_n"
                 ]
              }
            }
           , {"association": {
                "identifier": "0001_NASA_PDS_1.survey.N_Sigma_Limit.survey.limiting_magnitude" ,
                "title": "limiting_magnitude" ,
                "assocType": "attribute_of" ,
                "isAttribute": "true" ,
                "isChoice": "false" ,
                "isAny": "false" ,
                "groupName": "null" ,
                "minimumCardinality": "1" ,
                "maximumCardinality": "1" ,
                "classOrder": "1020" ,
                "attributeId": [
                  "0001_NASA_PDS_1.survey.N_Sigma_Limit.survey.limiting_magnitude"
                 ]
              }
            }
           ]
          }
        }
      , {
          "class": {
            "identifier": "0001_NASA_PDS_1.survey.Percentage_Limit" ,
            "title": "Percentage_Limit" ,
            "registrationAuthorityId": "0001_NASA_PDS_1" ,
            "nameSpaceId": "survey" ,
            "steward": "sbn" ,
            "versionId": "1.0.0.0" ,
            "isAbstract": "false" ,
            "isDeprecated": "false" ,
            "description": "The limiting magnitude of the image, expressed as a magnitude, and the percentage of known objects detected at that magnitude"
              , "associationList": [
             {"association": {
                "identifier": "0001_NASA_PDS_1.survey.Percentage_Limit.survey.percentage" ,
                "title": "percentage" ,
                "assocType": "attribute_of" ,
                "isAttribute": "true" ,
                "isChoice": "false" ,
                "isAny": "false" ,
                "groupName": "null" ,
                "minimumCardinality": "1" ,
                "maximumCardinality": "1" ,
                "classOrder": "1010" ,
                "attributeId": [
                  "0001_NASA_PDS_1.survey.Percentage_Limit.survey.percentage"
                 ]
              }
            }
           , {"association": {
                "identifier": "0001_NASA_PDS_1.survey.Percentage_Limit.survey.limiting_magnitude" ,
                "title": "limiting_magnitude" ,
                "assocType": "attribute_of" ,
                "isAttribute": "true" ,
                "isChoice": "false" ,
                "isAny": "false" ,
                "groupName": "null" ,
                "minimumCardinality": "1" ,
                "maximumCardinality": "1" ,
                "classOrder": "1020" ,
                "attributeId": [
                  "0001_NASA_PDS_1.survey.Percentage_Limit.survey.limiting_magnitude"
                 ]
              }
            }
           ]
          }
        }
      , {
          "class": {
            "identifier": "0001_NASA_PDS_1.survey.Rollover" ,
            "title": "Rollover" ,
            "registrationAuthorityId": "0001_NASA_PDS_1" ,
            "nameSpaceId": "survey" ,
            "steward": "sbn" ,
            "versionId": "1.0.0.0" ,
            "isAbstract": "false" ,
            "isDeprecated": "false" ,
            "description": "The properties of the peak of the histogram of stellar magnitudes within the image."
              , "associationList": [
             {"association": {
                "identifier": "0001_NASA_PDS_1.survey.Rollover.survey.rollover_magnitude" ,
                "title": "rollover_magnitude" ,
                "assocType": "attribute_of" ,
                "isAttribute": "true" ,
                "isChoice": "false" ,
                "isAny": "false" ,
                "groupName": "null" ,
                "minimumCardinality": "1" ,
                "maximumCardinality": "1" ,
                "classOrder": "1010" ,
                "attributeId": [
                  "0001_NASA_PDS_1.survey.Rollover.survey.rollover_magnitude"
                 ]
              }
            }
           , {"association": {
                "identifier": "0001_NASA_PDS_1.survey.Rollover.survey.rollover_fwhm" ,
                "title": "rollover_fwhm" ,
                "assocType": "attribute_of" ,
                "isAttribute": "true" ,
                "isChoice": "false" ,
                "isAny": "false" ,
                "groupName": "null" ,
                "minimumCardinality": "1" ,
                "maximumCardinality": "1" ,
                "classOrder": "1020" ,
                "attributeId": [
                  "0001_NASA_PDS_1.survey.Rollover.survey.rollover_fwhm"
                 ]
              }
            }
           , {"association": {
                "identifier": "0001_NASA_PDS_1.survey.Rollover.survey.rollover_snr" ,
                "title": "rollover_snr" ,
                "assocType": "attribute_of" ,
                "isAttribute": "true" ,
                "isChoice": "false" ,
                "isAny": "false" ,
                "groupName": "null" ,
                "minimumCardinality": "1" ,
                "maximumCardinality": "1" ,
                "classOrder": "1030" ,
                "attributeId": [
                  "0001_NASA_PDS_1.survey.Rollover.survey.rollover_snr"
                 ]
              }
            }
           ]
          }
        }
      , {
          "class": {
            "identifier": "0001_NASA_PDS_1.survey.Survey" ,
            "title": "Survey" ,
            "registrationAuthorityId": "0001_NASA_PDS_1" ,
            "nameSpaceId": "survey" ,
            "steward": "sbn" ,
            "versionId": "1.0.0.0" ,
            "isAbstract": "false" ,
            "isDeprecated": "false" ,
            "description": "Sky Survey related properties."
              , "associationList": [
             {"association": {
                "identifier": "0001_NASA_PDS_1.survey.Survey.survey.field_id" ,
                "title": "field_id" ,
                "assocType": "attribute_of" ,
                "isAttribute": "true" ,
                "isChoice": "false" ,
                "isAny": "false" ,
                "groupName": "null" ,
                "minimumCardinality": "0" ,
                "maximumCardinality": "1" ,
                "classOrder": "1010" ,
                "attributeId": [
                  "0001_NASA_PDS_1.survey.Survey.survey.field_id"
                 ]
              }
            }
           , {"association": {
                "identifier": "0001_NASA_PDS_1.survey.Survey.survey.observation_purpose" ,
                "title": "observation_purpose" ,
                "assocType": "attribute_of" ,
                "isAttribute": "true" ,
                "isChoice": "false" ,
                "isAny": "false" ,
                "groupName": "null" ,
                "minimumCardinality": "1" ,
                "maximumCardinality": "1" ,
                "classOrder": "1020" ,
                "attributeId": [
                  "0001_NASA_PDS_1.survey.Survey.survey.observation_purpose"
                 ]
              }
            }
           , {"association": {
                "identifier": "0001_NASA_PDS_1.survey.Survey.survey.observation_technique" ,
                "title": "observation_technique" ,
                "assocType": "attribute_of" ,
                "isAttribute": "true" ,
                "isChoice": "false" ,
                "isAny": "false" ,
                "groupName": "null" ,
                "minimumCardinality": "0" ,
                "maximumCardinality": "1" ,
                "classOrder": "1030" ,
                "attributeId": [
                  "0001_NASA_PDS_1.survey.Survey.survey.observation_technique"
                 ]
              }
            }
           , {"association": {
                "identifier": "0001_NASA_PDS_1.survey.Survey.survey.calibration_type" ,
                "title": "calibration_type" ,
                "assocType": "attribute_of" ,
                "isAttribute": "true" ,
                "isChoice": "false" ,
                "isAny": "false" ,
                "groupName": "null" ,
                "minimumCardinality": "0" ,
                "maximumCardinality": "1" ,
                "classOrder": "1040" ,
                "attributeId": [
                  "0001_NASA_PDS_1.survey.Survey.survey.calibration_type"
                 ]
              }
            }
           , {"association": {
                "identifier": "0001_NASA_PDS_1.survey.Survey.survey.Image_Corners" ,
                "title": "Image_Corners" ,
                "assocType": "component_of" ,
                "isAttribute": "false" ,
                "isChoice": "false" ,
                "isAny": "false" ,
                "groupName": "null" ,
                "minimumCardinality": "0" ,
                "maximumCardinality": "1" ,
                "classOrder": "1050" ,
                "classId": [
                  "0001_NASA_PDS_1.survey.Image_Corners"
                 ]
              }
            }
           , {"association": {
                "identifier": "0001_NASA_PDS_1.survey.Survey.survey.Limiting_Magnitudes" ,
                "title": "Limiting_Magnitudes" ,
                "assocType": "component_of" ,
                "isAttribute": "false" ,
                "isChoice": "false" ,
                "isAny": "false" ,
                "groupName": "null" ,
                "minimumCardinality": "0" ,
                "maximumCardinality": "1" ,
                "classOrder": "1060" ,
                "classId": [
                  "0001_NASA_PDS_1.survey.Limiting_Magnitudes"
                 ]
              }
            }
           , {"association": {
                "identifier": "0001_NASA_PDS_1.survey.Survey.survey.Rollover" ,
                "title": "Rollover" ,
                "assocType": "component_of" ,
                "isAttribute": "false" ,
                "isChoice": "false" ,
                "isAny": "false" ,
                "groupName": "null" ,
                "minimumCardinality": "0" ,
                "maximumCardinality": "1" ,
                "classOrder": "1070" ,
                "classId": [
                  "0001_NASA_PDS_1.survey.Rollover"
                 ]
              }
            }
           ]
          }
        }
      ]
    , "attributeDictionary": [
        {
          "attribute": {
            "identifier": "0001_NASA_PDS_1.survey.Coordinate.survey.declination" ,
            "title": "declination" ,
            "registrationAuthorityId": "0001_NASA_PDS_1" ,
            "nameSpaceId": "survey" ,
            "steward": "sbn" ,
            "versionId": "1.18" ,
            "description": "The declination component of a coordinate, decimal degrees" ,
            "isNillable": "false" ,
            "isEnumerated": "false" ,
            "isDeprecated": "false" ,
            "dataType": "ASCII_Real" ,
            "dataTypeId": "0001_NASA_PDS_1.pds.ASCII_Real" ,
            "minimumCharacters": "Unbounded" ,
            "maximumCharacters": "Unbounded" ,
            "minimumValue": "-90" ,
            "maximumValue": "90" ,
            "pattern": "null" ,
            "unitOfMeasure": "Units_of_Angle" ,
            "unitOfMeasureId": "0001_NASA_PDS_1.pds.Units_of_Angle" ,
            "unitId": "arcmin, arcsec, deg, hr, mrad, rad" ,
            "defaultUnitId": "null"
          }
        }
      , {
          "attribute": {
            "identifier": "0001_NASA_PDS_1.survey.Coordinate.survey.right_ascension" ,
            "title": "right_ascension" ,
            "registrationAuthorityId": "0001_NASA_PDS_1" ,
            "nameSpaceId": "survey" ,
            "steward": "sbn" ,
            "versionId": "1.18" ,
            "description": "The right ascension component of a coordinate, decimal degrees" ,
            "isNillable": "false" ,
            "isEnumerated": "false" ,
            "isDeprecated": "false" ,
            "dataType": "ASCII_Real" ,
            "dataTypeId": "0001_NASA_PDS_1.pds.ASCII_Real" ,
            "minimumCharacters": "Unbounded" ,
            "maximumCharacters": "Unbounded" ,
            "minimumValue": "0" ,
            "maximumValue": "360" ,
            "pattern": "null" ,
            "unitOfMeasure": "Units_of_Angle" ,
            "unitOfMeasureId": "0001_NASA_PDS_1.pds.Units_of_Angle" ,
            "unitId": "arcmin, arcsec, deg, hr, mrad, rad" ,
            "defaultUnitId": "null"
          }
        }
      , {
          "attribute": {
            "identifier": "0001_NASA_PDS_1.survey.Corner_Position.survey.corner_identification" ,
            "title": "corner_identification" ,
            "registrationAuthorityId": "0001_NASA_PDS_1" ,
            "nameSpaceId": "survey" ,
            "steward": "sbn" ,
            "versionId": "1.18" ,
            "description": "Identifies which corner of the image is being located. This assumes that the image is displayed correctly according to the orientation information provided in the display dictionary" ,
            "isNillable": "false" ,
            "isEnumerated": "true" ,
            "isDeprecated": "false" ,
            "dataType": "ASCII_Short_String_Collapsed" ,
            "dataTypeId": "0001_NASA_PDS_1.pds.ASCII_Short_String_Collapsed" ,
            "minimumCharacters": "1" ,
            "maximumCharacters": "255" ,
            "minimumValue": "Unbounded" ,
            "maximumValue": "Unbounded" ,
            "pattern": "null" ,
            "unitOfMeasure": "null" ,
            "unitOfMeasureId": "null" ,
            "unitId": "null" ,
            "defaultUnitId": "null"
          , "PermissibleValueList": [
              {"PermissibleValue": {
                  "value": "Bottom Left" ,
                  "valueMeaning": "The bottom-left corner" ,
                  "isDeprecated": "false"
                }
             }
            , {"PermissibleValue": {
                  "value": "Bottom Right" ,
                  "valueMeaning": "The bottom-right corner" ,
                  "isDeprecated": "false"
                }
             }
            , {"PermissibleValue": {
                  "value": "Top Left" ,
                  "valueMeaning": "The top-left corner" ,
                  "isDeprecated": "false"
                }
             }
            , {"PermissibleValue": {
                  "value": "Top Right" ,
                  "valueMeaning": "The top-right corner" ,
                  "isDeprecated": "false"
                }
             }
           ]
          }
        }
      , {
          "attribute": {
            "identifier": "0001_NASA_PDS_1.survey.Image_Corners.survey.equinox" ,
            "title": "equinox" ,
            "registrationAuthorityId": "0001_NASA_PDS_1" ,
            "nameSpaceId": "survey" ,
            "steward": "sbn" ,
            "versionId": "1.18" ,
            "description": "Time that defines the origin of a celestial coordinate system, given in fractional year. Type of year may also be indicated. For example, 'J2000.0' corresponds to an origin specified by January 1, 2000 at 12:00 Terrestrial Time in Julian years." ,
            "isNillable": "false" ,
            "isEnumerated": "false" ,
            "isDeprecated": "false" ,
            "dataType": "ASCII_Short_String_Collapsed" ,
            "dataTypeId": "0001_NASA_PDS_1.pds.ASCII_Short_String_Collapsed" ,
            "minimumCharacters": "1" ,
            "maximumCharacters": "255" ,
            "minimumValue": "Unbounded" ,
            "maximumValue": "Unbounded" ,
            "pattern": "null" ,
            "unitOfMeasure": "null" ,
            "unitOfMeasureId": "null" ,
            "unitId": "null" ,
            "defaultUnitId": "null"
          }
        }
      , {
          "attribute": {
            "identifier": "0001_NASA_PDS_1.survey.Limiting_Magnitudes.survey.band_name" ,
            "title": "band_name" ,
            "registrationAuthorityId": "0001_NASA_PDS_1" ,
            "nameSpaceId": "survey" ,
            "steward": "sbn" ,
            "versionId": "1.18" ,
            "description": "The band for which the limiting magnitude specification is applicable" ,
            "isNillable": "false" ,
            "isEnumerated": "false" ,
            "isDeprecated": "false" ,
            "dataType": "ASCII_Short_String_Collapsed" ,
            "dataTypeId": "0001_NASA_PDS_1.pds.ASCII_Short_String_Collapsed" ,
            "minimumCharacters": "1" ,
            "maximumCharacters": "255" ,
            "minimumValue": "Unbounded" ,
            "maximumValue": "Unbounded" ,
            "pattern": "null" ,
            "unitOfMeasure": "null" ,
            "unitOfMeasureId": "null" ,
            "unitId": "null" ,
            "defaultUnitId": "null"
          }
        }
      , {
          "attribute": {
            "identifier": "0001_NASA_PDS_1.survey.Limiting_Magnitudes.survey.reference_object_type" ,
            "title": "reference_object_type" ,
            "registrationAuthorityId": "0001_NASA_PDS_1" ,
            "nameSpaceId": "survey" ,
            "steward": "sbn" ,
            "versionId": "1.18" ,
            "description": "The type of observed object used to calculate the limiting magnitude" ,
            "isNillable": "false" ,
            "isEnumerated": "true" ,
            "isDeprecated": "false" ,
            "dataType": "ASCII_Short_String_Collapsed" ,
            "dataTypeId": "0001_NASA_PDS_1.pds.ASCII_Short_String_Collapsed" ,
            "minimumCharacters": "1" ,
            "maximumCharacters": "255" ,
            "minimumValue": "Unbounded" ,
            "maximumValue": "Unbounded" ,
            "pattern": "null" ,
            "unitOfMeasure": "null" ,
            "unitOfMeasureId": "null" ,
            "unitId": "null" ,
            "defaultUnitId": "null"
          , "PermissibleValueList": [
              {"PermissibleValue": {
                  "value": "Asteroid" ,
                  "valueMeaning": "Asteroid" ,
                  "isDeprecated": "false"
                }
             }
            , {"PermissibleValue": {
                  "value": "Comet" ,
                  "valueMeaning": "Comet" ,
                  "isDeprecated": "false"
                }
             }
            , {"PermissibleValue": {
                  "value": "Galaxy" ,
                  "valueMeaning": "Galaxy" ,
                  "isDeprecated": "false"
                }
             }
            , {"PermissibleValue": {
                  "value": "Star" ,
                  "valueMeaning": "Star" ,
                  "isDeprecated": "false"
                }
             }
           ]
          }
        }
      , {
          "attribute": {
            "identifier": "0001_NASA_PDS_1.survey.N_Sigma_Limit.survey.limiting_magnitude" ,
            "title": "limiting_magnitude" ,
            "registrationAuthorityId": "0001_NASA_PDS_1" ,
            "nameSpaceId": "survey" ,
            "steward": "sbn" ,
            "versionId": "1.18" ,
            "description": "Magnitude at which a threshold known objects are detected" ,
            "isNillable": "false" ,
            "isEnumerated": "false" ,
            "isDeprecated": "false" ,
            "dataType": "ASCII_Real" ,
            "dataTypeId": "0001_NASA_PDS_1.pds.ASCII_Real" ,
            "minimumCharacters": "Unbounded" ,
            "maximumCharacters": "Unbounded" ,
            "minimumValue": "-1.7976931348623157e308" ,
            "maximumValue": "1.7976931348623157e308" ,
            "pattern": "null" ,
            "unitOfMeasure": "null" ,
            "unitOfMeasureId": "null" ,
            "unitId": "null" ,
            "defaultUnitId": "null"
          }
        }
      , {
          "attribute": {
            "identifier": "0001_NASA_PDS_1.survey.N_Sigma_Limit.survey.n_sigma_n" ,
            "title": "n_sigma_n" ,
            "registrationAuthorityId": "0001_NASA_PDS_1" ,
            "nameSpaceId": "survey" ,
            "steward": "sbn" ,
            "versionId": "1.18" ,
            "description": "Represents the value of n for n-sigma limiting magnitude: The limiting magnitude of a point source at a significance of n-sigma (i.e. a S\/N of n)" ,
            "isNillable": "false" ,
            "isEnumerated": "false" ,
            "isDeprecated": "false" ,
            "dataType": "ASCII_Real" ,
            "dataTypeId": "0001_NASA_PDS_1.pds.ASCII_Real" ,
            "minimumCharacters": "Unbounded" ,
            "maximumCharacters": "Unbounded" ,
            "minimumValue": "-1.7976931348623157e308" ,
            "maximumValue": "1.7976931348623157e308" ,
            "pattern": "null" ,
            "unitOfMeasure": "null" ,
            "unitOfMeasureId": "null" ,
            "unitId": "null" ,
            "defaultUnitId": "null"
          }
        }
      , {
          "attribute": {
            "identifier": "0001_NASA_PDS_1.survey.Percentage_Limit.survey.limiting_magnitude" ,
            "title": "limiting_magnitude" ,
            "registrationAuthorityId": "0001_NASA_PDS_1" ,
            "nameSpaceId": "survey" ,
            "steward": "sbn" ,
            "versionId": "1.18" ,
            "description": "Magnitude at which a threshold known objects are detected" ,
            "isNillable": "false" ,
            "isEnumerated": "false" ,
            "isDeprecated": "false" ,
            "dataType": "ASCII_Real" ,
            "dataTypeId": "0001_NASA_PDS_1.pds.ASCII_Real" ,
            "minimumCharacters": "Unbounded" ,
            "maximumCharacters": "Unbounded" ,
            "minimumValue": "-1.7976931348623157e308" ,
            "maximumValue": "1.7976931348623157e308" ,
            "pattern": "null" ,
            "unitOfMeasure": "null" ,
            "unitOfMeasureId": "null" ,
            "unitId": "null" ,
            "defaultUnitId": "null"
          }
        }
      , {
          "attribute": {
            "identifier": "0001_NASA_PDS_1.survey.Percentage_Limit.survey.percentage" ,
            "title": "percentage" ,
            "registrationAuthorityId": "0001_NASA_PDS_1" ,
            "nameSpaceId": "survey" ,
            "steward": "sbn" ,
            "versionId": "1.18" ,
            "description": "The percentage of known objects that are detected at the given magnitude for the specified band" ,
            "isNillable": "false" ,
            "isEnumerated": "false" ,
            "isDeprecated": "false" ,
            "dataType": "ASCII_Real" ,
            "dataTypeId": "0001_NASA_PDS_1.pds.ASCII_Real" ,
            "minimumCharacters": "Unbounded" ,
            "maximumCharacters": "Unbounded" ,
            "minimumValue": "-1.7976931348623157e308" ,
            "maximumValue": "1.7976931348623157e308" ,
            "pattern": "null" ,
            "unitOfMeasure": "null" ,
            "unitOfMeasureId": "null" ,
            "unitId": "null" ,
            "defaultUnitId": "null"
          }
        }
      , {
          "attribute": {
            "identifier": "0001_NASA_PDS_1.survey.Rollover.survey.rollover_fwhm" ,
            "title": "rollover_fwhm" ,
            "registrationAuthorityId": "0001_NASA_PDS_1" ,
            "nameSpaceId": "survey" ,
            "steward": "sbn" ,
            "versionId": "1.18" ,
            "description": "The full width at half maximum of stellar sources at the magnitude of the peak of the histogram of stellar magnitudes in the image, in arcseconds" ,
            "isNillable": "false" ,
            "isEnumerated": "false" ,
            "isDeprecated": "false" ,
            "dataType": "ASCII_Real" ,
            "dataTypeId": "0001_NASA_PDS_1.pds.ASCII_Real" ,
            "minimumCharacters": "Unbounded" ,
            "maximumCharacters": "Unbounded" ,
            "minimumValue": "-1.7976931348623157e308" ,
            "maximumValue": "1.7976931348623157e308" ,
            "pattern": "null" ,
            "unitOfMeasure": "Units_of_Angle" ,
            "unitOfMeasureId": "0001_NASA_PDS_1.pds.Units_of_Angle" ,
            "unitId": "arcmin, arcsec, deg, hr, mrad, rad" ,
            "defaultUnitId": "null"
          }
        }
      , {
          "attribute": {
            "identifier": "0001_NASA_PDS_1.survey.Rollover.survey.rollover_magnitude" ,
            "title": "rollover_magnitude" ,
            "registrationAuthorityId": "0001_NASA_PDS_1" ,
            "nameSpaceId": "survey" ,
            "steward": "sbn" ,
            "versionId": "1.18" ,
            "description": "The magnitude of the peak of the histogram of stellar magnitudes in the image." ,
            "isNillable": "false" ,
            "isEnumerated": "false" ,
            "isDeprecated": "false" ,
            "dataType": "ASCII_Real" ,
            "dataTypeId": "0001_NASA_PDS_1.pds.ASCII_Real" ,
            "minimumCharacters": "Unbounded" ,
            "maximumCharacters": "Unbounded" ,
            "minimumValue": "-1.7976931348623157e308" ,
            "maximumValue": "1.7976931348623157e308" ,
            "pattern": "null" ,
            "unitOfMeasure": "null" ,
            "unitOfMeasureId": "null" ,
            "unitId": "null" ,
            "defaultUnitId": "null"
          }
        }
      , {
          "attribute": {
            "identifier": "0001_NASA_PDS_1.survey.Rollover.survey.rollover_snr" ,
            "title": "rollover_snr" ,
            "registrationAuthorityId": "0001_NASA_PDS_1" ,
            "nameSpaceId": "survey" ,
            "steward": "sbn" ,
            "versionId": "1.18" ,
            "description": "The SNR at the magnitude of the peak of the histogram of stellar magnitudes in the image." ,
            "isNillable": "false" ,
            "isEnumerated": "false" ,
            "isDeprecated": "false" ,
            "dataType": "ASCII_Real" ,
            "dataTypeId": "0001_NASA_PDS_1.pds.ASCII_Real" ,
            "minimumCharacters": "Unbounded" ,
            "maximumCharacters": "Unbounded" ,
            "minimumValue": "-1.7976931348623157e308" ,
            "maximumValue": "1.7976931348623157e308" ,
            "pattern": "null" ,
            "unitOfMeasure": "null" ,
            "unitOfMeasureId": "null" ,
            "unitId": "null" ,
            "defaultUnitId": "null"
          }
        }
      , {
          "attribute": {
            "identifier": "0001_NASA_PDS_1.survey.Survey.survey.calibration_type" ,
            "title": "calibration_type" ,
            "registrationAuthorityId": "0001_NASA_PDS_1" ,
            "nameSpaceId": "survey" ,
            "steward": "sbn" ,
            "versionId": "1.18" ,
            "description": "Further classifies calibration images by the type of calibration field used." ,
            "isNillable": "false" ,
            "isEnumerated": "true" ,
            "isDeprecated": "false" ,
            "dataType": "ASCII_Short_String_Collapsed" ,
            "dataTypeId": "0001_NASA_PDS_1.pds.ASCII_Short_String_Collapsed" ,
            "minimumCharacters": "1" ,
            "maximumCharacters": "255" ,
            "minimumValue": "Unbounded" ,
            "maximumValue": "Unbounded" ,
            "pattern": "null" ,
            "unitOfMeasure": "null" ,
            "unitOfMeasureId": "null" ,
            "unitId": "null" ,
            "defaultUnitId": "null"
          , "PermissibleValueList": [
              {"PermissibleValue": {
                  "value": "Bias" ,
                  "valueMeaning": "CCD bias image" ,
                  "isDeprecated": "false"
                }
             }
            , {"PermissibleValue": {
                  "value": "Dark" ,
                  "valueMeaning": "CCD dark image" ,
                  "isDeprecated": "false"
                }
             }
            , {"PermissibleValue": {
                  "value": "Flat Field" ,
                  "valueMeaning": "CCD flat field image" ,
                  "isDeprecated": "false"
                }
             }
            , {"PermissibleValue": {
                  "value": "Fringe Correction" ,
                  "valueMeaning": "Fringe Correction image" ,
                  "isDeprecated": "false"
                }
             }
           ]
          }
        }
      , {
          "attribute": {
            "identifier": "0001_NASA_PDS_1.survey.Survey.survey.field_id" ,
            "title": "field_id" ,
            "registrationAuthorityId": "0001_NASA_PDS_1" ,
            "nameSpaceId": "survey" ,
            "steward": "sbn" ,
            "versionId": "1.18" ,
            "description": "Project-dependent field ID" ,
            "isNillable": "false" ,
            "isEnumerated": "false" ,
            "isDeprecated": "false" ,
            "dataType": "ASCII_Short_String_Collapsed" ,
            "dataTypeId": "0001_NASA_PDS_1.pds.ASCII_Short_String_Collapsed" ,
            "minimumCharacters": "1" ,
            "maximumCharacters": "255" ,
            "minimumValue": "Unbounded" ,
            "maximumValue": "Unbounded" ,
            "pattern": "null" ,
            "unitOfMeasure": "null" ,
            "unitOfMeasureId": "null" ,
            "unitId": "null" ,
            "defaultUnitId": "null"
          }
        }
      , {
          "attribute": {
            "identifier": "0001_NASA_PDS_1.survey.Survey.survey.observation_purpose" ,
            "title": "observation_purpose" ,
            "registrationAuthorityId": "0001_NASA_PDS_1" ,
            "nameSpaceId": "survey" ,
            "steward": "sbn" ,
            "versionId": "1.18" ,
            "description": "Identifies the intent of the observation, whether it is an actual survey observation, a followup, or a calibration image." ,
            "isNillable": "false" ,
            "isEnumerated": "true" ,
            "isDeprecated": "false" ,
            "dataType": "ASCII_Short_String_Collapsed" ,
            "dataTypeId": "0001_NASA_PDS_1.pds.ASCII_Short_String_Collapsed" ,
            "minimumCharacters": "1" ,
            "maximumCharacters": "255" ,
            "minimumValue": "Unbounded" ,
            "maximumValue": "Unbounded" ,
            "pattern": "null" ,
            "unitOfMeasure": "null" ,
            "unitOfMeasureId": "null" ,
            "unitId": "null" ,
            "defaultUnitId": "null"
          , "PermissibleValueList": [
              {"PermissibleValue": {
                  "value": "Calibration" ,
                  "valueMeaning": "A calibration image, such as a dark or flat field" ,
                  "isDeprecated": "false"
                }
             }
            , {"PermissibleValue": {
                  "value": "Followup" ,
                  "valueMeaning": "Followup observation" ,
                  "isDeprecated": "false"
                }
             }
            , {"PermissibleValue": {
                  "value": "Survey" ,
                  "valueMeaning": "A survey image of an area" ,
                  "isDeprecated": "false"
                }
             }
           ]
          }
        }
      , {
          "attribute": {
            "identifier": "0001_NASA_PDS_1.survey.Survey.survey.observation_technique" ,
            "title": "observation_technique" ,
            "registrationAuthorityId": "0001_NASA_PDS_1" ,
            "nameSpaceId": "survey" ,
            "steward": "sbn" ,
            "versionId": "1.18" ,
            "description": "Further classifies survey observations by the technique used to acquire it." ,
            "isNillable": "false" ,
            "isEnumerated": "true" ,
            "isDeprecated": "false" ,
            "dataType": "ASCII_Short_String_Collapsed" ,
            "dataTypeId": "0001_NASA_PDS_1.pds.ASCII_Short_String_Collapsed" ,
            "minimumCharacters": "1" ,
            "maximumCharacters": "255" ,
            "minimumValue": "Unbounded" ,
            "maximumValue": "Unbounded" ,
            "pattern": "null" ,
            "unitOfMeasure": "null" ,
            "unitOfMeasureId": "null" ,
            "unitId": "null" ,
            "defaultUnitId": "null"
          , "PermissibleValueList": [
              {"PermissibleValue": {
                  "value": "Non-Sidereal Drift Scan" ,
                  "valueMeaning": "A non-sidereal drift scan." ,
                  "isDeprecated": "false"
                }
             }
            , {"PermissibleValue": {
                  "value": "Non-Sidereal Stare" ,
                  "valueMeaning": "Standard observations taken at non-sidereal rates." ,
                  "isDeprecated": "false"
                }
             }
            , {"PermissibleValue": {
                  "value": "Sidereal Drift Scan" ,
                  "valueMeaning": "A sidereal drift scan." ,
                  "isDeprecated": "false"
                }
             }
            , {"PermissibleValue": {
                  "value": "Sidereal Stare" ,
                  "valueMeaning": "Standard observations taken at sidereal rates." ,
                  "isDeprecated": "false"
                }
             }
            , {"PermissibleValue": {
                  "value": "Track-And-Stack" ,
                  "valueMeaning": "Combination of multiple images of the same field." ,
                  "isDeprecated": "false"
                }
             }
           ]
          }
        }
      ]
    }
  }
]
