[
  {
    "dataDictionary": {
      "Title": "PDS4 Data Dictionary" ,
      "IM Version": "1.17.0.0" ,
      "LDD Version": "2.0.1.0" ,
      "Date": "Mon Nov 01 15:18:44 UTC 2021" ,
      "Description": "This document is a dump of the contents of the PDS4 Data Dictionary" ,
      "namespaces": ["pds:", "particle:"] ,
      "classDictionary": [
        {
          "class": {
            "identifier": "0001_NASA_PDS_1.particle.Particle_Observation" ,
            "title": "Particle_Observation" ,
            "registrationAuthorityId": "0001_NASA_PDS_1" ,
            "nameSpaceId": "particle" ,
            "steward": "ppi" ,
            "versionId": "1.0.0.0" ,
            "isAbstract": "false" ,
            "isDeprecated": "false" ,
            "description": "The Particle_Observation class is the container for particle discipline related metadata elements."
              , "associationList": [
             {"association": {
                "identifier": "0001_NASA_PDS_1.particle.Particle_Observation.particle.energy_range_minimum" ,
                "title": "energy_range_minimum" ,
                "assocType": "attribute_of" ,
                "isAttribute": "true" ,
                "isChoice": "false" ,
                "isAny": "false" ,
                "groupName": "null" ,
                "minimumCardinality": "0" ,
                "maximumCardinality": "1" ,
                "classOrder": "1010" ,
                "attributeId": [
                  "0001_NASA_PDS_1.particle.Particle_Observation.particle.energy_range_minimum"
                 ]
              }
            }
           , {"association": {
                "identifier": "0001_NASA_PDS_1.particle.Particle_Observation.particle.energy_range_maximum" ,
                "title": "energy_range_maximum" ,
                "assocType": "attribute_of" ,
                "isAttribute": "true" ,
                "isChoice": "false" ,
                "isAny": "false" ,
                "groupName": "null" ,
                "minimumCardinality": "0" ,
                "maximumCardinality": "1" ,
                "classOrder": "1020" ,
                "attributeId": [
                  "0001_NASA_PDS_1.particle.Particle_Observation.particle.energy_range_maximum"
                 ]
              }
            }
           , {"association": {
                "identifier": "0001_NASA_PDS_1.particle.Particle_Observation.particle.Particle_Parameter" ,
                "title": "Particle_Parameter" ,
                "assocType": "component_of" ,
                "isAttribute": "false" ,
                "isChoice": "false" ,
                "isAny": "false" ,
                "groupName": "null" ,
                "minimumCardinality": "1" ,
                "maximumCardinality": "*" ,
                "classOrder": "1030" ,
                "classId": [
                  "0001_NASA_PDS_1.particle.Particle_Parameter"
                 ]
              }
            }
           ]
          }
        }
      , {
          "class": {
            "identifier": "0001_NASA_PDS_1.particle.Particle_Parameter" ,
            "title": "Particle_Parameter" ,
            "registrationAuthorityId": "0001_NASA_PDS_1" ,
            "nameSpaceId": "particle" ,
            "steward": "ppi" ,
            "versionId": "1.0.0.0" ,
            "isAbstract": "false" ,
            "isDeprecated": "false" ,
            "description": "The Particle_Parameter class contains metadata identifying specific particle science parameters."
              , "associationList": [
             {"association": {
                "identifier": "0001_NASA_PDS_1.particle.Particle_Parameter.particle.particle_type" ,
                "title": "particle_type" ,
                "assocType": "attribute_of" ,
                "isAttribute": "true" ,
                "isChoice": "false" ,
                "isAny": "false" ,
                "groupName": "null" ,
                "minimumCardinality": "1" ,
                "maximumCardinality": "1" ,
                "classOrder": "1010" ,
                "attributeId": [
                  "0001_NASA_PDS_1.particle.Particle_Parameter.particle.particle_type"
                 ]
              }
            }
           , {"association": {
                "identifier": "0001_NASA_PDS_1.particle.Particle_Parameter.particle.particle_measurement_type" ,
                "title": "particle_measurement_type" ,
                "assocType": "attribute_of" ,
                "isAttribute": "true" ,
                "isChoice": "false" ,
                "isAny": "false" ,
                "groupName": "null" ,
                "minimumCardinality": "1" ,
                "maximumCardinality": "1" ,
                "classOrder": "1020" ,
                "attributeId": [
                  "0001_NASA_PDS_1.particle.Particle_Parameter.particle.particle_measurement_type"
                 ]
              }
            }
           , {"association": {
                "identifier": "0001_NASA_PDS_1.particle.Particle_Parameter.particle.ion_type" ,
                "title": "ion_type" ,
                "assocType": "attribute_of" ,
                "isAttribute": "true" ,
                "isChoice": "false" ,
                "isAny": "false" ,
                "groupName": "null" ,
                "minimumCardinality": "0" ,
                "maximumCardinality": "*" ,
                "classOrder": "1030" ,
                "attributeId": [
                  "0001_NASA_PDS_1.particle.Particle_Parameter.particle.ion_type"
                 ]
              }
            }
           ]
          }
        }
      ]
    , "attributeDictionary": [
        {
          "attribute": {
            "identifier": "0001_NASA_PDS_1.particle.Particle_Observation.particle.energy_range_maximum" ,
            "title": "energy_range_maximum" ,
            "registrationAuthorityId": "0001_NASA_PDS_1" ,
            "nameSpaceId": "particle" ,
            "steward": "ppi" ,
            "versionId": "1.17" ,
            "description": "The energy_range_minimum attribute indicates the highest measured energy for the described particle_type." ,
            "isNillable": "false" ,
            "isEnumerated": "false" ,
            "isDeprecated": "false" ,
            "dataType": "ASCII_Real" ,
            "dataTypeId": "0001_NASA_PDS_1.pds.ASCII_Real" ,
            "minimumCharacters": "Unbounded" ,
            "maximumCharacters": "Unbounded" ,
            "minimumValue": "-1.7976931348623157e308" ,
            "maximumValue": "1.7976931348623157e308" ,
            "pattern": "null" ,
            "unitOfMeasure": "Units_of_Energy" ,
            "unitOfMeasureId": "0001_NASA_PDS_1.pds.Units_of_Energy" ,
            "unitId": "J, MeV, eV, keV" ,
            "defaultUnitId": "null"
          }
        }
      , {
          "attribute": {
            "identifier": "0001_NASA_PDS_1.particle.Particle_Observation.particle.energy_range_minimum" ,
            "title": "energy_range_minimum" ,
            "registrationAuthorityId": "0001_NASA_PDS_1" ,
            "nameSpaceId": "particle" ,
            "steward": "ppi" ,
            "versionId": "1.17" ,
            "description": "The energy_range_minimum attribute indicates the lowest measured energy for the described particle_type." ,
            "isNillable": "false" ,
            "isEnumerated": "false" ,
            "isDeprecated": "false" ,
            "dataType": "ASCII_Real" ,
            "dataTypeId": "0001_NASA_PDS_1.pds.ASCII_Real" ,
            "minimumCharacters": "Unbounded" ,
            "maximumCharacters": "Unbounded" ,
            "minimumValue": "-1.7976931348623157e308" ,
            "maximumValue": "1.7976931348623157e308" ,
            "pattern": "null" ,
            "unitOfMeasure": "Units_of_Energy" ,
            "unitOfMeasureId": "0001_NASA_PDS_1.pds.Units_of_Energy" ,
            "unitId": "J, MeV, eV, keV" ,
            "defaultUnitId": "null"
          }
        }
      , {
          "attribute": {
            "identifier": "0001_NASA_PDS_1.particle.Particle_Parameter.particle.ion_type" ,
            "title": "ion_type" ,
            "registrationAuthorityId": "0001_NASA_PDS_1" ,
            "nameSpaceId": "particle" ,
            "steward": "ppi" ,
            "versionId": "1.17" ,
            "description": "The ion_type attribute indicates the types of ions measured." ,
            "isNillable": "false" ,
            "isEnumerated": "true" ,
            "isDeprecated": "false" ,
            "dataType": "ASCII_Short_String_Collapsed" ,
            "dataTypeId": "0001_NASA_PDS_1.pds.ASCII_Short_String_Collapsed" ,
            "minimumCharacters": "1" ,
            "maximumCharacters": "255" ,
            "minimumValue": "Unbounded" ,
            "maximumValue": "Unbounded" ,
            "pattern": "null" ,
            "unitOfMeasure": "null" ,
            "unitOfMeasureId": "null" ,
            "unitId": "null" ,
            "defaultUnitId": "null"
          , "PermissibleValueList": [
              {"PermissibleValue": {
                  "value": "Alpha" ,
                  "valueMeaning": "Positively charged particle consisting of two protons and two neutrons" ,
                  "isDeprecated": "false"
                }
             }
            , {"PermissibleValue": {
                  "value": "Heavy" ,
                  "valueMeaning": "Ions with a higher atomic number than helium" ,
                  "isDeprecated": "false"
                }
             }
            , {"PermissibleValue": {
                  "value": "Proton" ,
                  "valueMeaning": "Positively charged subatomic particle" ,
                  "isDeprecated": "false"
                }
             }
           ]
          }
        }
      , {
          "attribute": {
            "identifier": "0001_NASA_PDS_1.particle.Particle_Parameter.particle.particle_measurement_type" ,
            "title": "particle_measurement_type" ,
            "registrationAuthorityId": "0001_NASA_PDS_1" ,
            "nameSpaceId": "particle" ,
            "steward": "ppi" ,
            "versionId": "1.17" ,
            "description": "The particle_measurement_type attribute indicates the type of particle measurement parameters." ,
            "isNillable": "false" ,
            "isEnumerated": "true" ,
            "isDeprecated": "false" ,
            "dataType": "ASCII_Short_String_Collapsed" ,
            "dataTypeId": "0001_NASA_PDS_1.pds.ASCII_Short_String_Collapsed" ,
            "minimumCharacters": "1" ,
            "maximumCharacters": "255" ,
            "minimumValue": "Unbounded" ,
            "maximumValue": "Unbounded" ,
            "pattern": "null" ,
            "unitOfMeasure": "null" ,
            "unitOfMeasureId": "null" ,
            "unitId": "null" ,
            "defaultUnitId": "null"
          , "PermissibleValueList": [
              {"PermissibleValue": {
                  "value": "Composition" ,
                  "valueMeaning": "Distribution of particle types" ,
                  "isDeprecated": "false"
                }
             }
            , {"PermissibleValue": {
                  "value": "Count Rate" ,
                  "valueMeaning": "Particle detections per accumulation interval" ,
                  "isDeprecated": "false"
                }
             }
            , {"PermissibleValue": {
                  "value": "Counts" ,
                  "valueMeaning": "Sensor particle detections (may include both raw and corrected counts)" ,
                  "isDeprecated": "false"
                }
             }
            , {"PermissibleValue": {
                  "value": "Density" ,
                  "valueMeaning": "Particle number or mass density" ,
                  "isDeprecated": "false"
                }
             }
            , {"PermissibleValue": {
                  "value": "Distribution Function" ,
                  "valueMeaning": "Particle distribution" ,
                  "isDeprecated": "false"
                }
             }
            , {"PermissibleValue": {
                  "value": "Dynamic Pressure" ,
                  "valueMeaning": "Pressure due to the kinetic motion of the particles" ,
                  "isDeprecated": "false"
                }
             }
            , {"PermissibleValue": {
                  "value": "Energy Flux" ,
                  "valueMeaning": "Particle energy per unit area per time. This value should be used for differential and integral energy flux as well." ,
                  "isDeprecated": "false"
                }
             }
            , {"PermissibleValue": {
                  "value": "Energy Spectra" ,
                  "valueMeaning": "Particle distribution of energy" ,
                  "isDeprecated": "false"
                }
             }
            , {"PermissibleValue": {
                  "value": "Flux" ,
                  "valueMeaning": "Particle detections per time per area" ,
                  "isDeprecated": "false"
                }
             }
            , {"PermissibleValue": {
                  "value": "Mass Spectra" ,
                  "valueMeaning": "Particle distribution of mass-to-charge ratio" ,
                  "isDeprecated": "false"
                }
             }
            , {"PermissibleValue": {
                  "value": "Pitch Angle Distribution" ,
                  "valueMeaning": "Particle distribution organized by magnetic-field direction" ,
                  "isDeprecated": "false"
                }
             }
            , {"PermissibleValue": {
                  "value": "Pulse Height Analysis" ,
                  "valueMeaning": "Particle energy spectra over a specified time interval" ,
                  "isDeprecated": "false"
                }
             }
            , {"PermissibleValue": {
                  "value": "Temperature" ,
                  "valueMeaning": "Particle distribution temperature" ,
                  "isDeprecated": "false"
                }
             }
            , {"PermissibleValue": {
                  "value": "Thermal Pressure" ,
                  "valueMeaning": "Pressure due to the thermal motion of the particles" ,
                  "isDeprecated": "false"
                }
             }
            , {"PermissibleValue": {
                  "value": "Time of Flight" ,
                  "valueMeaning": "Particle mass distribution determined by particle's measured momentum and time it take to travel between two sensors" ,
                  "isDeprecated": "false"
                }
             }
            , {"PermissibleValue": {
                  "value": "Velocity" ,
                  "valueMeaning": "Particle bulk or vector velocity" ,
                  "isDeprecated": "false"
                }
             }
           ]
          }
        }
      , {
          "attribute": {
            "identifier": "0001_NASA_PDS_1.particle.Particle_Parameter.particle.particle_type" ,
            "title": "particle_type" ,
            "registrationAuthorityId": "0001_NASA_PDS_1" ,
            "nameSpaceId": "particle" ,
            "steward": "ppi" ,
            "versionId": "1.17" ,
            "description": "The particle_type attribute indicates the type of particle being described." ,
            "isNillable": "false" ,
            "isEnumerated": "true" ,
            "isDeprecated": "false" ,
            "dataType": "ASCII_Short_String_Collapsed" ,
            "dataTypeId": "0001_NASA_PDS_1.pds.ASCII_Short_String_Collapsed" ,
            "minimumCharacters": "1" ,
            "maximumCharacters": "255" ,
            "minimumValue": "Unbounded" ,
            "maximumValue": "Unbounded" ,
            "pattern": "null" ,
            "unitOfMeasure": "null" ,
            "unitOfMeasureId": "null" ,
            "unitId": "null" ,
            "defaultUnitId": "null"
          , "PermissibleValueList": [
              {"PermissibleValue": {
                  "value": "Electrons" ,
                  "valueMeaning": "Electrons are subatomic particles with a negative electrical charge." ,
                  "isDeprecated": "false"
                }
             }
            , {"PermissibleValue": {
                  "value": "Ions" ,
                  "valueMeaning": "Ions are particles with an electrical charge." ,
                  "isDeprecated": "false"
                }
             }
            , {"PermissibleValue": {
                  "value": "Neutrals" ,
                  "valueMeaning": "Neutrals are particles with no net electrical charge." ,
                  "isDeprecated": "false"
                }
             }
           ]
          }
        }
      ]
    }
  }
]
