"Sort Key","Type","Name","Version","Name Space Id","Description","Steward","Value Type","Minimum Cardinality","Maximum Cardinality","Minimum Value","Maximum Value","Minimum Characters","Maximum Characters","Unit of Measure Type","Specified Unit Id","Attribute Concept","Conceptual Domain"
"ml:Data_Set:1                      ","Class","Data_Set","1.0.0.0","ml","The Data_Set class is the container for classes and attributes describing the size and version of data sets used by the machine learning model.","img","","","","","","","","","","",""
"ml:Data_Set:2                       ml:data_set_version_id:1           ","Attribute","data_set_version_id","n/a","ml","The data_set_version_id attribute specifies the data set version number.","img","ASCII_VID","1","1","Unbounded","Unbounded","3","100","Units_of_None","none","TBD_classConcept","SHORT_STRING"
"ml:Data_Set:2                       ml:data_set_count:1                ","Attribute","data_set_count","n/a","ml","The data_set_count attribute provides the number of items in the data set.","img","ASCII_NonNegative_Integer","1","1","1","18446744073709551615","Unbounded","Unbounded","Units_of_None","none","TBD_classConcept","INTEGER"
"ml:Training_Set:1                  ","Class","Training_Set","1.0.0.0","ml","The Training_Set class belongs to the Data_Set class family and contains attributes that describe the size and version of the data set used to train the machine learning model.","img","","","","","","","","","","",""
"ml:Training_Set:2                   ml:data_set_version_id:1           ","Attribute","data_set_version_id","n/a","ml","The data_set_version_id attribute specifies the data set version number.","img","ASCII_VID","1","1","Unbounded","Unbounded","3","100","Units_of_None","none","TBD_classConcept","SHORT_STRING"
"ml:Training_Set:2                   ml:data_set_count:1                ","Attribute","data_set_count","n/a","ml","The data_set_count attribute provides the number of items in the data set.","img","ASCII_NonNegative_Integer","1","1","1","18446744073709551615","Unbounded","Unbounded","Units_of_None","none","TBD_classConcept","INTEGER"
"ml:Validation_Set:1                ","Class","Validation_Set","1.0.0.0","ml","The Validation_Set class belongs to the Data_Set class family and contains attributes that describe the size and version of the data set used to validate the machine learning model (e.g., to choose the best hyperparameters).","img","","","","","","","","","","",""
"ml:Validation_Set:2                 ml:data_set_version_id:1           ","Attribute","data_set_version_id","n/a","ml","The data_set_version_id attribute specifies the data set version number.","img","ASCII_VID","1","1","Unbounded","Unbounded","3","100","Units_of_None","none","TBD_classConcept","SHORT_STRING"
"ml:Validation_Set:2                 ml:data_set_count:1                ","Attribute","data_set_count","n/a","ml","The data_set_count attribute provides the number of items in the data set.","img","ASCII_NonNegative_Integer","1","1","1","18446744073709551615","Unbounded","Unbounded","Units_of_None","none","TBD_classConcept","INTEGER"
"ml:Test_Set:1                      ","Class","Test_Set","1.0.0.0","ml","The Test_Set class belongs to the Data_Set class family and contains attributes describing the size and version of the data set used to test the machine learning model (i.e., in terms of generalization to previously unseen data).","img","","","","","","","","","","",""
"ml:Test_Set:2                       ml:data_set_version_id:1           ","Attribute","data_set_version_id","n/a","ml","The data_set_version_id attribute specifies the data set version number.","img","ASCII_VID","1","1","Unbounded","Unbounded","3","100","Units_of_None","none","TBD_classConcept","SHORT_STRING"
"ml:Test_Set:2                       ml:data_set_count:1                ","Attribute","data_set_count","n/a","ml","The data_set_count attribute provides the number of items in the data set.","img","ASCII_NonNegative_Integer","1","1","1","18446744073709551615","Unbounded","Unbounded","Units_of_None","none","TBD_classConcept","INTEGER"
"ml:Test_Performance:1              ","Class","Test_Performance","1.0.0.0","ml","The Test_Performance class contains information about a trained model's performance on the test set.","img","","","","","","","","","","",""
"ml:Test_Performance:2               ml:performance_measure:1           ","Attribute","performance_measure","n/a","ml","The performance_measure attribute specifies the name of the measure (or metric) used to report performance of the model on the test set.","img","ASCII_Short_String_Collapsed","1","1","Unbounded","Unbounded","1","255","Units_of_None","none","TBD_classConcept","SHORT_STRING"
"ml:Test_Performance:2               ml:performance_score:1             ","Attribute","performance_score","n/a","ml","The performance_score attribute reports the numeric score the model achieved using performance_measure on the test set. Values are not constrained since the measure may not be a strict metric. Examples could include accuracy, loss, runtime, memory consumption, etc.","img","ASCII_Real","1","1","-1.7976931348623157e308","1.7976931348623157e308","Unbounded","Unbounded","Units_of_None","none","TBD_classConcept","REAL"
"ml:Trained_Machine_Learning_Model:1","Class","Trained_Machine_Learning_Model","1.0.0.0","ml","The Trained_Machine_Learning_Model class is a container for information about how a given model was trained and evaluated. A Machine_Learning_Algorithm and Training_Set are required, while Validation_Set and Test_Set (and Test_Performance) are optional.","img","","","","","","","","","","",""
"ml:Trained_Machine_Learning_Model:2 ml:trained_model_version_id:1      ","Attribute","trained_model_version_id","n/a","ml","The trained_model_version_id attribute specifies the trained model version number.","img","ASCII_VID","1","1","Unbounded","Unbounded","3","100","Units_of_None","none","TBD_classConcept","SHORT_STRING"
"ml:Trained_Machine_Learning_Model:2 ml:trained_model_name:1            ","Attribute","trained_model_name","n/a","ml","The trained_model_name attribute specifies the name of the model used.","img","ASCII_Short_String_Collapsed","1","1","Unbounded","Unbounded","1","255","Units_of_None","none","TBD_classConcept","SHORT_STRING"
"ml:Machine_Learning_Algorithm:1    ","Class","Machine_Learning_Algorithm","1.0.0.0","ml","The Machine_Learning_Algorithm class is a container for classes and and attributes describing the algorithm type and learning style used. An external reference to a citation for the algorithm is required.","img","","","","","","","","","","",""
"ml:Machine_Learning_Algorithm:2     ml:algorithm_learning_style:1      ","Attribute","algorithm_learning_style","n/a","ml","The algorithm_learning_style attribute describes the type of learning style employed by the algorithm to solve a problem. Specifically, the learning style depends on whether labeled or unlabeled data was employed to train the model. Labeled data includes observations that are associated with a desired output such as a class or numeric value.","img","ASCII_Short_String_Collapsed","1","1","Unbounded","Unbounded","1","255","Units_of_None","none","TBD_classConcept","SHORT_STRING"
"ml:Machine_Learning_Algorithm:2     ml:algorithm_learning_style:2       Value:Semisupervised_Learn","Value","Semisupervised_Learning","","","Both labeled data and unlabeled data were used to inform the model."
"ml:Machine_Learning_Algorithm:2     ml:algorithm_learning_style:2       Value:Supervised_Learning","Value","Supervised_Learning","","","Supervised_Learning indicates that labeled data has been used to train a model to yield the desired output."
"ml:Machine_Learning_Algorithm:2     ml:algorithm_learning_style:2       Value:Unsupervised_Learnin","Value","Unsupervised_Learning","","","The algorithm did not employ any labeled data and instead discovered patterns from unlabeled data."
"ml:Machine_Learning_Algorithm:2     ml:algorithm_type:1                ","Attribute","algorithm_type","n/a","ml","The algorithm_type attribute describes the kind of algorithm used, such as a regression model, neural network, tree, etc.","img","ASCII_Short_String_Collapsed","1","1","Unbounded","Unbounded","1","255","Units_of_None","none","TBD_classConcept","SHORT_STRING"
"ml:Machine_Learning_Algorithm:2     ml:algorithm_type:2                 Value:Convolutional_Neural","Value","Convolutional_Neural_Network_Classifier","","","The algorithm used for data analysis is a Convolutional Neural Network (CNN) Classifier."
"ml:Machine_Learning_Algorithm:2     ml:algorithm_name:1                ","Attribute","algorithm_name","n/a","ml","The algorithm_name attribute specifies the name of the algorithm used.","img","ASCII_Short_String_Collapsed","1","1","Unbounded","Unbounded","1","255","Units_of_None","none","TBD_classConcept","SHORT_STRING"
"ml:Machine_Learning:1              ","Class","Machine_Learning","1.0.0.0","ml","The Machine_Learning class is a container for all machine learning information in the label. ","img","","","","","","","","","","",""
