<?xml version="1.0" encoding="UTF-8"?>
<?xml-model
    href="https://pds.nasa.gov/pds4/pds/v1/PDS4_PDS_1I00.sch"
    schematypens="http://purl.oclc.org/dsdl/schematron"?>

<Ingest_LDD xmlns="http://pds.nasa.gov/pds4/pds/v1"
            xmlns:xsi="http://www.w3.org/2001/XMLSchema-instance"
            xsi:schemaLocation="http://pds.nasa.gov/pds4/pds/v1
                                https://pds.nasa.gov/pds4/pds/v1/PDS4_PDS_1I00.xsd">
  
  <name>Machine Learning Analysis</name>
  <ldd_version_id>1.1.0.0</ldd_version_id>
  <dictionary_type>Discipline</dictionary_type>
  <full_name>Sara A. Bond</full_name>
  <steward_id>img</steward_id>
  <namespace_id>ml</namespace_id>
  <comment>This namespace enables the specification of metadata that
    describes products generated by the use of a machine learning
    model.  It captures information about how the model was trained
    and evaluated. 
  
    ## CHANGE LOG ##
    1.1.0.0
    - Change data_set_size to data_set_count.
    - Expand attribute definitions.
    - Update steward name.
    
    1.0.1.0
    - Address Oxygen-flagged errors.
    - Make data_set_size a ASCII_NonNegative_Integer.
    - Update some attribute and class definitions.
    - Update README file per latest template.
    - Use PDS Information Model 1.18 (I).

    1.0.0.0
    - Initial release.
  </comment>
  <last_modification_date_time>2022-06-30</last_modification_date_time>

  <!-- Attributes -->
  
  <!-- Attributes for the Data_Set classes. -->
  
  <DD_Attribute>
    <name>data_set_count</name>
    <version_id>1.1</version_id>
    <local_identifier>data_set_count</local_identifier>
    <nillable_flag>false</nillable_flag>
    <submitter_name>Minh Le</submitter_name>
    <definition>The data_set_count attribute provides the number of
    items in the data set.</definition> 
    <DD_Value_Domain>
      <enumeration_flag>false</enumeration_flag>
      <value_data_type>ASCII_NonNegative_Integer</value_data_type>
      <minimum_value>1</minimum_value>
      <unit_of_measure_type>Units_of_None</unit_of_measure_type>
    </DD_Value_Domain>
  </DD_Attribute>
  <DD_Attribute>
    <name>data_set_version_id</name>
    <version_id>1.0</version_id>
    <local_identifier>data_set_version_id</local_identifier>
    <nillable_flag>false</nillable_flag>
    <submitter_name>Minh Le</submitter_name>
    <definition>The data_set_version_id attribute specifies the data
    set version number.</definition> 
    <DD_Value_Domain>
      <enumeration_flag>false</enumeration_flag>
      <value_data_type>ASCII_VID</value_data_type>
      <unit_of_measure_type>Units_of_None</unit_of_measure_type>
    </DD_Value_Domain>
  </DD_Attribute>
  
  <!-- Attributes for the Machine_Learning_Algorithm class. -->
  
  <DD_Attribute>
    <name>algorithm_learning_style</name>
    <version_id>1.0</version_id>
    <local_identifier>algorithm_learning_style</local_identifier>
    <nillable_flag>false</nillable_flag>
    <submitter_name>Minh Le</submitter_name>
    <definition>The algorithm_learning_style attribute describes the
    type of learning style employed by the algorithm to solve a
    problem.  Specifically, the learning style depends on whether
    labeled or unlabeled data was employed to train the model.
    Labeled data includes observations that are associated with a
    desired output such as a class or numeric value.</definition> 
    <DD_Value_Domain>
      <enumeration_flag>true</enumeration_flag>
      <value_data_type>ASCII_Short_String_Collapsed</value_data_type>
      <DD_Permissible_Value>
        <value>Supervised_Learning</value>
        <value_meaning>Supervised_Learning indicates that labeled data
        has been used to train a model to yield the desired
        output.</value_meaning>
      </DD_Permissible_Value>
      <DD_Permissible_Value>
        <value>Semisupervised_Learning</value>
        <value_meaning>Both labeled data and unlabeled data were used
        to inform the model.</value_meaning> 
      </DD_Permissible_Value>
      <DD_Permissible_Value>
        <value>Unsupervised_Learning</value>
        <value_meaning>The algorithm did not employ any labeled data
        and instead discovered patterns from unlabeled
        data.</value_meaning>
      </DD_Permissible_Value>
    </DD_Value_Domain>
  </DD_Attribute>
  <DD_Attribute>
    <name>algorithm_type</name>
    <version_id>1.0</version_id>
    <local_identifier>algorithm_type</local_identifier>
    <nillable_flag>false</nillable_flag>
    <submitter_name>Minh Le</submitter_name>
    <definition>The algorithm_type attribute describes the kind of
    algorithm used, such as a regression model, neural network, tree,
    etc.</definition>
    <comment>We plan to expand the list of permissible values.</comment>
    <DD_Value_Domain>
      <enumeration_flag>true</enumeration_flag>
      <value_data_type>ASCII_Short_String_Collapsed</value_data_type>
      <DD_Permissible_Value>
        <value>Convolutional_Neural_Network_Classifier</value>
        <value_meaning>The algorithm used for data analysis is a
        Convolutional Neural Network (CNN) Classifier.</value_meaning> 
      </DD_Permissible_Value>
    </DD_Value_Domain>
  </DD_Attribute>
  <DD_Attribute>
    <name>algorithm_name</name>
    <version_id>1.1</version_id>
    <local_identifier>algorithm_name</local_identifier>
    <nillable_flag>false</nillable_flag>
    <submitter_name>Minh Le</submitter_name>
    <definition>The algorithm_name attribute specifies the name of the
    algorithm used.</definition> 
    <DD_Value_Domain>
      <enumeration_flag>false</enumeration_flag>
      <value_data_type>ASCII_Short_String_Collapsed</value_data_type>
    </DD_Value_Domain>
  </DD_Attribute>
  
  <!-- Attributes for the Test_Performance class. -->

  <DD_Attribute>
    <name>performance_measure</name>
    <version_id>1.0</version_id>
    <local_identifier>performance_measure</local_identifier>
    <nillable_flag>false</nillable_flag>
    <submitter_name>Kiri L. Wagstaff</submitter_name>
    <definition>The performance_measure attribute specifies the name
    of the measure (or metric) used to report performance of the
    model on the test set.</definition>
    <DD_Value_Domain>
      <enumeration_flag>false</enumeration_flag>
      <value_data_type>ASCII_Short_String_Collapsed</value_data_type>
    </DD_Value_Domain>
  </DD_Attribute>

  <DD_Attribute>
    <name>performance_score</name>
    <version_id>1.0</version_id>
    <local_identifier>performance_score</local_identifier>
    <nillable_flag>false</nillable_flag>
    <submitter_name>Kiri L. Wagstaff</submitter_name>
    <definition>The performance_score attribute reports the numeric
    score the model achieved using performance_measure on the test
    set.  Values are not constrained since the measure may not be a
    strict metric.  Examples could include accuracy, loss, runtime,
    memory consumption, etc.</definition> 
    <DD_Value_Domain>
      <enumeration_flag>false</enumeration_flag>
      <value_data_type>ASCII_Real</value_data_type>
      <unit_of_measure_type>Units_of_None</unit_of_measure_type>
    </DD_Value_Domain>
  </DD_Attribute>
  
  <!-- Attributes for the Trained_Machine_Learning_Model class. -->

  <DD_Attribute>
    <name>trained_model_version_id</name>
    <version_id>1.0</version_id>
    <local_identifier>trained_model_version_id</local_identifier>
    <nillable_flag>false</nillable_flag>
    <submitter_name>Kiri L. Wagstaff</submitter_name>
    <definition>The trained_model_version_id attribute specifies the
    trained model version number.</definition> 
    <DD_Value_Domain>
      <enumeration_flag>false</enumeration_flag>
      <value_data_type>ASCII_VID</value_data_type>
      <unit_of_measure_type>Units_of_None</unit_of_measure_type>
    </DD_Value_Domain>
  </DD_Attribute>
  <DD_Attribute>
    <name>trained_model_name</name>
    <version_id>1.0</version_id>
    <local_identifier>trained_model_name</local_identifier>
    <nillable_flag>false</nillable_flag>
    <submitter_name>Kiri L. Wagstaff</submitter_name>
    <definition>The trained_model_name attribute specifies the name of the
    model used.</definition> 
    <DD_Value_Domain>
      <enumeration_flag>false</enumeration_flag>
      <value_data_type>ASCII_Short_String_Collapsed</value_data_type>
    </DD_Value_Domain>
  </DD_Attribute>

  <!-- Classes -->
  
  <!-- Data_Set Classes -->

  <DD_Class>
    <name>Data_Set</name>
    <version_id>1.0</version_id>
    <local_identifier>Data_Set</local_identifier>
    <submitter_name>Minh Le</submitter_name>
    <definition>The Data_Set class is the container for classes
    and attributes describing the size and version of data sets used
    by the machine learning model.</definition>
    <abstract_flag>true</abstract_flag>
    <element_flag>false</element_flag>
    <DD_Association>
      <identifier_reference>data_set_version_id</identifier_reference>
      <reference_type>attribute_of</reference_type>
      <minimum_occurrences>1</minimum_occurrences>
      <maximum_occurrences>1</maximum_occurrences>
    </DD_Association>
    <DD_Association>
      <identifier_reference>data_set_count</identifier_reference>
      <reference_type>attribute_of</reference_type>
      <minimum_occurrences>1</minimum_occurrences>
      <maximum_occurrences>1</maximum_occurrences>
    </DD_Association>
  </DD_Class>
  <DD_Class>
    <name>Training_Set</name>
    <version_id>1.0</version_id>
    <local_identifier>Training_Set</local_identifier>
    <submitter_name>Minh Le</submitter_name>
    <definition>The Training_Set class belongs to the Data_Set
    class family and contains attributes that describe the
    size and version of the data set used to train the machine
    learning model.</definition>
    <element_flag>false</element_flag>
    <DD_Association>
      <identifier_reference>Data_Set</identifier_reference>
      <reference_type>parent_of</reference_type>
      <minimum_occurrences>1</minimum_occurrences>
      <maximum_occurrences>1</maximum_occurrences>
    </DD_Association>
  </DD_Class>
  <DD_Class>
    <name>Validation_Set</name>
    <version_id>1.0</version_id>
    <local_identifier>Validation_Set</local_identifier>
    <submitter_name>Minh Le</submitter_name>
    <definition>The Validation_Set class belongs to the Data_Set
    class family and contains attributes that describe the
    size and version of the data set used to validate the machine
    learning model (e.g., to choose the best
    hyperparameters).</definition> 
    <element_flag>false</element_flag>
    <DD_Association>
      <identifier_reference>Data_Set</identifier_reference>
      <reference_type>parent_of</reference_type>
      <minimum_occurrences>1</minimum_occurrences>
      <maximum_occurrences>1</maximum_occurrences>
    </DD_Association>
  </DD_Class>
  <DD_Class>
    <name>Test_Set</name>
    <version_id>1.0</version_id>
    <local_identifier>Test_Set</local_identifier>
    <submitter_name>Minh Le</submitter_name>
    <definition>The Test_Set class belongs to the Data_Set class
    family and contains attributes describing the size and version of
    the data set used to test the machine learning model (i.e., in
    terms of generalization to previously unseen data).</definition>
    <element_flag>false</element_flag>
    <DD_Association>
      <identifier_reference>Data_Set</identifier_reference>
      <reference_type>parent_of</reference_type>
      <minimum_occurrences>1</minimum_occurrences>
      <maximum_occurrences>1</maximum_occurrences>
    </DD_Association>
  </DD_Class>
  
  <!-- Test_Performance Class -->

  <DD_Class>
    <name>Test_Performance</name>
    <version_id>1.0</version_id>
    <local_identifier>Test_Performance</local_identifier>
    <submitter_name>Kiri L. Wagstaff</submitter_name>
    <definition>The Test_Performance class contains information about
    a trained model's performance on the test set.</definition>
    <element_flag>false</element_flag>
    <DD_Association>
      <identifier_reference>performance_measure</identifier_reference>
      <reference_type>attribute_of</reference_type>
      <minimum_occurrences>1</minimum_occurrences>
      <maximum_occurrences>1</maximum_occurrences>
    </DD_Association>
    <DD_Association>
      <identifier_reference>performance_score</identifier_reference>
      <reference_type>attribute_of</reference_type>
      <minimum_occurrences>1</minimum_occurrences>
      <maximum_occurrences>1</maximum_occurrences>
    </DD_Association>
  </DD_Class>

  <!-- Trained_Machine_Learning_Model Class -->

  <DD_Class>
    <name>Trained_Machine_Learning_Model</name>
    <version_id>1.0</version_id>
    <local_identifier>Trained_Machine_Learning_Model</local_identifier>
    <submitter_name>Minh Le</submitter_name>
    <definition>The Trained_Machine_Learning_Model class is a
    container for information about how a given model was trained and
    evaluated.  A Machine_Learning_Algorithm and Training_Set are
    required, while Validation_Set and Test_Set (and Test_Performance)
    are optional.</definition>  
    <element_flag>false</element_flag>
    <DD_Association>
      <identifier_reference>trained_model_version_id</identifier_reference>
      <reference_type>attribute_of</reference_type>
      <minimum_occurrences>1</minimum_occurrences>
      <maximum_occurrences>1</maximum_occurrences>
    </DD_Association>
    <DD_Association>
      <identifier_reference>trained_model_name</identifier_reference>
      <reference_type>attribute_of</reference_type>
      <minimum_occurrences>1</minimum_occurrences>
      <maximum_occurrences>1</maximum_occurrences>
    </DD_Association>
    <DD_Association>
      <identifier_reference>Machine_Learning_Algorithm</identifier_reference>
      <reference_type>component_of</reference_type>
      <minimum_occurrences>1</minimum_occurrences>
      <maximum_occurrences>1</maximum_occurrences>
    </DD_Association>
    <DD_Association>
      <identifier_reference>Training_Set</identifier_reference>
      <reference_type>component_of</reference_type>
      <minimum_occurrences>1</minimum_occurrences>
      <maximum_occurrences>1</maximum_occurrences>
    </DD_Association>
    <DD_Association>
      <identifier_reference>Validation_Set</identifier_reference>
      <reference_type>component_of</reference_type>
      <minimum_occurrences>0</minimum_occurrences>
      <maximum_occurrences>1</maximum_occurrences>
    </DD_Association>
    <DD_Association>
      <identifier_reference>Test_Set</identifier_reference>
      <reference_type>component_of</reference_type>
      <minimum_occurrences>0</minimum_occurrences>
      <maximum_occurrences>1</maximum_occurrences>
    </DD_Association>
    <DD_Association>
      <identifier_reference>Test_Performance</identifier_reference>
      <reference_type>component_of</reference_type>
      <minimum_occurrences>0</minimum_occurrences>
      <maximum_occurrences>*</maximum_occurrences>
    </DD_Association>
  </DD_Class>
  
  <!-- Machine_Learning_Algorithm Class -->
  
  <DD_Class>
    <name>Machine_Learning_Algorithm</name>
    <version_id>1.0</version_id>
    <local_identifier>Machine_Learning_Algorithm</local_identifier>
    <submitter_name>Minh Le</submitter_name>
    <definition>The Machine_Learning_Algorithm class is a container
    for classes and and attributes describing the algorithm type and
    learning style used.  An external reference to a citation for the
    algorithm is required.</definition> 
    <element_flag>false</element_flag>
    <DD_Association>
      <identifier_reference>algorithm_learning_style</identifier_reference>
      <reference_type>attribute_of</reference_type>
      <minimum_occurrences>1</minimum_occurrences>
      <maximum_occurrences>1</maximum_occurrences>
    </DD_Association>
    <DD_Association>
      <identifier_reference>algorithm_type</identifier_reference>
      <reference_type>attribute_of</reference_type>
      <minimum_occurrences>1</minimum_occurrences>
      <maximum_occurrences>1</maximum_occurrences>
    </DD_Association>
    <DD_Association>
      <identifier_reference>algorithm_name</identifier_reference>
      <reference_type>attribute_of</reference_type>
      <minimum_occurrences>1</minimum_occurrences>
      <maximum_occurrences>1</maximum_occurrences>
    </DD_Association>
    <DD_Association>
      <!-- Reference for the algorithm citation -->
      <identifier_reference>pds.External_Reference</identifier_reference>
      <reference_type>component_of</reference_type>
      <minimum_occurrences>1</minimum_occurrences>
      <maximum_occurrences>*</maximum_occurrences>
    </DD_Association>
  </DD_Class>

  <!-- Machine_Learning Class -->

  <DD_Class>
    <name>Machine_Learning</name>
    <version_id>1.0</version_id>
    <local_identifier>Machine_Learning</local_identifier>
    <submitter_name>Kiri L. Wagstaff</submitter_name>
    <definition>The Machine_Learning class is a container for all
    machine learning information in the label.
    </definition>
    <abstract_flag>false</abstract_flag>
    <element_flag>true</element_flag>
    <DD_Association>
      <identifier_reference>Trained_Machine_Learning_Model</identifier_reference>
      <reference_type>component_of</reference_type>
      <minimum_occurrences>1</minimum_occurrences>
      <maximum_occurrences>*</maximum_occurrences>
    </DD_Association>
  </DD_Class>
  
  
</Ingest_LDD>
