﻿<?xml version="1.0" encoding="UTF-8" standalone="yes"?>
<Ingest_LDD xmlns="http://pds.nasa.gov/pds4/pds/v1" xmlns:xsi="http://www.w3.org/2001/XMLSchema-instance" xsi:schemaLocation="http://pds.nasa.gov/pds4/pds/v1 https://pds.nasa.gov/pds4/pds/v1/PDS4_PDS_1D00.xsd">
  <name>Voyager2 Mission Local Data Dictionary</name>
  <ldd_version_id>1.0.0.1</ldd_version_id>
  <full_name>Joseph Mafi</full_name>
  <steward_id>ppi</steward_id>
  <namespace_id>vg2</namespace_id>
  <comment>This is an Ingest LDD file for the Voyager 2 mission.</comment>
  <last_modification_date_time>2020-02-25T02:52:53Z</last_modification_date_time>
  <DD_Attribute>
    <name>mission_phase_name</name>
    <version_id>1.0</version_id>
    <local_identifier>vg2.mission_phase_name</local_identifier>
    <nillable_flag>false</nillable_flag>
    <submitter_name>Voyager 2 Mission LDD</submitter_name>
    <definition>The mission_phase_name attribute provides the mission-defined name of a mission phase.</definition>
    <DD_Value_Domain>
      <enumeration_flag>true</enumeration_flag>
      <value_data_type>ASCII_Short_String_Collapsed</value_data_type>
      <unit_of_measure_type>Units_of_None</unit_of_measure_type>
      <DD_Permissible_Value>
        <value>Launch</value>
        <value_meaning>Voyager 2 Launch: 1977-08-20</value_meaning>
      </DD_Permissible_Value>
      <DD_Permissible_Value>
        <value>Earth-Jupiter Cruise</value>
        <value_meaning>Voyager 2 Cruise between Earth and Jupiter: 1997-08-20 to 1979-04-25</value_meaning>
      </DD_Permissible_Value>
      <DD_Permissible_Value>
        <value>Jupiter Encounter</value>
        <value_meaning>Voyager 2 Jupiter Encounter: 1979-04-25 to 1979-08-05</value_meaning>
      </DD_Permissible_Value>
      <DD_Permissible_Value>
        <value>Jupiter-Saturn Cruise</value>
        <value_meaning>Voyager 2 Cruise between Jupiter and Saturn: 1979-08-05 to 1981-06-05</value_meaning>
      </DD_Permissible_Value>
      <DD_Permissible_Value>
        <value>Saturn Encounter</value>
        <value_meaning>Voyager 2 Saturn Encounter: 1981-06-05 to 1981-09-25</value_meaning>
      </DD_Permissible_Value>
      <DD_Permissible_Value>
        <value>Saturn-Uranus Cruise</value>
        <value_meaning>Voyager 2 Cruise between Saturn and Uranus: 1981-09-25 to 1985-11-04</value_meaning>
      </DD_Permissible_Value>
      <DD_Permissible_Value>
        <value>Uranus Encounter</value>
        <value_meaning>Voyager 2 Uranus Encounter: 1985-11-04 to 1986-02-25</value_meaning>
      </DD_Permissible_Value>
      <DD_Permissible_Value>
        <value>Uranus-Neptune Cruise</value>
        <value_meaning>Voyager 2 Cruise between Uranus and Neptune: 1986-02-25 to 1989-06-05</value_meaning>
      </DD_Permissible_Value>
      <DD_Permissible_Value>
        <value>Neptune Encounter</value>
        <value_meaning>Voyager 2 Neptune Encounter: 1989-06-05 to 1989-10-02</value_meaning>
      </DD_Permissible_Value>
      <DD_Permissible_Value>
        <value>Interstellar Mission</value>
        <value_meaning>Voyager 2 Interstellar Cruise: 1989-10-02 to End of Mission</value_meaning>
      </DD_Permissible_Value>
    </DD_Value_Domain>
  </DD_Attribute>
  <DD_Attribute>
    <name>spacecraft_clock_start_count</name>
    <version_id>1.0</version_id>
    <local_identifier>vg2.spacecraft_clock_start_count</local_identifier>
    <nillable_flag>false</nillable_flag>
    <submitter_name>Joseph Mafi</submitter_name>
    <definition>The spacecraft_clock_start_count attribute provides the value of the spacecraft clock at the beginning of a time period of interest.</definition>
    <DD_Value_Domain>
      <enumeration_flag>false</enumeration_flag>
      <value_data_type>ASCII_Short_String_Collapsed</value_data_type>
      <pattern>[0-9]?[0-9]/[0-9]{5}:[0-9]{2}(:[0-9]{3})?</pattern>
      <unit_of_measure_type>Units_of_None</unit_of_measure_type>
    </DD_Value_Domain>
  </DD_Attribute>
  <DD_Attribute>
    <name>spacecraft_clock_stop_count</name>
    <version_id>1.0</version_id>
    <local_identifier>vg2.spacecraft_clock_stop_count</local_identifier>
    <nillable_flag>false</nillable_flag>
    <submitter_name>Joseph Mafi</submitter_name>
    <definition>The spacecraft_clock_stop_count attribute provides the value of the spacecraft clock at the end of a time period of interest.</definition>
    <DD_Value_Domain>
      <enumeration_flag>false</enumeration_flag>
      <value_data_type>ASCII_Short_String_Collapsed</value_data_type>
      <pattern>[0-9]?[0-9]/[0-9]{5}:[0-9]{2}(:[0-9]{3})?</pattern>
      <unit_of_measure_type>Units_of_None</unit_of_measure_type>
    </DD_Value_Domain>
  </DD_Attribute>
  <DD_Class>
    <name>Voyager2</name>
    <version_id>1.0</version_id>
    <local_identifier>vg2.Voyager2</local_identifier>
    <submitter_name>Joseph Mafi</submitter_name>
    <definition>The Voyager1 class is the container for Voyager 2 mission-specific metadata elements.</definition>
    <element_flag>true</element_flag>
    <DD_Association>
      <identifier_reference>vg2.mission_phase_name</identifier_reference>
      <reference_type>attribute_of</reference_type>
      <minimum_occurrences>0</minimum_occurrences>
      <maximum_occurrences>unbounded</maximum_occurrences>
      <DD_Attribute_Reference>
        <namespace_id>vg2</namespace_id>
        <name>mission_phase_name</name>
      </DD_Attribute_Reference>
    </DD_Association>
    <DD_Association>
      <identifier_reference>vg2.spacecraft_clock_start_count</identifier_reference>
      <reference_type>attribute_of</reference_type>
      <minimum_occurrences>0</minimum_occurrences>
      <maximum_occurrences>1</maximum_occurrences>
      <DD_Attribute_Reference>
        <namespace_id>vg2</namespace_id>
        <name>spacecraft_clock_start_count</name>
      </DD_Attribute_Reference>
    </DD_Association>
    <DD_Association>
      <identifier_reference>vg2.spacecraft_clock_stop_count</identifier_reference>
      <reference_type>attribute_of</reference_type>
      <minimum_occurrences>0</minimum_occurrences>
      <maximum_occurrences>1</maximum_occurrences>
      <DD_Attribute_Reference>
        <namespace_id>vg2</namespace_id>
        <name>spacecraft_clock_stop_count</name>
      </DD_Attribute_Reference>
    </DD_Association>
  </DD_Class>
</Ingest_LDD>
