﻿<?xml version="1.1" encoding="UTF-8"?>
<?xml-model href="https://pds.nasa.gov/pds4/pds/v1/PDS4_PDS_1H00.sch"?>
<Ingest_LDD 
  xmlns="http://pds.nasa.gov/pds4/pds/v1"
  xmlns:xsi="http://www.w3.org/2001/XMLSchema-instance"
  xmlns:pds="http://pds.nasa.gov/pds4/pds/v1"
  xsi:schemaLocation=
   "http://pds.nasa.gov/pds4/pds/v1  https://pds.nasa.gov/pds4/pds/v1/PDS4_PDS_1H00.xsd"> 

    <name>Voyager Mission Dictionary</name>
    <ldd_version_id>1.1.0.0</ldd_version_id>
    <dictionary_type>Mission</dictionary_type>
    <full_name>Matthew Tiscareno</full_name>
    <steward_id>rings</steward_id>
    <namespace_id>vgr</namespace_id>
    <comment> 
	    v0.1.0.0  2022-06-10
	    Created by unifying the vg1 and vg2 namespace dictionaries, which will be deprecated.  Specifically, the new base class Voyager contains the legacy label (optional), a class describing telemetry (also optional), a class describing timing (required), and a required class describing instrument-specific parameters (currently, only ISS is implemented).  
	    This is a preliminary non-release version.  Changes have not been tracked during initial drafting, but will be henceforth. 
	
	    v0.2.0.0  2022-08-23
	    Continuing to develop content, in advance of any use of this LDD.
	    Updated enumerated values for compression_state, edit_mode_id
	    Deleted beam, companding, elec_cal, exposure_type, filter_position, filter_step, flood, g1_voltage_count, geometry_state, image_time, image_type, pixel_dn_average_thresh, pixel_dn_average_status, shutter_exposure, shutter_reset, shutter_open, shutter_close, start_time_doy, start_time_ymd, stop_time_doy, stop_time_ymd, telemetry_mode
	    Deleted classes Image_Description, Image_State, and Instrument_State.  The attributes that were in Image_Description and Image_State are now in the previous parent class ISS, while the attributes that were in Instrument_State have all been deleted per the line above.
	    Renamed data_anomaly_type to pds_source_product_data_anomaly_type
	    Made some attributes nillable or optional
	
	    v0.3.0.0  2022-09-20
	    Continuing to develop content, in advance of any use of this LDD.
	    Restored many of the attributes removed in v0.2, while prepending "legacy_label_" to the attribute names and adding class ISS_Legacy_Label to contain them. 
	    Also moved some attributes from class ISS to class ISS_Legacy_Label, again now prepending those attribute names with "legacy_label_". 

	    v0.3.1.0  2023-03-09
	    Added enumerated value "Manual" to legacy_label_na_exposure_type and legacy_label_wa_exposure_type. 

	    v0.4.0.0  2023-04-18
	    Updated definitions and patterns for fds_scet_epoch_1, fds_scet_epoch_2, fds_scet_epoch_3, and fds_scet_epoch_4. 
	    Updated definition and nillable_flag for spacecraft_clock_count_partition. 
	    Updated definitions for spacecraft_clock_start_count and spacecraft_clock_stop_count. 
	    Added an enumerated value for edit_mode_id.

	    v0.5.0.0  2023-07-17
	    Updated definitions for spacecraft_clock_start_count and spacecraft_clock_stop_count. 
	    Updated value_data_type and removed pattern for fds_scet_epoch_1, fds_scet_epoch_2, fds_scet_epoch_3, fds_scet_epoch_4, and spacecraft_clock_count_partition. 
	    Updated nillable_flag for earth_received_time.
	    Added enumerated values for edit_mode_id, legacy_label_na_exposure_type, and legacy_label_wa_exposure_type.

	    v0.6.0.0  2023-07-19
	    Updated value_data_type for edr_tape_id.
	    Added enumerated values for edit_mode_id and legacy_label_telemetry_mode.

	    v1.0.0.0  2024-04-04
	    Updated definitions for a large fraction of the attributes, resolving various questions and preparing for release.
	    Added schematron rules to ensure proper use of mission_phase_name and fds_scet_epoch_N.

	    v1.1.0.0  2024-05-04
	    Removed the schematron rules requiring fds_scet_epoch_3 and fds_scet_epoch_4 in certain cases.  This was done because we have verified that, in the only data set being archived with this LDD at the present time, all images that are missing these two attributes should probably have them nil with nilReason = "inapplicable".  However, these attributes are currently optional, and thus cannot be nil.  In a future version, we will address the underlying structural issues, but not at this time. 
    </comment>
    <last_modification_date_time>2024-05-04</last_modification_date_time>

  <!-- Attributes START -->

  <DD_Attribute>
    <name>legacy_label_VICAR1</name>
    <version_id>1.0</version_id>
    <local_identifier>legacy_label_VICAR1</local_identifier>
    <nillable_flag>false</nillable_flag>
    <submitter_name>Matthew Tiscareno</submitter_name>
    <definition>The "VICAR-1" label that was originally attached to the image.  Information on how to decode this text can be found in the Software Interface Specification (SIS) of the Restoring and Archiving Voyager 1 Cruise Images of Uranus and Neptune (RAV1CIUN) project, especially in the Appendices (urn:nasa:pds:wenkert_pdart16_vgr_rav1ciun:document:vgr_rav1ciun_sis.pdf).  To the extent possible, the information is captured in the attached VICAR-2 header and/or the PDS4 XML label.  This VICAR-1 legacy label is being retained for historical documentation purposes, and in case there is any question about how the rest of the label items were derived.  Contemporaneous Voyager documentation sometimes refers to these legacy labels.</definition>
    <DD_Value_Domain>
      <enumeration_flag>false</enumeration_flag>
      <value_data_type>ASCII_Text_Preserved</value_data_type>
    </DD_Value_Domain>
  </DD_Attribute>
  
  <DD_Attribute>
    <name>legacy_label_compression_state</name>
    <version_id>1.0</version_id>
    <local_identifier>legacy_label_compression_state</local_identifier>
    <nillable_flag>false</nillable_flag>
    <submitter_name>Matthew Tiscareno</submitter_name>
    <definition>Whether the image compression mode was operating.
    This attribute preserves information found in Line 11 of the VICAR-1 legacy header (for more information, see the attribute definition for legacy_label_VICAR1).
    This attribute corresponds to the keyword COMPRESSION in earlier versions of Voyager data products.</definition>
    <DD_Value_Domain>
      <enumeration_flag>true</enumeration_flag>
      <value_data_type>ASCII_Short_String_Collapsed</value_data_type>
      <DD_Permissible_Value>
        <value>Off</value>
        <value_meaning>The Compression mode was off</value_meaning>
      </DD_Permissible_Value>
      <DD_Permissible_Value>
        <value>On</value>
        <value_meaning>The Compression mode was on</value_meaning>
      </DD_Permissible_Value>
    </DD_Value_Domain>
  </DD_Attribute>
  
  <DD_Attribute>
    <name>dsn_station_name</name>
    <version_id>1.0</version_id>
    <local_identifier>dsn_station_name</local_identifier>
    <nillable_flag>false</nillable_flag>
    <submitter_name>Matthew Tiscareno</submitter_name>
    <definition>Name of the DSN station where the image was received
    This attribute corresponds to the keyword DSN_STATION_NAME in earlier versions of Voyager data products.</definition>
    <DD_Value_Domain>
      <enumeration_flag>false</enumeration_flag>
      <value_data_type>ASCII_Short_String_Collapsed</value_data_type>
    </DD_Value_Domain>
  </DD_Attribute>
  
  <DD_Attribute>
    <name>dsn_station_number</name>
    <version_id>1.0</version_id>
    <local_identifier>dsn_station_number</local_identifier>
    <nillable_flag>false</nillable_flag>
    <submitter_name>Matthew Tiscareno</submitter_name>
    <definition>Numeric ID of DSN station where the image was received
    This attribute corresponds to the keyword DSN_STATION_NUMBER in earlier versions of Voyager data products.</definition>
    <DD_Value_Domain>
      <enumeration_flag>false</enumeration_flag>
      <value_data_type>ASCII_Integer</value_data_type>
    </DD_Value_Domain>
  </DD_Attribute>
  
  <DD_Attribute>
    <name>earth_received_time</name>
    <version_id>1.0</version_id>
    <local_identifier>earth_received_time</local_identifier>
    <nillable_flag>true</nillable_flag>
    <submitter_name>Matthew Tiscareno</submitter_name>
    <definition>Time at which the image was received at Earth. 
    This attribute corresponds to the keyword EARTH_RECEIVED_TIME in earlier versions of Voyager data products.</definition>
    <DD_Value_Domain>
      <enumeration_flag>false</enumeration_flag>
      <value_data_type>ASCII_Date_Time_YMD_UTC</value_data_type>
    </DD_Value_Domain>
  </DD_Attribute>

  <DD_Attribute>
    <name>edit_mode_id</name>
    <version_id>1.0</version_id>
    <local_identifier>edit_mode_id</local_identifier>
    <nillable_flag>false</nillable_flag>
    <submitter_name>Matthew Tiscareno</submitter_name>
    <definition>Edit mode of the camera, indicating the subframe of data read from the vidicon.  '1:1' indicates the full vidicon was read out.
    Documentation is unclear, but inspection of individual data products indicates that the archived image in the sample direction contains a subframe that is approximately centered with a width given by the value of this attribute (ratio compared to full frame), while the line direction is not subframed. 
    This attribute corresponds to the keyword EDIT_MODE_ID in earlier versions of Voyager data products.</definition>
    <DD_Value_Domain>
      <enumeration_flag>true</enumeration_flag>
      <value_data_type>ASCII_Short_String_Collapsed</value_data_type>
      <DD_Permissible_Value>
        <value>0:0</value>
        <value_meaning>The source data product from which this data product is being migrated has edit_mode_id of this value, indicating that the edit mode of the camera is unknown.</value_meaning>
      </DD_Permissible_Value>
      <DD_Permissible_Value>
        <value>1:1</value>
        <value_meaning>Vidicon readout covers the full frame.</value_meaning>
      </DD_Permissible_Value>
      <DD_Permissible_Value>
        <value>3:5</value>
        <value_meaning>Vidicon readout covers approximately three-fifths of the frame in the sample direction.</value_meaning>
      </DD_Permissible_Value>
      <DD_Permissible_Value>
        <value>3:4</value>
        <value_meaning>Vidicon readout covers approximately three-quarters of the frame in the sample direction.</value_meaning>
      </DD_Permissible_Value>
      <DD_Permissible_Value>
        <value>2:3</value>
        <value_meaning>Vidicon readout covers approximately two-thirds of the frame in the sample direction.</value_meaning>
      </DD_Permissible_Value>
      <DD_Permissible_Value>
        <value>1:2</value>
        <value_meaning>Vidicon readout covers approximately one-half of the frame in the sample direction.</value_meaning>
      </DD_Permissible_Value>
      <DD_Permissible_Value>
        <value>1:3</value>
        <value_meaning>Vidicon readout covers approximately one-third of the frame in the sample direction.</value_meaning>
      </DD_Permissible_Value>
      <DD_Permissible_Value>
        <value>1:5</value>
        <value_meaning>Vidicon readout covers approximately one-fifth of the frame in the sample direction.</value_meaning>
      </DD_Permissible_Value>
      <DD_Permissible_Value>
        <value>1:10</value>
        <value_meaning>Vidicon readout covers approximately one-tenth of the frame in the sample direction.</value_meaning>
      </DD_Permissible_Value>
    </DD_Value_Domain>
  </DD_Attribute>
  
  <DD_Attribute>
    <name>edr_file_number</name>
    <version_id>1.0</version_id>
    <local_identifier>edr_file_number</local_identifier>
    <nillable_flag>false</nillable_flag>
    <submitter_name>Matthew Tiscareno</submitter_name>
    <definition>File number within the tape where the image was originally stored
    This attribute corresponds to the keyword EDR_FILE_NUMBER in earlier versions of Voyager data products.</definition>
    <DD_Value_Domain>
      <enumeration_flag>false</enumeration_flag>
      <value_data_type>ASCII_Integer</value_data_type>
    </DD_Value_Domain>
  </DD_Attribute>
  
  <DD_Attribute>
    <name>edr_tape_id</name>
    <version_id>1.0</version_id>
    <local_identifier>edr_tape_id</local_identifier>
    <nillable_flag>false</nillable_flag>
    <submitter_name>Matthew Tiscareno</submitter_name>
    <definition>Tape ID on which the image was originally stored
    This attribute corresponds to the keyword EDR_TAPE_ID in earlier versions of Voyager data products.</definition>
    <DD_Value_Domain>
      <enumeration_flag>false</enumeration_flag>
      <value_data_type>ASCII_Short_String_Collapsed</value_data_type>
    </DD_Value_Domain>
  </DD_Attribute>
  
  <DD_Attribute>
    <name>exposure_duration</name>
    <version_id>1.0</version_id>
    <local_identifier>exposure_duration</local_identifier>
    <nillable_flag>false</nillable_flag>
    <submitter_name>Matthew Tiscareno</submitter_name>
    <definition>Time period during which the shutter was open
    This attribute corresponds to the keyword EXPOSURE_DURATION in earlier versions of Voyager data products.</definition>
    <DD_Value_Domain>
      <enumeration_flag>false</enumeration_flag>
      <value_data_type>ASCII_Real</value_data_type>
      <unit_of_measure_type>Units_of_Time</unit_of_measure_type>
    </DD_Value_Domain>
  </DD_Attribute>

  <DD_Attribute>
    <name>fds_scet_epoch_1</name>
    <version_id>1.0</version_id>
    <local_identifier>fds_scet_epoch_1</local_identifier>
    <nillable_flag>false</nillable_flag>
    <submitter_name>Matthew Tiscareno</submitter_name>
    <definition>The Voyager spacecraft clock, known as the Flight Data System (FDS), was reset to zero multiple times, dividing each mission into FDS partitions, which count starting at 1.  If there is uncertainty regarding the correct FDS partition (that is, the correct value of spacecraft_clock_count_partition), then this attribute indicates what the SCET (that is, start_date_time) would be if the partition were 1.</definition>
    <DD_Value_Domain>
      <enumeration_flag>false</enumeration_flag>
      <value_data_type>ASCII_Date_Time_YMD_UTC</value_data_type>
    </DD_Value_Domain>
  </DD_Attribute>
  
  <DD_Attribute>
    <name>fds_scet_epoch_2</name>
    <version_id>1.0</version_id>
    <local_identifier>fds_scet_epoch_2</local_identifier>
    <nillable_flag>false</nillable_flag>
    <submitter_name>Matthew Tiscareno</submitter_name>
    <definition>The Voyager spacecraft clock, known as the Flight Data System (FDS), was reset to zero multiple times, dividing each mission into FDS partitions, which count starting at 1.  If there is uncertainty regarding the correct FDS partition (that is, the correct value of spacecraft_clock_count_partition), then this attribute indicates what the SCET (that is, start_date_time) would be if the partition were 2.</definition>
    <DD_Value_Domain>
      <enumeration_flag>false</enumeration_flag>
      <value_data_type>ASCII_Date_Time_YMD_UTC</value_data_type>
    </DD_Value_Domain>
  </DD_Attribute>
  
  <DD_Attribute>
    <name>fds_scet_epoch_3</name>
    <version_id>1.0</version_id>
    <local_identifier>fds_scet_epoch_3</local_identifier>
    <nillable_flag>false</nillable_flag>
    <submitter_name>Matthew Tiscareno</submitter_name>
    <definition>The Voyager spacecraft clock, known as the Flight Data System (FDS), was reset to zero multiple times, dividing each mission into FDS partitions, which count starting at 1.  If there is uncertainty regarding the correct FDS partition (that is, the correct value of spacecraft_clock_count_partition), then this attribute indicates what the SCET (that is, start_date_time) would be if the partition were 3.</definition>
    <DD_Value_Domain>
      <enumeration_flag>false</enumeration_flag>
      <value_data_type>ASCII_Date_Time_YMD_UTC</value_data_type>
    </DD_Value_Domain>
  </DD_Attribute>
  
  <DD_Attribute>
    <name>fds_scet_epoch_4</name>
    <version_id>1.0</version_id>
    <local_identifier>fds_scet_epoch_4</local_identifier>
    <nillable_flag>false</nillable_flag>
    <submitter_name>Matthew Tiscareno</submitter_name>
    <definition>The Voyager spacecraft clock, known as the Flight Data System (FDS), was reset to zero multiple times, dividing each mission into FDS partitions, which count starting at 1.  If there is uncertainty regarding the correct FDS partition (that is, the correct value of spacecraft_clock_count_partition), then this attribute indicates what the SCET (that is, start_date_time) would be if the partition were 4.</definition>
    <DD_Value_Domain>
      <enumeration_flag>false</enumeration_flag>
      <value_data_type>ASCII_Date_Time_YMD_UTC</value_data_type>
    </DD_Value_Domain>
  </DD_Attribute>
  
  <DD_Attribute>
    <name>filter_name</name>
    <version_id>1.0</version_id>
    <local_identifier>filter_name</local_identifier>
    <nillable_flag>false</nillable_flag>
    <submitter_name>Matthew Tiscareno</submitter_name>
    <definition>Optical filter used for the image.
    This attribute corresponds to the keyword FILTER_NAME in earlier versions of Voyager data products.
    For details see the documentation at https://pds-rings.seti.org/voyager/iss/inst_cat_na1.html and https://pds-rings.seti.org/voyager/iss/inst_cat_wa1.html </definition>
    <DD_Value_Domain>
      <enumeration_flag>true</enumeration_flag>
      <value_data_type>ASCII_Short_String_Collapsed</value_data_type>
      <DD_Permissible_Value>
        <value>Clear</value>
        <value_meaning>NAC Filter #0 or #4 or WAC Filter #2, spanning portions of the Visible and Ultraviolet spectrum from 0.28 to 0.64 microns</value_meaning>
      </DD_Permissible_Value>
      <DD_Permissible_Value>
        <value>Violet</value>
        <value_meaning>NAC Filter #1 or WAC Filter #3, spanning portions of the Visible and Ultraviolet spectrum from 0.35 to 0.45 microns</value_meaning>
      </DD_Permissible_Value>
      <DD_Permissible_Value>
        <value>Blue</value>
        <value_meaning>NAC Filter #2 or WAC Filter #1, spanning portions of the Visible spectrum from 0.43 to 0.53 microns</value_meaning>
      </DD_Permissible_Value>
      <DD_Permissible_Value>
        <value>Orange</value>
        <value_meaning>NAC Filter #3 or WAC Filter #7, spanning portions of the Visible spectrum from 0.59 to 0.64 microns</value_meaning>
      </DD_Permissible_Value>
      <DD_Permissible_Value>
        <value>Green</value>
        <value_meaning>NAC Filter #5 or #6 or WAC Filter #5, spanning portions of the Visible spectrum from 0.53 to 0.64 microns</value_meaning>
      </DD_Permissible_Value>
      <DD_Permissible_Value>
        <value>UV</value>
        <value_meaning>NAC Filter #7, spanning portions of the Ultraviolet spectrum from 0.28 to 0.37 microns</value_meaning>
      </DD_Permissible_Value>
      <DD_Permissible_Value>
        <value>CH4/JS</value>
        <value_meaning>WAC Filter #0, spanning portions of the Visible spectrum from 0.614 to 0.624 microns.  Also called CH4_JS or METHANE-JST.</value_meaning>
      </DD_Permissible_Value>
      <DD_Permissible_Value>
        <value>Sodium</value>
        <value_meaning>WAC Filter #0, spanning portions of the Visible spectrum from 0.588 to 0.590 microns.  Also called NAD or SODIUM-D.</value_meaning>
      </DD_Permissible_Value>
      <DD_Permissible_Value>
        <value>CH4/U</value>
        <value_meaning>WAC Filter #6, spanning portions of the Visible spectrum from 0.536 to 0.546 microns.  Also called CH4_U or METHANE-U.</value_meaning>
      </DD_Permissible_Value>
    </DD_Value_Domain>
  </DD_Attribute>
  
  <DD_Attribute>
    <name>filter_number</name>
    <version_id>1.0</version_id>
    <local_identifier>filter_number</local_identifier>
    <nillable_flag>false</nillable_flag>
    <submitter_name>Matthew Tiscareno</submitter_name>
    <definition>Optical filter identification number, contains the unique number associated with the optical filter for the image.
    This value should correspond with that given in the definition of this label's value of filter_name.  Despite the redundancy, it is retained here as it was in the source product label, for historical purposes. 
    This attribute corresponds to the keyword FILTER_NUMBER in earlier versions of Voyager data products.</definition>
    <DD_Value_Domain>
      <enumeration_flag>false</enumeration_flag>
      <value_data_type>ASCII_Integer</value_data_type>
      <minimum_value>0</minimum_value>
      <maximum_value>7</maximum_value>
    </DD_Value_Domain>
  </DD_Attribute>
  
  <DD_Attribute>
    <name>gain_mode_id</name>
    <version_id>1.0</version_id>
    <local_identifier>gain_mode_id</local_identifier>
    <nillable_flag>false</nillable_flag>
    <submitter_name>Matthew Tiscareno</submitter_name>
    <definition>The gain state of an instrument.  Gain is a constant value, set by the observer, that indicates the approximate number of photon-excited electrons registered by the detector that correlate to one "data number" (DN).
    This attribute corresponds to the keyword GAIN_MODE_ID in earlier versions of Voyager data products.</definition>
    <DD_Value_Domain>
      <enumeration_flag>true</enumeration_flag>
      <value_data_type>ASCII_Short_String_Collapsed</value_data_type>
      <DD_Permissible_Value>
        <value>Low</value>
        <value_meaning>The lower of the two gain states for Voyager ISS, with approximately 4x less sensitivity than the other gain state.  For details see pages 4-39 and 4-40 of Benesh and Jepsen (1978), urn:nasa:pds:wenkert_pdart16_vgr_rav1ciun:document:benesh_jepsen_1978.pdf</value_meaning>
      </DD_Permissible_Value>
      <DD_Permissible_Value>
        <value>High</value>
        <value_meaning>The higher of the two gain states for Voyager ISS, with approximately 4x more sensitivity than the other gain state.  For details see pages 4-39 and 4-40 of Benesh and Jepsen (1978), urn:nasa:pds:wenkert_pdart16_vgr_rav1ciun:document:benesh_jepsen_1978.pdf</value_meaning>
      </DD_Permissible_Value>
    </DD_Value_Domain>
  </DD_Attribute>
  
  <DD_Attribute>
    <name>image_id</name>
    <version_id>1.0</version_id>
    <local_identifier>image_id</local_identifier>
    <nillable_flag>true</nillable_flag>
    <submitter_name>Matthew Tiscareno</submitter_name>
    <definition>Image identification, takes the form: nnnnes+ddd, where 'nnnn' = picture sequence number for a given day, 'e' = planet of encounter (J=Jupiter, S=Saturn, U=Uranus, N=Neptune), 's' = Voyager spacecraft (1 or 2), - sign indicates before and a + sign indicates after closest planetary approach. 'ddd' = number of days from closest approach.
    This attribute corresponds to the keyword IMAGE_ID in earlier versions of Voyager data products.</definition>
    <DD_Value_Domain>
      <enumeration_flag>false</enumeration_flag>
      <value_data_type>ASCII_Short_String_Collapsed</value_data_type>
    </DD_Value_Domain>
  </DD_Attribute>

  <DD_Attribute>
    <name>image_number</name>
    <version_id>1.0</version_id>
    <local_identifier>image_number</local_identifier>
    <nillable_flag>false</nillable_flag>
    <submitter_name>Matthew Tiscareno</submitter_name>
    <definition>Flight Data Subsystem (FDS) clock count at time of image acquisition.  There is a unique IMAGE_NUMBER for each image in a planetary encounter.  The clock count is always a seven digit value, five digits to the left of the decimal point and two digits to the right of the decimal point.
    This attribute corresponds to the keyword IMAGE_NUMBER in earlier versions of Voyager data products.</definition>
    <DD_Value_Domain>
      <enumeration_flag>false</enumeration_flag>
      <value_data_type>ASCII_Real</value_data_type>
    </DD_Value_Domain>
  </DD_Attribute>

  <DD_Attribute>
    <name>legacy_label_lsb_truncate</name>
    <version_id>1.0</version_id>
    <local_identifier>legacy_label_lsb_truncate</local_identifier>
    <nillable_flag>false</nillable_flag>
    <submitter_name>Matthew Tiscareno</submitter_name>
    <definition>Whether the LSB Truncation mode was operating.  Documentation is unclear, but it seems likely that this mode involved either regular rounding (truncating the least significant bits), or keeping only a certain number of the least significant bits while the bits corresponding to larger place values are truncated.
    This attribute preserves information found in Line 11 of the VICAR-1 legacy header (for more information, see the attribute definition for legacy_label_VICAR1).
    This attribute corresponds to the keyword LSB_TRUNC in earlier versions of Voyager data products.</definition>
    <DD_Value_Domain>
      <enumeration_flag>true</enumeration_flag>
      <value_data_type>ASCII_Short_String_Collapsed</value_data_type>
      <DD_Permissible_Value>
        <value>Off</value>
        <value_meaning>The LSB Truncate mode was off</value_meaning>
      </DD_Permissible_Value>
      <DD_Permissible_Value>
        <value>On</value>
        <value_meaning>The LSB Truncate mode was on</value_meaning>
      </DD_Permissible_Value>
      <DD_Permissible_Value>
        <value>N/A</value>
        <value_meaning>The LSB Truncate mode is unknown</value_meaning>
      </DD_Permissible_Value>
    </DD_Value_Domain>
  </DD_Attribute>
  
  <DD_Attribute>
    <name>mission_phase_name</name>
    <version_id>1.0</version_id>
    <local_identifier>mission_phase_name</local_identifier>
    <nillable_flag>false</nillable_flag>
    <submitter_name>Matthew Tiscareno</submitter_name>
    <definition>Time period within the Voyager 1 or Voyager 2 mission, as defined by the mission team.
    This attribute corresponds to the keyword MISSION_PHASE_NAME in earlier versions of Voyager data products.</definition>
    <DD_Value_Domain>
      <enumeration_flag>true</enumeration_flag>
      <value_data_type>ASCII_Short_String_Collapsed</value_data_type>
      <DD_Permissible_Value>
        <value>Launch</value>
        <value_meaning>The day of launch.  For Voyager 1 this is 1977-09-05.  For Voyager 2 this is 1977-08-20.</value_meaning>
      </DD_Permissible_Value>
      <DD_Permissible_Value>
        <value>Earth-Jupiter Cruise</value>
        <value_meaning>The period of cruise from Earth to Jupiter.  For Voyager 1 this is 1977-09-06T00:00 to 1979-01-06T12:00.  For Voyager 2 this is 1977-08-20T00:00 to 1979-04-25T12:00.</value_meaning>
      </DD_Permissible_Value>
      <DD_Permissible_Value>
        <value>Jupiter Encounter</value>
        <value_meaning>The period surrounding the Jupiter Encounter.  For Voyager 1 this is 1979-01-06T12:00 to 1979-04-13T12:00.  For Voyager 2 this is 1979-04-25T12:00 to 1979-08-05T12:00.</value_meaning>
      </DD_Permissible_Value>
      <DD_Permissible_Value>
        <value>Jupiter-Saturn Cruise</value>
        <value_meaning>The period of cruise from Jupiter to Saturn.  For Voyager 1 this is 1979-04-13T12:00 to 1980-08-22T12:00.  For Voyager 2 this is 1979-08-05T12:00 to 1981-06-05T12:00.</value_meaning>
      </DD_Permissible_Value>
      <DD_Permissible_Value>
        <value>Saturn Encounter</value>
        <value_meaning>The period surrounding the Saturn Encounter.  For Voyager 1 this is 1980-08-22T12:00 to 1980-12-14T12:00.  For Voyager 2 this is 1981-06-05T12:00 to 1981-09-25T12:00.</value_meaning>
      </DD_Permissible_Value>
      <DD_Permissible_Value>
        <value>Saturn-Uranus Cruise</value>
        <value_meaning>The period of cruise from Saturn to Uranus.  This does not apply to Voyager 1.  For Voyager 2 this is 1981-09-25T12:00 to 1985-11-04T12:00</value_meaning>
      </DD_Permissible_Value>
      <DD_Permissible_Value>
        <value>Uranus Encounter</value>
        <value_meaning>The period surrounding the Uranus Encounter.  This does not apply to Voyager 1.  For Voyager 2 this is 1985-11-04T12:00 to 1986-02-25T12:00.</value_meaning>
      </DD_Permissible_Value>
      <DD_Permissible_Value>
        <value>Uranus-Neptune Cruise</value>
        <value_meaning>The period of cruise from Uranus to Neptune.  This does not apply to Voyager 1.  For Voyager 2 this is 1986-02-25T12:00 to 1989-06-05T12:00.</value_meaning>
      </DD_Permissible_Value>
      <DD_Permissible_Value>
        <value>Neptune Encounter</value>
        <value_meaning>The period surrounding the Neptune Encounter.  This does not apply to Voyager 1.  For Voyager 2 this is 1989-06-05T12:00 to 1989-10-02T12:00.</value_meaning>
      </DD_Permissible_Value>
      <DD_Permissible_Value>
        <value>Interstellar Mission</value>
        <value_meaning>The period from the final planetary encounter to the end of the mission.  For Voyager 1 this is 1980-12-14T12:00 to End of Mission.  For Voyager 2 this is 1989-10-02T12:00 to End of Mission.</value_meaning>
      </DD_Permissible_Value>
    </DD_Value_Domain>
  </DD_Attribute>
  
  <DD_Attribute>
    <name>pds_source_product_data_anomaly_type</name>
    <version_id>1.0</version_id>
    <local_identifier>pds_source_product_data_anomaly_type</local_identifier>
    <nillable_flag>true</nillable_flag>
    <submitter_name>Matthew Tiscareno</submitter_name>
    <definition>Data recording anomalies in the image.  This attribute, while required, is nillable.  A nil_reason of missing indicates that it was missing from the source product, which in turn implies no anomalies were detected.
    In the source product, DATA_ANOMALY_TYPE = RAM_DATA_CORRUPTION indicates that spurious values exist in the image data due to corruption of the random access memory onboard the spacecraft.
    This attribute corresponds to the keyword DATA_ANOMALY_TYPE in earlier versions of Voyager data products.</definition>
    <DD_Value_Domain>
      <enumeration_flag>true</enumeration_flag>
      <value_data_type>ASCII_Short_String_Collapsed</value_data_type>
      <DD_Permissible_Value>
        <value>RAM_Data_Corruption</value>
        <value_meaning>Spurious values exist in the image data due to corruption of the random access memory onboard the spacecraft.</value_meaning>
      </DD_Permissible_Value>
    </DD_Value_Domain>
  </DD_Attribute>
  
  <DD_Attribute>
    <name>pds_source_product_description</name>
    <version_id>1.0</version_id>
    <local_identifier>pds_source_product_description</local_identifier>
    <nillable_flag>false</nillable_flag>
    <submitter_name>Matthew Tiscareno</submitter_name>
    <definition>A description of the image, as recorded in the original source product label.
    This attribute corresponds to the keyword DESCRIPTION in earlier versions of Voyager data products.</definition>
    <DD_Value_Domain>
      <enumeration_flag>false</enumeration_flag>
      <value_data_type>ASCII_Short_String_Collapsed</value_data_type>
    </DD_Value_Domain>
  </DD_Attribute>

  <DD_Attribute>
    <name>pds_source_product_note</name>
    <version_id>1.0</version_id>
    <local_identifier>pds_source_product_note</local_identifier>
    <nillable_flag>true</nillable_flag>
    <submitter_name>Matthew Tiscareno</submitter_name>
    <definition>The observational intent of the image, as recorded in the original source product label.
    This attribute corresponds to the keyword NOTE in earlier versions of Voyager data products.</definition>
    <DD_Value_Domain>
      <enumeration_flag>false</enumeration_flag>
      <value_data_type>ASCII_Short_String_Collapsed</value_data_type>
    </DD_Value_Domain>
  </DD_Attribute>

  <DD_Attribute>
    <name>pds_source_product_target_name</name>
    <version_id>1.0</version_id>
    <local_identifier>pds_source_product_target_name</local_identifier>
    <nillable_flag>true</nillable_flag>
    <submitter_name>Matthew Tiscareno</submitter_name>
    <definition>The value of TARGET_NAME as given in the source product label.  The relationship between this value and the actual intentions of the observer is unknown.  The most accurate, though potentially flawed identification of the intended target is given in the Target_Identification class elsewhere in the label. This attribute is included in the PDS4 label for historical reasons.
    This attribute corresponds to the keyword TARGET_NAME in earlier versions of Voyager data products.</definition>
    <DD_Value_Domain>
      <enumeration_flag>false</enumeration_flag>
      <value_data_type>ASCII_Short_String_Collapsed</value_data_type>
    </DD_Value_Domain>
  </DD_Attribute>

  <DD_Attribute>
    <name>scan_mode_id</name>
    <version_id>1.0</version_id>
    <local_identifier>scan_mode_id</local_identifier>
    <nillable_flag>false</nillable_flag>
    <submitter_name>Matthew Tiscareno</submitter_name>
    <definition>Scan rate of vidicon readout.  The instrument scan rate affects the radiometric properties of the camera because of the dark current buildup on the vidicon. 
    This attribute corresponds to the keyword SCAN_MODE_ID in earlier versions of Voyager data products.</definition>
    <DD_Value_Domain>
      <enumeration_flag>true</enumeration_flag>
      <value_data_type>ASCII_Short_String_Collapsed</value_data_type>
      <DD_Permissible_Value>
        <value>1:1</value>
        <value_meaning>Vidicon readout was at full speed.</value_meaning>
      </DD_Permissible_Value>
      <DD_Permissible_Value>
        <value>2:1</value>
        <value_meaning>Vidicon readout was at one-half speed.</value_meaning>
      </DD_Permissible_Value>
      <DD_Permissible_Value>
        <value>3:1</value>
        <value_meaning>Vidicon readout was at one-third speed.</value_meaning>
      </DD_Permissible_Value>
      <DD_Permissible_Value>
        <value>5:1</value>
        <value_meaning>Vidicon readout was at one-fifth speed.</value_meaning>
      </DD_Permissible_Value>
      <DD_Permissible_Value>
        <value>10:1</value>
        <value_meaning>Vidicon readout was at one-tenth speed.</value_meaning>
      </DD_Permissible_Value>
    </DD_Value_Domain>
  </DD_Attribute>
  
  <DD_Attribute>
    <name>shutter_mode_id</name>
    <version_id>1.0</version_id>
    <local_identifier>shutter_mode_id</local_identifier>
    <nillable_flag>false</nillable_flag>
    <submitter_name>Matthew Tiscareno</submitter_name>
    <definition>Shutter mode.  Indicates which camera was shuttered, Narrow Angle and/or Wide Angle.
    This attribute corresponds to the keyword SHUTTER_MODE_ID in earlier versions of Voyager data products.</definition>
    <DD_Value_Domain>
      <enumeration_flag>true</enumeration_flag>
      <value_data_type>ASCII_Short_String_Collapsed</value_data_type>
      <DD_Permissible_Value>
        <value>NOSHUT</value>
        <value_meaning>Neither the Narrow Angle nor the Wide Angle shutter opened</value_meaning>
      </DD_Permissible_Value>
      <DD_Permissible_Value>
        <value>NAONLY</value>
        <value_meaning>Only the Narrow Angle shutter opened</value_meaning>
      </DD_Permissible_Value>
      <DD_Permissible_Value>
        <value>WAONLY</value>
        <value_meaning>Only the Wide Angle shutter opened</value_meaning>
      </DD_Permissible_Value>
      <DD_Permissible_Value>
        <value>BOTSIM</value>
        <value_meaning>Both the Narrow Angle and the Wide Angle shutters opened simultaneously</value_meaning>
      </DD_Permissible_Value>
      <DD_Permissible_Value>
        <value>BOTALT</value>
        <value_meaning>Both the Narrow Angle and the Wide Angle shutters opened alternately</value_meaning>
      </DD_Permissible_Value>
      <DD_Permissible_Value>
        <value>BSIMAN</value>
        <value_meaning>BOTSIM mode followed by NAONLY</value_meaning>
      </DD_Permissible_Value>
      <DD_Permissible_Value>
        <value>BODARK</value>
        <value_meaning>Shutter remained closed for Narrow Angle and Wide Angle cameras.</value_meaning>
      </DD_Permissible_Value>
    </DD_Value_Domain>
  </DD_Attribute>
  
  <DD_Attribute>
    <name>legacy_label_signal_to_noise_ratio</name>
    <version_id>1.0</version_id>
    <local_identifier>legacy_label_signal_to_noise_ratio</local_identifier>
    <nillable_flag>false</nillable_flag>
    <submitter_name>Matthew Tiscareno</submitter_name>
    <definition>Signal-to-noise ratio as measured by the camera onboard.
    This attribute preserves information found in Line 05 of the VICAR-1 legacy header (for more information, see the attribute definition for legacy_label_VICAR1).</definition>
    <DD_Value_Domain>
      <enumeration_flag>false</enumeration_flag>
      <value_data_type>ASCII_Real</value_data_type>
      <minimum_value>0</minimum_value>
    </DD_Value_Domain>
  </DD_Attribute>
  
  <DD_Attribute>
    <name>spacecraft_clock_count_partition</name>
    <version_id>1.0</version_id>
    <local_identifier>spacecraft_clock_count_partition</local_identifier>
    <nillable_flag>false</nillable_flag>
    <submitter_name>Matthew Tiscareno</submitter_name>
    <definition>The Voyager spacecraft clock, known as the Flight Data System (FDS), was reset to zero multiple times, dividing each mission into FDS partitions.  This attribute signifies which FDS partition was in effect for this data product.  A value of 0 indicates the partition is unknown.</definition><!--There should be a schematron rule ensuring that spacecraft_clock_count_partition is identical to the first character of spacecraft_clock_start_count-->
    <DD_Value_Domain>
      <enumeration_flag>false</enumeration_flag>
      <value_data_type>ASCII_Integer</value_data_type>
    </DD_Value_Domain>
  </DD_Attribute>
  
  <DD_Attribute>
    <name>spacecraft_clock_start_count</name>
    <version_id>1.0</version_id>
    <local_identifier>spacecraft_clock_start_count</local_identifier>
    <nillable_flag>false</nillable_flag>
    <submitter_name>Matthew Tiscareno</submitter_name>
    <definition>The spacecraft clock value at the beginning of a time period of interest.  Voyager used the term Flight Data System (FDS) for this quantity, which is equivalent to the term spacecraft clock (SCLK) more commonly used by subsequent missions. 
    The format is n/sssss:dd:mmm where n is the partition (0 if unknown), sssss is the FDS count (48 minutes per count for sssss), dd is units of 1/60 an FDS count (that is, 48 seconds per count for dd), and mmm is an optional fraction of dd (unused and value unknown).
    Note: Since the mmm digits are optional, it is possible (and may be common) for spacecraft_clock_start_count to be identical to spacecraft_clock_stop_count for exposure_duration values less than 48 seconds.
    This attribute corresponds to the keyword SPACECRAFT_CLOCK_START_COUNT in earlier versions of Voyager data products.</definition>
    <DD_Value_Domain>
      <enumeration_flag>false</enumeration_flag>
      <value_data_type>ASCII_Short_String_Collapsed</value_data_type>
      <pattern>[0-9]?[0-9]/[0-9]{5}:[0-9]{2}(:[0-9]{3})?</pattern>
    </DD_Value_Domain>
  </DD_Attribute>
  
  <DD_Attribute>
    <name>spacecraft_clock_stop_count</name>
    <version_id>1.0</version_id>
    <local_identifier>spacecraft_clock_stop_count</local_identifier>
    <nillable_flag>false</nillable_flag>
    <submitter_name>Matthew Tiscareno</submitter_name>
    <definition>The spacecraft clock value at the end of a time period of interest.  Voyager used the term Flight Data System (FDS) for this quantity, which is equivalent to the term spacecraft clock (SCLK) more commonly used by subsequent missions. 
    The format is n/sssss:dd:mmm where n is the partition (0 if unknown), sssss is the FDS count (48 minutes per count for sssss), dd is units of 1/60 an FDS count (that is, 48 seconds per count for dd), and mmm is an optional fraction of dd (unused and value unknown).
    Note: Since the mmm digits are optional, it is possible (and may be common) for spacecraft_clock_start_count to be identical to spacecraft_clock_stop_count for exposure_duration values less than 48 seconds.
    This attribute corresponds to the keyword SPACECRAFT_CLOCK_STOP_COUNT in earlier versions of Voyager data products.</definition>
    <DD_Value_Domain>
      <enumeration_flag>false</enumeration_flag>
      <value_data_type>ASCII_Short_String_Collapsed</value_data_type>
      <pattern>[0-9]?[0-9]/[0-9]{5}:[0-9]{2}(:[0-9]{3})?</pattern>
    </DD_Value_Domain>
  </DD_Attribute>
  
  <!-- Regular Attributes END -->
  
  <!-- BEGIN Attributes that exist only within ISS_Legacy_Label -->
  
  <DD_Attribute>
    <name>legacy_label_na_beam</name>
    <version_id>1.0</version_id>
    <local_identifier>legacy_label_na_beam</local_identifier>
    <nillable_flag>false</nillable_flag>
    <submitter_name>Matthew S Tiscareno</submitter_name>
    <definition>The meaning of this attribute is unknown.
    This attribute preserves information found in Line 09 of the VICAR-1 legacy header (for more information, see the attribute definition for legacy_label_VICAR1).
    It is reported for the Narrow Angle camera, regardless of whether that camera is the one that produced this data product.</definition>
    <DD_Value_Domain>
      <enumeration_flag>true</enumeration_flag>
      <value_data_type>ASCII_Short_String_Collapsed</value_data_type>
      <DD_Permissible_Value>
        <value>Yes</value>
        <value_meaning>Yes</value_meaning>
      </DD_Permissible_Value>
      <DD_Permissible_Value>
        <value>No</value>
        <value_meaning>No</value_meaning>
      </DD_Permissible_Value>
    </DD_Value_Domain>
  </DD_Attribute>
  
  <DD_Attribute>
    <name>legacy_label_na_elec_cal</name>
    <version_id>1.0</version_id>
    <local_identifier>legacy_label_na_elec_cal</local_identifier>
    <nillable_flag>false</nillable_flag>
    <submitter_name>Matthew S Tiscareno</submitter_name>
    <definition>Electronics cal status.  Further detail about the meaning of this attribute is unknown.
    This attribute preserves information found in Line 09 of the VICAR-1 legacy header (for more information, see the attribute definition for legacy_label_VICAR1).
    It is reported for the Narrow Angle camera, regardless of whether that camera is the one that produced this data product.</definition>
    <DD_Value_Domain>
      <enumeration_flag>true</enumeration_flag>
      <value_data_type>ASCII_Short_String_Collapsed</value_data_type>
      <DD_Permissible_Value>
        <value>Yes</value>
        <value_meaning>Yes</value_meaning>
      </DD_Permissible_Value>
      <DD_Permissible_Value>
        <value>No</value>
        <value_meaning>No</value_meaning>
      </DD_Permissible_Value>
    </DD_Value_Domain>
  </DD_Attribute>
  
  <DD_Attribute>
    <name>legacy_label_na_exposure_type</name>
    <version_id>1.0</version_id>
    <local_identifier>legacy_label_na_exposure_type</local_identifier>
    <nillable_flag>false</nillable_flag>
    <submitter_name>Matthew S Tiscareno</submitter_name>
    <definition>The meaning of this attribute is unknown.
    This attribute preserves information found in Line 09 of the VICAR-1 legacy header (for more information, see the attribute definition for legacy_label_VICAR1).
    It is reported for the Narrow Angle camera, regardless of whether that camera is the one that produced this data product.</definition>
    <DD_Value_Domain>
      <enumeration_flag>true</enumeration_flag>
      <value_data_type>ASCII_Short_String_Collapsed</value_data_type>
      <DD_Permissible_Value>
        <value>Prep</value>
        <value_meaning>Meaning unknown</value_meaning>
      </DD_Permissible_Value>
      <DD_Permissible_Value>
        <value>Read</value>
        <value_meaning>Meaning unknown</value_meaning>
      </DD_Permissible_Value>
      <DD_Permissible_Value>
        <value>Manual</value>
        <value_meaning>Meaning unknown</value_meaning>
      </DD_Permissible_Value>
      <DD_Permissible_Value>
        <value>Auto</value>
        <value_meaning>Meaning unknown</value_meaning>
      </DD_Permissible_Value>
    </DD_Value_Domain>
  </DD_Attribute>
  
  <DD_Attribute>
    <name>legacy_label_na_filter_position</name>
    <version_id>1.0</version_id>
    <local_identifier>legacy_label_na_filter_position</local_identifier>
    <nillable_flag>false</nillable_flag>
    <submitter_name>Matthew S Tiscareno</submitter_name>
    <definition>This attribute is a precursor to filter_name and filter_number.
    This attribute preserves information found in Line 09 of the VICAR-1 legacy header (for more information, see the attribute definition for legacy_label_VICAR1).
    It is reported for the Narrow Angle camera, regardless of whether that camera is the one that produced this data product.</definition>
    <DD_Value_Domain>
      <enumeration_flag>false</enumeration_flag>
      <value_data_type>ASCII_Integer</value_data_type>
      <minimum_value>0</minimum_value>
      <maximum_value>7</maximum_value>
    </DD_Value_Domain>
  </DD_Attribute>
  
  <DD_Attribute>
    <name>legacy_label_na_filter_step</name>
    <version_id>1.0</version_id>
    <local_identifier>legacy_label_na_filter_step</local_identifier>
    <nillable_flag>false</nillable_flag>
    <submitter_name>Matthew S Tiscareno</submitter_name>
    <definition>This attribute is a precursor to filter_name and filter_number.
    This attribute preserves information found in Line 09 of the VICAR-1 legacy header (for more information, see the attribute definition for legacy_label_VICAR1).
    It is reported for the Narrow Angle camera, regardless of whether that camera is the one that produced this data product.</definition>
    <DD_Value_Domain>
      <enumeration_flag>false</enumeration_flag>
      <value_data_type>ASCII_Integer</value_data_type>
      <minimum_value>0</minimum_value>
      <maximum_value>7</maximum_value>
    </DD_Value_Domain>
  </DD_Attribute>
  
  <DD_Attribute>
    <name>legacy_label_na_flood</name>
    <version_id>1.0</version_id>
    <local_identifier>legacy_label_na_flood</local_identifier>
    <nillable_flag>false</nillable_flag>
    <submitter_name>Matthew S Tiscareno</submitter_name>
    <definition>Following readout, light flooding is used to remove any residual image that might remain from the previous frame.
    For details see page 3-31 of Benesh and Jepsen (1978), urn:nasa:pds:wenkert_pdart16_vgr_rav1ciun:document:benesh_jepsen_1978.pdf
    This attribute preserves information found in Line 09 of the VICAR-1 legacy header (for more information, see the attribute definition for legacy_label_VICAR1).
    It is reported for the Narrow Angle camera, regardless of whether that camera is the one that produced this data product.</definition>
    <DD_Value_Domain>
      <enumeration_flag>true</enumeration_flag>
      <value_data_type>ASCII_Short_String_Collapsed</value_data_type>
      <DD_Permissible_Value>
        <value>Yes</value>
        <value_meaning>Light flooding was used</value_meaning>
      </DD_Permissible_Value>
      <DD_Permissible_Value>
        <value>No</value>
        <value_meaning>Light flooding was not used</value_meaning>
      </DD_Permissible_Value>
    </DD_Value_Domain>
  </DD_Attribute>
  
  <DD_Attribute>
    <name>legacy_label_na_g1_voltage_count</name>
    <version_id>1.0</version_id>
    <local_identifier>legacy_label_na_g1_voltage_count</local_identifier>
    <nillable_flag>false</nillable_flag>
    <submitter_name>Matthew S Tiscareno</submitter_name>
    <definition>The meaning of this attribute is unknown.
    This attribute preserves information found in Line 09 of the VICAR-1 legacy header (for more information, see the attribute definition for legacy_label_VICAR1).
    This attribute is omitted if the value in the VICAR-1 legacy header is *.
    It is reported for the Narrow Angle camera, regardless of whether that camera is the one that produced this data product.</definition>
    <DD_Value_Domain>
      <enumeration_flag>false</enumeration_flag>
      <value_data_type>ASCII_Integer</value_data_type>
      <minimum_value>0</minimum_value>
      <maximum_value>7</maximum_value>
    </DD_Value_Domain>
  </DD_Attribute>
  
  <DD_Attribute>
    <name>legacy_label_na_image_type</name>
    <version_id>1.0</version_id>
    <local_identifier>legacy_label_na_image_type</local_identifier>
    <nillable_flag>false</nillable_flag>
    <submitter_name>Matthew S Tiscareno</submitter_name>
    <definition>The meaning of this attribute is unknown.
    This attribute preserves information found in Line 09 of the VICAR-1 legacy header (for more information, see the attribute definition for legacy_label_VICAR1).
    It is reported for the Narrow Angle camera, regardless of whether that camera is the one that produced this data product.</definition>
    <DD_Value_Domain>
      <enumeration_flag>true</enumeration_flag>
      <value_data_type>ASCII_Short_String_Collapsed</value_data_type>
      <DD_Permissible_Value>
        <value>Prep</value>
        <value_meaning>Meaning unknown</value_meaning>
      </DD_Permissible_Value>
      <DD_Permissible_Value>
        <value>Read</value>
        <value_meaning>Meaning unknown</value_meaning>
      </DD_Permissible_Value>
    </DD_Value_Domain>
  </DD_Attribute>
  
  <DD_Attribute>
    <name>legacy_label_na_shutter_exposure</name>
    <version_id>1.0</version_id>
    <local_identifier>legacy_label_na_shutter_exposure</local_identifier>
    <nillable_flag>false</nillable_flag>
    <submitter_name>Matthew S Tiscareno</submitter_name>
    <definition>This attribute is a precursor to shutter_mode_id.
    This attribute preserves information found in Line 09 of the VICAR-1 legacy header (for more information, see the attribute definition for legacy_label_VICAR1).
    It is reported for the Narrow Angle camera, regardless of whether that camera is the one that produced this data product.</definition>
    <DD_Value_Domain>
      <enumeration_flag>true</enumeration_flag>
      <value_data_type>ASCII_Short_String_Collapsed</value_data_type>
      <DD_Permissible_Value>
        <value>Normal</value>
        <value_meaning>Unknown</value_meaning>
      </DD_Permissible_Value>
      <DD_Permissible_Value>
        <value>Start Long</value>
        <value_meaning>Unknown</value_meaning>
      </DD_Permissible_Value>
      <DD_Permissible_Value>
        <value>End Long</value>
        <value_meaning>Unknown</value_meaning>
      </DD_Permissible_Value>
      <DD_Permissible_Value>
        <value>Open</value>
        <value_meaning>Unknown</value_meaning>
      </DD_Permissible_Value>
    </DD_Value_Domain>
  </DD_Attribute>
  
  <DD_Attribute>
    <name>legacy_label_na_shutter_close</name>
    <version_id>1.0</version_id>
    <local_identifier>legacy_label_na_shutter_close</local_identifier>
    <nillable_flag>false</nillable_flag>
    <submitter_name>Matthew S Tiscareno</submitter_name>
    <definition>This attribute is a precursor to shutter_mode_id.
    This attribute preserves information found in Line 09 of the VICAR-1 legacy header (for more information, see the attribute definition for legacy_label_VICAR1).
    It is reported for the Narrow Angle camera, regardless of whether that camera is the one that produced this data product.</definition>
    <DD_Value_Domain>
      <enumeration_flag>true</enumeration_flag>
      <value_data_type>ASCII_Short_String_Collapsed</value_data_type>
      <DD_Permissible_Value>
        <value>Yes</value>
        <value_meaning>Yes</value_meaning>
      </DD_Permissible_Value>
      <DD_Permissible_Value>
        <value>No</value>
        <value_meaning>No</value_meaning>
      </DD_Permissible_Value>
    </DD_Value_Domain>
  </DD_Attribute>
  
  <DD_Attribute>
    <name>legacy_label_na_shutter_open</name>
    <version_id>1.0</version_id>
    <local_identifier>legacy_label_na_shutter_open</local_identifier>
    <nillable_flag>false</nillable_flag>
    <submitter_name>Matthew S Tiscareno</submitter_name>
    <definition>This attribute is a precursor to shutter_mode_id.
    This attribute preserves information found in Line 09 of the VICAR-1 legacy header (for more information, see the attribute definition for legacy_label_VICAR1).
    It is reported for the Narrow Angle camera, regardless of whether that camera is the one that produced this data product.</definition>
    <DD_Value_Domain>
      <enumeration_flag>true</enumeration_flag>
      <value_data_type>ASCII_Short_String_Collapsed</value_data_type>
      <DD_Permissible_Value>
        <value>Yes</value>
        <value_meaning>Yes</value_meaning>
      </DD_Permissible_Value>
      <DD_Permissible_Value>
        <value>No</value>
        <value_meaning>No</value_meaning>
      </DD_Permissible_Value>
    </DD_Value_Domain>
  </DD_Attribute>
  
  <DD_Attribute>
    <name>legacy_label_na_shutter_reset</name>
    <version_id>1.0</version_id>
    <local_identifier>legacy_label_na_shutter_reset</local_identifier>
    <nillable_flag>false</nillable_flag>
    <submitter_name>Matthew S Tiscareno</submitter_name>
    <definition>This attribute is a precursor to shutter_mode_id.
    This attribute preserves information found in Line 09 of the VICAR-1 legacy header (for more information, see the attribute definition for legacy_label_VICAR1).
    It is reported for the Narrow Angle camera, regardless of whether that camera is the one that produced this data product.</definition>
    <DD_Value_Domain>
      <enumeration_flag>true</enumeration_flag>
      <value_data_type>ASCII_Short_String_Collapsed</value_data_type>
      <DD_Permissible_Value>
        <value>Yes</value>
        <value_meaning>Yes</value_meaning>
      </DD_Permissible_Value>
      <DD_Permissible_Value>
        <value>No</value>
        <value_meaning>No</value_meaning>
      </DD_Permissible_Value>
    </DD_Value_Domain>
  </DD_Attribute>
  
  <DD_Attribute>
    <name>legacy_label_wa_beam</name>
    <version_id>1.0</version_id>
    <local_identifier>legacy_label_wa_beam</local_identifier>
    <nillable_flag>false</nillable_flag>
    <submitter_name>Matthew S Tiscareno</submitter_name>
    <definition>The meaning of this attribute is unknown.
    This attribute preserves information found in Line 09 of the VICAR-1 legacy header (for more information, see the attribute definition for legacy_label_VICAR1).
    It is reported for the Wide Angle camera, regardless of whether that camera is the one that produced this data product.</definition>
    <DD_Value_Domain>
      <enumeration_flag>true</enumeration_flag>
      <value_data_type>ASCII_Short_String_Collapsed</value_data_type>
      <DD_Permissible_Value>
        <value>Yes</value>
        <value_meaning>Yes</value_meaning>
      </DD_Permissible_Value>
      <DD_Permissible_Value>
        <value>No</value>
        <value_meaning>No</value_meaning>
      </DD_Permissible_Value>
    </DD_Value_Domain>
  </DD_Attribute>
  
  <DD_Attribute>
    <name>legacy_label_wa_elec_cal</name>
    <version_id>1.0</version_id>
    <local_identifier>legacy_label_wa_elec_cal</local_identifier>
    <nillable_flag>false</nillable_flag>
    <submitter_name>Matthew S Tiscareno</submitter_name>
    <definition>Electronics cal status.  Further detail about the meaning of this attribute is unknown.
    This attribute preserves information found in Line 09 of the VICAR-1 legacy header (for more information, see the attribute definition for legacy_label_VICAR1).
    It is reported for the Wide Angle camera, regardless of whether that camera is the one that produced this data product.</definition>
    <DD_Value_Domain>
      <enumeration_flag>true</enumeration_flag>
      <value_data_type>ASCII_Short_String_Collapsed</value_data_type>
      <DD_Permissible_Value>
        <value>Yes</value>
        <value_meaning>Yes</value_meaning>
      </DD_Permissible_Value>
      <DD_Permissible_Value>
        <value>No</value>
        <value_meaning>No</value_meaning>
      </DD_Permissible_Value>
    </DD_Value_Domain>
  </DD_Attribute>
  
  <DD_Attribute>
    <name>legacy_label_wa_exposure_type</name>
    <version_id>1.0</version_id>
    <local_identifier>legacy_label_wa_exposure_type</local_identifier>
    <nillable_flag>false</nillable_flag>
    <submitter_name>Matthew S Tiscareno</submitter_name>
    <definition>The meaning of this attribute is unknown.
    This attribute preserves information found in Line 09 of the VICAR-1 legacy header (for more information, see the attribute definition for legacy_label_VICAR1).
    It is reported for the Wide Angle camera, regardless of whether that camera is the one that produced this data product.</definition>
    <DD_Value_Domain>
      <enumeration_flag>true</enumeration_flag>
      <value_data_type>ASCII_Short_String_Collapsed</value_data_type>
      <DD_Permissible_Value>
        <value>Prep</value>
        <value_meaning>Meaning unknown</value_meaning>
      </DD_Permissible_Value>
      <DD_Permissible_Value>
        <value>Read</value>
        <value_meaning>Meaning unknown</value_meaning>
      </DD_Permissible_Value>
      <DD_Permissible_Value>
        <value>Manual</value>
        <value_meaning>Meaning unknown</value_meaning>
      </DD_Permissible_Value>
      <DD_Permissible_Value>
        <value>Auto</value>
        <value_meaning>Meaning unknown</value_meaning>
      </DD_Permissible_Value>
    </DD_Value_Domain>
  </DD_Attribute>
  
  <DD_Attribute>
    <name>legacy_label_wa_filter_position</name>
    <version_id>1.0</version_id>
    <local_identifier>legacy_label_wa_filter_position</local_identifier>
    <nillable_flag>false</nillable_flag>
    <submitter_name>Matthew S Tiscareno</submitter_name>
    <definition>This attribute is a precursor to filter_name and filter_number.
    This attribute preserves information found in Line 09 of the VICAR-1 legacy header (for more information, see the attribute definition for legacy_label_VICAR1).
    It is reported for the Wide Angle camera, regardless of whether that camera is the one that produced this data product.</definition>
    <DD_Value_Domain>
      <enumeration_flag>false</enumeration_flag>
      <value_data_type>ASCII_Integer</value_data_type>
      <minimum_value>0</minimum_value>
      <maximum_value>7</maximum_value>
    </DD_Value_Domain>
  </DD_Attribute>
  
  <DD_Attribute>
    <name>legacy_label_wa_filter_step</name>
    <version_id>1.0</version_id>
    <local_identifier>legacy_label_wa_filter_step</local_identifier>
    <nillable_flag>false</nillable_flag>
    <submitter_name>Matthew S Tiscareno</submitter_name>
    <definition>This attribute is a precursor to filter_name and filter_number.
    This attribute preserves information found in Line 09 of the VICAR-1 legacy header (for more information, see the attribute definition for legacy_label_VICAR1).
    It is reported for the Wide Angle camera, regardless of whether that camera is the one that produced this data product.</definition>
    <DD_Value_Domain>
      <enumeration_flag>false</enumeration_flag>
      <value_data_type>ASCII_Integer</value_data_type>
      <minimum_value>0</minimum_value>
      <maximum_value>7</maximum_value>
    </DD_Value_Domain>
  </DD_Attribute>
  
  <DD_Attribute>
    <name>legacy_label_wa_flood</name>
    <version_id>1.0</version_id>
    <local_identifier>legacy_label_wa_flood</local_identifier>
    <nillable_flag>false</nillable_flag>
    <submitter_name>Matthew S Tiscareno</submitter_name>
    <definition>Following readout, light flooding is used to remove any residual image that might remain from the previous frame.
    For details see page 3-31 of Benesh and Jepsen (1978), urn:nasa:pds:wenkert_pdart16_vgr_rav1ciun:document:benesh_jepsen_1978.pdf
    This attribute preserves information found in Line 09 of the VICAR-1 legacy header (for more information, see the attribute definition for legacy_label_VICAR1).
    It is reported for the Wide Angle camera, regardless of whether that camera is the one that produced this data product.</definition>
    <DD_Value_Domain>
      <enumeration_flag>true</enumeration_flag>
      <value_data_type>ASCII_Short_String_Collapsed</value_data_type>
      <DD_Permissible_Value>
        <value>Yes</value>
        <value_meaning>Light flooding was used</value_meaning>
      </DD_Permissible_Value>
      <DD_Permissible_Value>
        <value>No</value>
        <value_meaning>Light flooding was not used</value_meaning>
      </DD_Permissible_Value>
    </DD_Value_Domain>
  </DD_Attribute>
  
  <DD_Attribute>
    <name>legacy_label_wa_g1_voltage_count</name>
    <version_id>1.0</version_id>
    <local_identifier>legacy_label_wa_g1_voltage_count</local_identifier>
    <nillable_flag>false</nillable_flag>
    <submitter_name>Matthew S Tiscareno</submitter_name>
    <definition>The meaning of this attribute is unknown.
    This attribute preserves information found in Line 09 of the VICAR-1 legacy header (for more information, see the attribute definition for legacy_label_VICAR1).
    This attribute is omitted if the value in the VICAR-1 legacy header is *.
    It is reported for the Wide Angle camera, regardless of whether that camera is the one that produced this data product.</definition>
    <DD_Value_Domain>
      <enumeration_flag>false</enumeration_flag>
      <value_data_type>ASCII_Integer</value_data_type>
      <minimum_value>0</minimum_value>
      <maximum_value>7</maximum_value>
    </DD_Value_Domain>
  </DD_Attribute>
  
  <DD_Attribute>
    <name>legacy_label_wa_image_type</name>
    <version_id>1.0</version_id>
    <local_identifier>legacy_label_wa_image_type</local_identifier>
    <nillable_flag>false</nillable_flag>
    <submitter_name>Matthew S Tiscareno</submitter_name>
    <definition>The meaning of this attribute is unknown.
    This attribute preserves information found in Line 09 of the VICAR-1 legacy header (for more information, see the attribute definition for legacy_label_VICAR1).
    It is reported for the Wide Angle camera, regardless of whether that camera is the one that produced this data product.</definition>
    <DD_Value_Domain>
      <enumeration_flag>true</enumeration_flag>
      <value_data_type>ASCII_Short_String_Collapsed</value_data_type>
      <DD_Permissible_Value>
        <value>Prep</value>
        <value_meaning>Meaning unknown</value_meaning>
      </DD_Permissible_Value>
      <DD_Permissible_Value>
        <value>Read</value>
        <value_meaning>Meaning unknown</value_meaning>
      </DD_Permissible_Value>
    </DD_Value_Domain>
  </DD_Attribute>
  
  <DD_Attribute>
    <name>legacy_label_wa_shutter_exposure</name>
    <version_id>1.0</version_id>
    <local_identifier>legacy_label_wa_shutter_exposure</local_identifier>
    <nillable_flag>false</nillable_flag>
    <submitter_name>Matthew S Tiscareno</submitter_name>
    <definition>This attribute is a precursor to shutter_mode_id.
    This attribute preserves information found in Line 09 of the VICAR-1 legacy header (for more information, see the attribute definition for legacy_label_VICAR1).
    It is reported for the Wide Angle camera, regardless of whether that camera is the one that produced this data product.</definition>
    <DD_Value_Domain>
      <enumeration_flag>true</enumeration_flag>
      <value_data_type>ASCII_Short_String_Collapsed</value_data_type>
      <DD_Permissible_Value>
        <value>Normal</value>
        <value_meaning>Unknown</value_meaning>
      </DD_Permissible_Value>
      <DD_Permissible_Value>
        <value>Start Long</value>
        <value_meaning>Unknown</value_meaning>
      </DD_Permissible_Value>
      <DD_Permissible_Value>
        <value>End Long</value>
        <value_meaning>Unknown</value_meaning>
      </DD_Permissible_Value>
      <DD_Permissible_Value>
        <value>Open</value>
        <value_meaning>Unknown</value_meaning>
      </DD_Permissible_Value>
    </DD_Value_Domain>
  </DD_Attribute>
  
  <DD_Attribute>
    <name>legacy_label_wa_shutter_close</name>
    <version_id>1.0</version_id>
    <local_identifier>legacy_label_wa_shutter_close</local_identifier>
    <nillable_flag>false</nillable_flag>
    <submitter_name>Matthew S Tiscareno</submitter_name>
    <definition>This attribute is a precursor to shutter_mode_id.
    This attribute preserves information found in Line 09 of the VICAR-1 legacy header (for more information, see the attribute definition for legacy_label_VICAR1).
    It is reported for the Wide Angle camera, regardless of whether that camera is the one that produced this data product.</definition>
    <DD_Value_Domain>
      <enumeration_flag>true</enumeration_flag>
      <value_data_type>ASCII_Short_String_Collapsed</value_data_type>
      <DD_Permissible_Value>
        <value>Yes</value>
        <value_meaning>Yes</value_meaning>
      </DD_Permissible_Value>
      <DD_Permissible_Value>
        <value>No</value>
        <value_meaning>No</value_meaning>
      </DD_Permissible_Value>
    </DD_Value_Domain>
  </DD_Attribute>
  
  <DD_Attribute>
    <name>legacy_label_wa_shutter_open</name>
    <version_id>1.0</version_id>
    <local_identifier>legacy_label_wa_shutter_open</local_identifier>
    <nillable_flag>false</nillable_flag>
    <submitter_name>Matthew S Tiscareno</submitter_name>
    <definition>This attribute is a precursor to shutter_mode_id.
    This attribute preserves information found in Line 09 of the VICAR-1 legacy header (for more information, see the attribute definition for legacy_label_VICAR1).
    It is reported for the Wide Angle camera, regardless of whether that camera is the one that produced this data product.</definition>
    <DD_Value_Domain>
      <enumeration_flag>true</enumeration_flag>
      <value_data_type>ASCII_Short_String_Collapsed</value_data_type>
      <DD_Permissible_Value>
        <value>Yes</value>
        <value_meaning>Yes</value_meaning>
      </DD_Permissible_Value>
      <DD_Permissible_Value>
        <value>No</value>
        <value_meaning>No</value_meaning>
      </DD_Permissible_Value>
    </DD_Value_Domain>
  </DD_Attribute>
  
  <DD_Attribute>
    <name>legacy_label_wa_shutter_reset</name>
    <version_id>1.0</version_id>
    <local_identifier>legacy_label_wa_shutter_reset</local_identifier>
    <nillable_flag>false</nillable_flag>
    <submitter_name>Matthew S Tiscareno</submitter_name>
    <definition>This attribute is a precursor to shutter_mode_id.
    This attribute preserves information found in Line 09 of the VICAR-1 legacy header (for more information, see the attribute definition for legacy_label_VICAR1).
    It is reported for the Wide Angle camera, regardless of whether that camera is the one that produced this data product.</definition>
    <DD_Value_Domain>
      <enumeration_flag>true</enumeration_flag>
      <value_data_type>ASCII_Short_String_Collapsed</value_data_type>
      <DD_Permissible_Value>
        <value>Yes</value>
        <value_meaning>Yes</value_meaning>
      </DD_Permissible_Value>
      <DD_Permissible_Value>
        <value>No</value>
        <value_meaning>No</value_meaning>
      </DD_Permissible_Value>
    </DD_Value_Domain>
  </DD_Attribute>
  
  <DD_Attribute>
    <name>legacy_label_pixel_dn_average_status</name>
    <version_id>1.0</version_id>
    <local_identifier>legacy_label_pixel_dn_average_status</local_identifier>
    <nillable_flag>false</nillable_flag>
    <submitter_name>Matthew S Tiscareno</submitter_name>
    <definition>The meaning of this attribute is unknown.
    This attribute preserves information found in Line 07 of the VICAR-1 legacy header (for more information, see the attribute definition for legacy_label_VICAR1).</definition>
    <DD_Value_Domain>
      <enumeration_flag>false</enumeration_flag>
      <value_data_type>ASCII_Integer</value_data_type>
      <minimum_value>0</minimum_value>
      <maximum_value>1</maximum_value>
    </DD_Value_Domain>
  </DD_Attribute>
  
  <DD_Attribute>
    <name>legacy_label_pixel_dn_average_threshold</name>
    <version_id>1.0</version_id>
    <local_identifier>legacy_label_pixel_dn_average_threshold</local_identifier>
    <nillable_flag>false</nillable_flag>
    <submitter_name>Matthew S Tiscareno</submitter_name>
    <definition>The meaning of this attribute is unknown.
    This attribute preserves information found in Line 07 of the VICAR-1 legacy header (for more information, see the attribute definition for legacy_label_VICAR1).</definition>
    <DD_Value_Domain>
      <enumeration_flag>false</enumeration_flag>
      <value_data_type>ASCII_Integer</value_data_type>
      <minimum_value>0</minimum_value>
      <maximum_value>255</maximum_value>
    </DD_Value_Domain>
  </DD_Attribute>
  
  <DD_Attribute>
    <name>legacy_label_telemetry_mode</name>
    <version_id>1.0</version_id>
    <local_identifier>legacy_label_telemetry_mode</local_identifier>
    <nillable_flag>false</nillable_flag>
    <submitter_name>Matthew S Tiscareno</submitter_name>
    <definition>Documentation is unclear, including regarding whether this attribute has to do with telemetry coming out of the camera, or with telemetry between the spacecraft and Earth.
    This attribute preserves information found in Line 11 of the VICAR-1 legacy header (for more information, see the attribute definition for legacy_label_VICAR1).
    This attribute corresponds to the keyword TLM_MODE in earlier versions of Voyager data products.</definition>
    <DD_Value_Domain>
      <enumeration_flag>true</enumeration_flag>
      <value_data_type>ASCII_Short_String_Collapsed</value_data_type>
      <DD_Permissible_Value>
        <value>None</value>
        <value_meaning>From original label.  Meaning unclear.</value_meaning>
      </DD_Permissible_Value>
      <DD_Permissible_Value>
        <value>IM-2W</value>
        <value_meaning>From original label.  Meaning unclear.</value_meaning>
      </DD_Permissible_Value>
      <DD_Permissible_Value>
        <value>IM-Q</value>
        <value_meaning>From original label.  Meaning unclear.</value_meaning>
      </DD_Permissible_Value>
      <DD_Permissible_Value>
        <value>IM-S</value>
        <value_meaning>From original label.  Meaning unclear.</value_meaning>
      </DD_Permissible_Value>
      <DD_Permissible_Value>
        <value>IM-20</value>
        <value_meaning>From original label.  Meaning unclear.</value_meaning>
      </DD_Permissible_Value>
      <DD_Permissible_Value>
        <value>IM-O</value>
        <value_meaning>From original label.  Meaning unclear.</value_meaning>
      </DD_Permissible_Value>
      <DD_Permissible_Value>
        <value>IM-22</value>
        <value_meaning>From original label.  Meaning unclear.</value_meaning>
      </DD_Permissible_Value>
      <DD_Permissible_Value>
        <value>IM-K</value>
        <value_meaning>From original label.  Meaning unclear.</value_meaning>
      </DD_Permissible_Value>
      <DD_Permissible_Value>
        <value>IM-7</value>
        <value_meaning>From original label.  Meaning unclear.</value_meaning>
      </DD_Permissible_Value>
      <DD_Permissible_Value>
        <value>IM-2X</value>
        <value_meaning>From original label.  Meaning unclear.</value_meaning>
      </DD_Permissible_Value>
      <DD_Permissible_Value>
        <value>IM-9</value>
        <value_meaning>From original label.  Meaning unclear.</value_meaning>
      </DD_Permissible_Value>
      <DD_Permissible_Value>
        <value>IM-2C</value>
        <value_meaning>From original label.  Meaning unclear.</value_meaning>
      </DD_Permissible_Value>
      <DD_Permissible_Value>
        <value>IM-23</value>
        <value_meaning>From original label.  Meaning unclear.</value_meaning>
      </DD_Permissible_Value>
      <DD_Permissible_Value>
        <value>IM-24</value>
        <value_meaning>From original label.  Meaning unclear.</value_meaning>
      </DD_Permissible_Value>
      <DD_Permissible_Value>
        <value>GS-4</value>
        <value_meaning>From original label.  Meaning unclear.</value_meaning>
      </DD_Permissible_Value>
      <DD_Permissible_Value>
        <value>GS-2</value>
        <value_meaning>From original label.  Meaning unclear.</value_meaning>
      </DD_Permissible_Value>
      <DD_Permissible_Value>
        <value>OC-3</value>
        <value_meaning>From original label.  Meaning unclear.</value_meaning>
      </DD_Permissible_Value>
      <DD_Permissible_Value>
        <value>IM-12</value>
        <value_meaning>From original label.  Meaning unclear.</value_meaning>
      </DD_Permissible_Value>
      <DD_Permissible_Value>
        <value>IM-11</value>
        <value_meaning>From original label.  Meaning unclear.</value_meaning>
      </DD_Permissible_Value>
      <DD_Permissible_Value>
        <value>IM-10</value>
        <value_meaning>From original label.  Meaning unclear.</value_meaning>
      </DD_Permissible_Value>
      <DD_Permissible_Value>
        <value>IM-26</value>
        <value_meaning>From original label.  Meaning unclear.</value_meaning>
      </DD_Permissible_Value>
      <DD_Permissible_Value>
        <value>IM-15</value>
        <value_meaning>From original label.  Meaning unclear.</value_meaning>
      </DD_Permissible_Value>
      <DD_Permissible_Value>
        <value>IM-25</value>
        <value_meaning>From original label.  Meaning unclear.</value_meaning>
      </DD_Permissible_Value>
      <DD_Permissible_Value>
        <value>IM-6</value>
        <value_meaning>From original label.  Meaning unclear.</value_meaning>
      </DD_Permissible_Value>
      <DD_Permissible_Value>
        <value>IM-5</value>
        <value_meaning>From original label.  Meaning unclear.</value_meaning>
      </DD_Permissible_Value>
      <DD_Permissible_Value>
        <value>IM-4</value>
        <value_meaning>From original label.  Meaning unclear.</value_meaning>
      </DD_Permissible_Value>
      <DD_Permissible_Value>
        <value>IM-3</value>
        <value_meaning>From original label.  Meaning unclear.</value_meaning>
      </DD_Permissible_Value>
      <DD_Permissible_Value>
        <value>IM-2</value>
        <value_meaning>From original label.  Meaning unclear.</value_meaning>
      </DD_Permissible_Value>
      <DD_Permissible_Value>
        <value>IM-13</value>
        <value_meaning>From original label.  Meaning unclear.</value_meaning>
      </DD_Permissible_Value>
    </DD_Value_Domain>
  </DD_Attribute>
    
  <!-- Attributes END -->


  <!-- Classes START -->

  <DD_Class>
    <name>Voyager</name>
    <version_id>1.0</version_id>
    <local_identifier>Voyager</local_identifier>
    <submitter_name>Matthew Tiscareno</submitter_name>
    <definition>Elements relevant to the Voyager 1 and/or Voyager 2 spacecraft mission.</definition>
    <abstract_flag>false</abstract_flag>
    <element_flag>true</element_flag>
    <DD_Association>
      <identifier_reference>legacy_label_VICAR1</identifier_reference>
      <reference_type>attribute_of</reference_type>
      <minimum_occurrences>0</minimum_occurrences>
      <maximum_occurrences>1</maximum_occurrences>
    </DD_Association>
    <DD_Association>
      <identifier_reference>Voyager_Telemetry</identifier_reference>
      <reference_type>component_of</reference_type>
      <minimum_occurrences>0</minimum_occurrences>
      <maximum_occurrences>1</maximum_occurrences>
    </DD_Association>
    <DD_Association>
      <identifier_reference>Voyager_Timing</identifier_reference>
      <reference_type>component_of</reference_type>
      <minimum_occurrences>1</minimum_occurrences>
      <maximum_occurrences>1</maximum_occurrences>
    </DD_Association>
    <DD_Association>
      <identifier_reference>ISS</identifier_reference><!--When more instruments are added to this LDD, this should become a XSChoice.-->
      <reference_type>component_of</reference_type>
      <minimum_occurrences>1</minimum_occurrences>
      <maximum_occurrences>1</maximum_occurrences>
    </DD_Association>
    <DD_Association>
      <identifier_reference>ISS_Legacy_Label</identifier_reference><!--When more instruments are added to this LDD, this should become a XSChoice.-->
      <reference_type>component_of</reference_type>
      <minimum_occurrences>0</minimum_occurrences>
      <maximum_occurrences>1</maximum_occurrences>
    </DD_Association>
  </DD_Class>
  
  <DD_Class>
    <name>ISS</name>
    <version_id>1.0</version_id>
    <local_identifier>ISS</local_identifier>
    <submitter_name>Matthew Tiscareno</submitter_name>
    <definition>Attributes relevant to the Voyager Imaging Science Subsystem (ISS) instrument and its observations.</definition>
    <abstract_flag>false</abstract_flag>
    <element_flag>false</element_flag>
    <DD_Association>
      <identifier_reference>image_id</identifier_reference>
      <reference_type>attribute_of</reference_type>
      <minimum_occurrences>1</minimum_occurrences>
      <maximum_occurrences>1</maximum_occurrences>
    </DD_Association>
    <DD_Association>
      <identifier_reference>image_number</identifier_reference>
      <reference_type>attribute_of</reference_type>
      <minimum_occurrences>1</minimum_occurrences>
      <maximum_occurrences>1</maximum_occurrences>
    </DD_Association>
    <DD_Association>
      <identifier_reference>earth_received_time</identifier_reference>
      <reference_type>attribute_of</reference_type>
      <minimum_occurrences>1</minimum_occurrences>
      <maximum_occurrences>1</maximum_occurrences>
    </DD_Association>
    <DD_Association>
      <identifier_reference>scan_mode_id</identifier_reference>
      <reference_type>attribute_of</reference_type>
      <minimum_occurrences>1</minimum_occurrences>
      <maximum_occurrences>1</maximum_occurrences>
    </DD_Association>
    <DD_Association>
      <identifier_reference>shutter_mode_id</identifier_reference>
      <reference_type>attribute_of</reference_type>
      <minimum_occurrences>1</minimum_occurrences>
      <maximum_occurrences>1</maximum_occurrences>
    </DD_Association>
    <DD_Association>
      <identifier_reference>gain_mode_id</identifier_reference>
      <reference_type>attribute_of</reference_type>
      <minimum_occurrences>1</minimum_occurrences>
      <maximum_occurrences>1</maximum_occurrences>
    </DD_Association>
    <DD_Association>
      <identifier_reference>edit_mode_id</identifier_reference>
      <reference_type>attribute_of</reference_type>
      <minimum_occurrences>1</minimum_occurrences>
      <maximum_occurrences>1</maximum_occurrences>
    </DD_Association>
    <DD_Association>
      <identifier_reference>filter_name</identifier_reference>
      <reference_type>attribute_of</reference_type>
      <minimum_occurrences>1</minimum_occurrences>
      <maximum_occurrences>1</maximum_occurrences>
    </DD_Association>
    <DD_Association>
      <identifier_reference>filter_number</identifier_reference>
      <reference_type>attribute_of</reference_type>
      <minimum_occurrences>1</minimum_occurrences>
      <maximum_occurrences>1</maximum_occurrences>
    </DD_Association>
    <DD_Association>
      <identifier_reference>exposure_duration</identifier_reference>
      <reference_type>attribute_of</reference_type>
      <minimum_occurrences>1</minimum_occurrences>
      <maximum_occurrences>1</maximum_occurrences>
    </DD_Association>
    <DD_Association>
      <identifier_reference>pds_source_product_target_name</identifier_reference>
      <reference_type>attribute_of</reference_type>
      <minimum_occurrences>1</minimum_occurrences>
      <maximum_occurrences>1</maximum_occurrences>
    </DD_Association>
    <DD_Association>
      <identifier_reference>pds_source_product_note</identifier_reference>
      <reference_type>attribute_of</reference_type>
      <minimum_occurrences>1</minimum_occurrences>
      <maximum_occurrences>1</maximum_occurrences>
    </DD_Association>
    <DD_Association>
      <identifier_reference>pds_source_product_description</identifier_reference>
      <reference_type>attribute_of</reference_type>
      <minimum_occurrences>1</minimum_occurrences>
      <maximum_occurrences>1</maximum_occurrences>
    </DD_Association>
    <DD_Association>
      <identifier_reference>pds_source_product_data_anomaly_type</identifier_reference>
      <reference_type>attribute_of</reference_type>
      <minimum_occurrences>1</minimum_occurrences>
      <maximum_occurrences>1</maximum_occurrences>
    </DD_Association>
  </DD_Class>

  <DD_Class>
    <name>ISS_Legacy_Label</name>
    <version_id>1.0</version_id>
    <local_identifier>ISS_Legacy_Label</local_identifier>
    <submitter_name>Matthew Tiscareno</submitter_name>
    <definition>Attributes relevant to the Voyager Imaging Science Subsystem (ISS) instrument and its observations that are taken from the legacy label and are not otherwise attributed.  These attributes are being retained for historical documentation purposes.  Nothing in this class should be required for normal processing or analysis of Voyager ISS images.</definition>
    <abstract_flag>false</abstract_flag>
    <element_flag>false</element_flag>
    <DD_Association>
      <identifier_reference>legacy_label_signal_to_noise_ratio</identifier_reference>
      <reference_type>attribute_of</reference_type>
      <minimum_occurrences>0</minimum_occurrences>
      <maximum_occurrences>1</maximum_occurrences>
    </DD_Association>
    <DD_Association>
      <identifier_reference>legacy_label_pixel_dn_average_threshold</identifier_reference>
      <reference_type>attribute_of</reference_type>
      <minimum_occurrences>0</minimum_occurrences>
      <maximum_occurrences>1</maximum_occurrences>
    </DD_Association>
    <DD_Association>
      <identifier_reference>legacy_label_pixel_dn_average_status</identifier_reference>
      <reference_type>attribute_of</reference_type>
      <minimum_occurrences>0</minimum_occurrences>
      <maximum_occurrences>1</maximum_occurrences>
    </DD_Association>
    <DD_Association>
      <identifier_reference>legacy_label_lsb_truncate</identifier_reference>
      <reference_type>attribute_of</reference_type>
      <minimum_occurrences>0</minimum_occurrences>
      <maximum_occurrences>1</maximum_occurrences>
    </DD_Association>
    <DD_Association>
      <identifier_reference>legacy_label_telemetry_mode</identifier_reference>
      <reference_type>attribute_of</reference_type>
      <minimum_occurrences>0</minimum_occurrences>
      <maximum_occurrences>1</maximum_occurrences>
    </DD_Association>
    <DD_Association>
      <identifier_reference>legacy_label_compression_state</identifier_reference>
      <reference_type>attribute_of</reference_type>
      <minimum_occurrences>0</minimum_occurrences>
      <maximum_occurrences>1</maximum_occurrences>
    </DD_Association>
    <DD_Association>
      <identifier_reference>legacy_label_na_elec_cal</identifier_reference>
      <reference_type>attribute_of</reference_type>
      <minimum_occurrences>0</minimum_occurrences>
      <maximum_occurrences>1</maximum_occurrences>
    </DD_Association>
    <DD_Association>
      <identifier_reference>legacy_label_na_image_type</identifier_reference>
      <reference_type>attribute_of</reference_type>
      <minimum_occurrences>0</minimum_occurrences>
      <maximum_occurrences>1</maximum_occurrences>
    </DD_Association>
    <DD_Association>
      <identifier_reference>legacy_label_na_beam</identifier_reference>
      <reference_type>attribute_of</reference_type>
      <minimum_occurrences>0</minimum_occurrences>
      <maximum_occurrences>1</maximum_occurrences>
    </DD_Association>
    <DD_Association>
      <identifier_reference>legacy_label_na_shutter_reset</identifier_reference>
      <reference_type>attribute_of</reference_type>
      <minimum_occurrences>0</minimum_occurrences>
      <maximum_occurrences>1</maximum_occurrences>
    </DD_Association>
    <DD_Association>
      <identifier_reference>legacy_label_na_shutter_open</identifier_reference>
      <reference_type>attribute_of</reference_type>
      <minimum_occurrences>0</minimum_occurrences>
      <maximum_occurrences>1</maximum_occurrences>
    </DD_Association>
    <DD_Association>
      <identifier_reference>legacy_label_na_shutter_close</identifier_reference>
      <reference_type>attribute_of</reference_type>
      <minimum_occurrences>0</minimum_occurrences>
      <maximum_occurrences>1</maximum_occurrences>
    </DD_Association>
    <DD_Association>
      <identifier_reference>legacy_label_na_flood</identifier_reference>
      <reference_type>attribute_of</reference_type>
      <minimum_occurrences>0</minimum_occurrences>
      <maximum_occurrences>1</maximum_occurrences>
    </DD_Association>
    <DD_Association>
      <identifier_reference>legacy_label_na_exposure_type</identifier_reference>
      <reference_type>attribute_of</reference_type>
      <minimum_occurrences>0</minimum_occurrences>
      <maximum_occurrences>1</maximum_occurrences>
    </DD_Association>
    <DD_Association>
      <identifier_reference>legacy_label_na_filter_position</identifier_reference>
      <reference_type>attribute_of</reference_type>
      <minimum_occurrences>0</minimum_occurrences>
      <maximum_occurrences>1</maximum_occurrences>
    </DD_Association>
    <DD_Association>
      <identifier_reference>legacy_label_na_filter_step</identifier_reference>
      <reference_type>attribute_of</reference_type>
      <minimum_occurrences>0</minimum_occurrences>
      <maximum_occurrences>1</maximum_occurrences>
    </DD_Association>
    <DD_Association>
      <identifier_reference>legacy_label_na_g1_voltage_count</identifier_reference>
      <reference_type>attribute_of</reference_type>
      <minimum_occurrences>0</minimum_occurrences>
      <maximum_occurrences>1</maximum_occurrences>
    </DD_Association>
    <DD_Association>
      <identifier_reference>legacy_label_na_shutter_exposure</identifier_reference>
      <reference_type>attribute_of</reference_type>
      <minimum_occurrences>0</minimum_occurrences>
      <maximum_occurrences>1</maximum_occurrences>
    </DD_Association>
    <DD_Association>
      <identifier_reference>legacy_label_wa_elec_cal</identifier_reference>
      <reference_type>attribute_of</reference_type>
      <minimum_occurrences>0</minimum_occurrences>
      <maximum_occurrences>1</maximum_occurrences>
    </DD_Association>
    <DD_Association>
      <identifier_reference>legacy_label_wa_image_type</identifier_reference>
      <reference_type>attribute_of</reference_type>
      <minimum_occurrences>0</minimum_occurrences>
      <maximum_occurrences>1</maximum_occurrences>
    </DD_Association>
    <DD_Association>
      <identifier_reference>legacy_label_wa_beam</identifier_reference>
      <reference_type>attribute_of</reference_type>
      <minimum_occurrences>0</minimum_occurrences>
      <maximum_occurrences>1</maximum_occurrences>
    </DD_Association>
    <DD_Association>
      <identifier_reference>legacy_label_wa_shutter_reset</identifier_reference>
      <reference_type>attribute_of</reference_type>
      <minimum_occurrences>0</minimum_occurrences>
      <maximum_occurrences>1</maximum_occurrences>
    </DD_Association>
    <DD_Association>
      <identifier_reference>legacy_label_wa_shutter_open</identifier_reference>
      <reference_type>attribute_of</reference_type>
      <minimum_occurrences>0</minimum_occurrences>
      <maximum_occurrences>1</maximum_occurrences>
    </DD_Association>
    <DD_Association>
      <identifier_reference>legacy_label_wa_shutter_close</identifier_reference>
      <reference_type>attribute_of</reference_type>
      <minimum_occurrences>0</minimum_occurrences>
      <maximum_occurrences>1</maximum_occurrences>
    </DD_Association>
    <DD_Association>
      <identifier_reference>legacy_label_wa_flood</identifier_reference>
      <reference_type>attribute_of</reference_type>
      <minimum_occurrences>0</minimum_occurrences>
      <maximum_occurrences>1</maximum_occurrences>
    </DD_Association>
    <DD_Association>
      <identifier_reference>legacy_label_wa_exposure_type</identifier_reference>
      <reference_type>attribute_of</reference_type>
      <minimum_occurrences>0</minimum_occurrences>
      <maximum_occurrences>1</maximum_occurrences>
    </DD_Association>
    <DD_Association>
      <identifier_reference>legacy_label_wa_filter_position</identifier_reference>
      <reference_type>attribute_of</reference_type>
      <minimum_occurrences>0</minimum_occurrences>
      <maximum_occurrences>1</maximum_occurrences>
    </DD_Association>
    <DD_Association>
      <identifier_reference>legacy_label_wa_filter_step</identifier_reference>
      <reference_type>attribute_of</reference_type>
      <minimum_occurrences>0</minimum_occurrences>
      <maximum_occurrences>1</maximum_occurrences>
    </DD_Association>
    <DD_Association>
      <identifier_reference>legacy_label_wa_g1_voltage_count</identifier_reference>
      <reference_type>attribute_of</reference_type>
      <minimum_occurrences>0</minimum_occurrences>
      <maximum_occurrences>1</maximum_occurrences>
    </DD_Association>
    <DD_Association>
      <identifier_reference>legacy_label_wa_shutter_exposure</identifier_reference>
      <reference_type>attribute_of</reference_type>
      <minimum_occurrences>0</minimum_occurrences>
      <maximum_occurrences>1</maximum_occurrences>
    </DD_Association>
  </DD_Class>    

  <DD_Class>
    <name>Voyager_Telemetry</name>
    <version_id>1.0</version_id>
    <local_identifier>Voyager_Telemetry</local_identifier>
    <submitter_name>Matthew Tiscareno</submitter_name>
    <definition>Container for elements describing the process of transferring Voyager data from the spacecraft to Earth.</definition>
    <abstract_flag>false</abstract_flag>
    <element_flag>false</element_flag>
    <DD_Association>
      <identifier_reference>edr_tape_id</identifier_reference>
      <reference_type>attribute_of</reference_type>
      <minimum_occurrences>0</minimum_occurrences>
      <maximum_occurrences>1</maximum_occurrences>
    </DD_Association>
    <DD_Association>
      <identifier_reference>edr_file_number</identifier_reference>
      <reference_type>attribute_of</reference_type>
      <minimum_occurrences>0</minimum_occurrences>
      <maximum_occurrences>1</maximum_occurrences>
    </DD_Association>
    <DD_Association>
      <identifier_reference>dsn_station_number</identifier_reference>
      <reference_type>attribute_of</reference_type>
      <minimum_occurrences>0</minimum_occurrences>
      <maximum_occurrences>1</maximum_occurrences>
    </DD_Association>
    <DD_Association>
      <identifier_reference>dsn_station_name</identifier_reference>
      <reference_type>attribute_of</reference_type>
      <minimum_occurrences>0</minimum_occurrences>
      <maximum_occurrences>1</maximum_occurrences>
    </DD_Association>
  </DD_Class>

  <DD_Class>
    <name>Voyager_Timing</name>
    <version_id>1.0</version_id>
    <local_identifier>Voyager_Timing</local_identifier>
    <submitter_name>Matthew Tiscareno</submitter_name>
    <definition>Container for elements describing the time at which a data product was obtained</definition>
    <abstract_flag>false</abstract_flag>
    <element_flag>false</element_flag>
    <DD_Association>
      <identifier_reference>mission_phase_name</identifier_reference>
      <reference_type>attribute_of</reference_type>
      <minimum_occurrences>1</minimum_occurrences>
      <maximum_occurrences>unbounded</maximum_occurrences>
    </DD_Association>
    <DD_Association>
      <identifier_reference>spacecraft_clock_count_partition</identifier_reference>
      <reference_type>attribute_of</reference_type>
      <minimum_occurrences>1</minimum_occurrences>
      <maximum_occurrences>1</maximum_occurrences>
    </DD_Association>
    <DD_Association>
      <identifier_reference>spacecraft_clock_start_count</identifier_reference>
      <reference_type>attribute_of</reference_type>
      <minimum_occurrences>1</minimum_occurrences>
      <maximum_occurrences>1</maximum_occurrences>
    </DD_Association>
    <DD_Association>
      <identifier_reference>spacecraft_clock_stop_count</identifier_reference>
      <reference_type>attribute_of</reference_type>
      <minimum_occurrences>1</minimum_occurrences>
      <maximum_occurrences>1</maximum_occurrences>
    </DD_Association>
    <DD_Association>
      <identifier_reference>fds_scet_epoch_1</identifier_reference>
      <reference_type>attribute_of</reference_type>
      <minimum_occurrences>0</minimum_occurrences>
      <maximum_occurrences>1</maximum_occurrences>
    </DD_Association>
    <DD_Association>
      <identifier_reference>fds_scet_epoch_2</identifier_reference>
      <reference_type>attribute_of</reference_type>
      <minimum_occurrences>0</minimum_occurrences>
      <maximum_occurrences>1</maximum_occurrences>
    </DD_Association>
    <DD_Association>
      <identifier_reference>fds_scet_epoch_3</identifier_reference>
      <reference_type>attribute_of</reference_type>
      <minimum_occurrences>0</minimum_occurrences>
      <maximum_occurrences>1</maximum_occurrences>
    </DD_Association>
    <DD_Association>
      <identifier_reference>fds_scet_epoch_4</identifier_reference>
      <reference_type>attribute_of</reference_type>
      <minimum_occurrences>0</minimum_occurrences>
      <maximum_occurrences>1</maximum_occurrences>
    </DD_Association>
  </DD_Class>

  <!-- Classes END -->

  <!-- Schematron Rules -->

  <DD_Rule>
    <local_identifier>Voyager_Mission_Phases</local_identifier>
    <rule_context>vgr:Voyager_Timing/vgr:mission_phase_name</rule_context>
    <DD_Rule_Statement>
      <rule_type>Assert</rule_type>
      <rule_test>if ((.='Saturn-Uranus Cruise') and (//pds:Observing_System_Component/pds:Internal_Reference/pds:lid_reference='urn:nasa:pds:context:instrument_host:spacecraft.vg1')) then false() else true()</rule_test>
      <rule_message>If vgr:mission_phase_name is set to Saturn-Uranus Cruise, then the spacecraft must be Voyager 2, not Voyager 1.</rule_message>
    </DD_Rule_Statement>
    <DD_Rule_Statement>
      <rule_type>Assert</rule_type>
      <rule_test>if ((.='Uranus Encounter') and (//pds:Observing_System_Component/pds:Internal_Reference/pds:lid_reference='urn:nasa:pds:context:instrument_host:spacecraft.vg1')) then false() else true()</rule_test>
      <rule_message>If vgr:mission_phase_name is set to Uranus Encounter, then the spacecraft must be Voyager 2, not Voyager 1.</rule_message>
    </DD_Rule_Statement>
    <DD_Rule_Statement>
      <rule_type>Assert</rule_type>
      <rule_test>if ((.='Uranus-Neptune Cruise') and (//pds:Observing_System_Component/pds:Internal_Reference/pds:lid_reference='urn:nasa:pds:context:instrument_host:spacecraft.vg1')) then false() else true()</rule_test>
      <rule_message>If vgr:mission_phase_name is set to Uranus-Neptune Cruise, then the spacecraft must be Voyager 2, not Voyager 1.</rule_message>
    </DD_Rule_Statement>
    <DD_Rule_Statement>
      <rule_type>Assert</rule_type>
      <rule_test>if ((.='Neptune Encounter') and (//pds:Observing_System_Component/pds:Internal_Reference/pds:lid_reference='urn:nasa:pds:context:instrument_host:spacecraft.vg1')) then false() else true()</rule_test>
      <rule_message>If vgr:mission_phase_name is set to Neptune Encounter, then the spacecraft must be Voyager 2, not Voyager 1.</rule_message>
    </DD_Rule_Statement>
  </DD_Rule>

  <DD_Rule>
    <local_identifier>Use_FDS_Scet_Epoch_N</local_identifier>
    <rule_context>vgr:Voyager_Timing</rule_context>
    <DD_Rule_Statement>
      <rule_type>Assert</rule_type>
      <rule_test>if ((vgr:spacecraft_clock_count_partition eq '0') and not (vgr:fds_scet_epoch_1 or vgr:fds_scet_epoch_2)) then false() else true()</rule_test>
      <rule_message>If vgr:spacecraft_clock_count_partition is set to 0 (meaning that the correct value is not known), then either vgr:fds_scet_epoch_1 or vgr:fds_scet_epoch_2 must be used.</rule_message>
    </DD_Rule_Statement>
<!--<DD_Rule_Statement>
      <rule_type>Assert</rule_type>
      <rule_test>if ((vgr:spacecraft_clock_count_partition eq '0') and not (vgr:fds_scet_epoch_3)) then false() else true()</rule_test>
      <rule_message>If vgr:spacecraft_clock_count_partition is set to 0 (meaning that the correct value is not known), then vgr:fds_scet_epoch_3 must be used.</rule_message>
    </DD_Rule_Statement>
    <DD_Rule_Statement>
      <rule_type>Assert</rule_type>
      <rule_test>if ((vgr:spacecraft_clock_count_partition eq '0') and not (vgr:fds_scet_epoch_4)) then false() else true()</rule_test>
      <rule_message>If vgr:spacecraft_clock_count_partition is set to 0 (meaning that the correct value is not known), then vgr:fds_scet_epoch_4 must be used.</rule_message>
    </DD_Rule_Statement>-->
  </DD_Rule>

</Ingest_LDD>
