<?xml version="1.0" encoding="UTF-8"?>
<?xml-model href="https://pds.nasa.gov/pds4/pds/v1/PDS4_PDS_1700.sch" schematypens="http://purl.oclc.org/dsdl/schematron"?>

<Product_Document xmlns="http://pds.nasa.gov/pds4/pds/v1"
	xmlns:pds="http://pds.nasa.gov/pds4/pds/v1"
    xmlns:xsi="http://www.w3.org/2001/XMLSchema-instance"
    xsi:schemaLocation="https://pds.nasa.gov/pds4/pds/v1 http://pds.nasa.gov/pds4/pds/v1/PDS4_PDS_1700.xsd">
    
    <Identification_Area>
        <logical_identifier>urn:nasa:pds:orex.mission:document:orexldddesc</logical_identifier>
        <version_id>1.0</version_id>
        <title>OSIRIS-REx Local Data Dictionary Description Document</title>
        <information_model_version>1.7.0.0</information_model_version>
        <product_class>Product_Document</product_class>
        
        <Citation_Information>
            <author_list>Crombie, M.K.</author_list>
            <publication_year>2018</publication_year>
            <description>
                The OSIRIS-REx Science Local Data Dictionary Description Document describes 
                the history and structure of the LDD. 
            </description>
        </Citation_Information>
        
        <Modification_History>
            <Modification_Detail>
                <modification_date>2018-04-18</modification_date>
                <version_id>1.0</version_id>
                <description>Initial creation of PDS label for project document</description>
            </Modification_Detail>
        </Modification_History>  
    </Identification_Area>
    
    <Context_Area>
        <Investigation_Area>
            <name>Origins, Spectral Interpretation, Resource Identification, Security, Regolith Explorer (OSIRIS-REx) Mission</name>
            <type>Mission</type>
            <Internal_Reference>
                <lid_reference>urn:nasa:pds:context:investigation:mission.orex</lid_reference>
                <reference_type>document_to_investigation</reference_type>
            </Internal_Reference>
        </Investigation_Area>
        
        <Observing_System>
            <name>Origins, Spectral Interpretation, Resource Identification, Security, Regolith Explorer (OSIRIS-REx)</name>
            <Observing_System_Component>
                <name>OSIRIS-REx</name>
                <type>Spacecraft</type>
                <description>Origins, Spectral Interpretation, Resource Identification, Security, Regolith Explorer Spacecraft</description>
                <Internal_Reference>
                    <lid_reference>urn:nasa:pds:context:instrument_host:spacecraft.orex</lid_reference>
                    <reference_type>is_instrument_host</reference_type>
                </Internal_Reference>
            </Observing_System_Component>
        </Observing_System>
    </Context_Area>
    
    <Document>
        <publication_date>2018-05</publication_date>
        <description>
            This version of the document is revision 1.0, the first version to be accepted for PDS
            archiving.
        </description>
        <Document_Edition>
            <edition_name>PDF/A</edition_name>
            <language>English</language>
            <files>1</files>
            <description>
                This document is conformant to PDF/A.
            </description>
            <Document_File>
                <file_name>orex_ldd_description_doc.pdf</file_name>
                <document_standard_id>PDF/A</document_standard_id>
            </Document_File>
        </Document_Edition>
    </Document>
</Product_Document>