<?xml version="1.0" encoding="UTF-8"?>
<?xml-model 
    href="https://pds.nasa.gov/pds4/pds/v1/PDS4_PDS_1L00.sch"
    schematypens="http://purl.oclc.org/dsdl/schematron"?>
<Ingest_LDD 
    xmlns="http://pds.nasa.gov/pds4/pds/v1" xmlns:xsi="http://www.w3.org/2001/XMLSchema-instance"
    xmlns:pds="http://pds.nasa.gov/pds4/pds/v1"
    xsi:schemaLocation="http://pds.nasa.gov/pds4/pds/v1
                        http://pds.nasa.gov/pds4/pds/v1/PDS4_PDS_1L00.xsd">
    <name>KPLO</name>
    <ldd_version_id>1.0.1.0</ldd_version_id>
    <dictionary_type>Mission</dictionary_type>
    <full_name>Trent Hare</full_name>
    <steward_id>img</steward_id>
    <namespace_id>kplo</namespace_id>
    <comment>
        The KPLO dictionary contains classes that describe aspects of the 
        Korea Pathfinder Lunar Orbiter mission and related instruments.
    </comment>

    <!-- 12/19/2023 IMG Initial version from ASU schema template -->
    <!-- 02/29/2024 Added LUTI "A" parameters from label examples, assume LUTI "B" is coming -->
    <!-- 03/04/2024 Team only needs "LUTI" for both "A"/"B" instruments, renamed to LUTI_Parameters -->
    <!-- 05/01/2024 LUTI team updates, removes luti_target_id for luti_target_type and adds luti_target_name
                    and luti_quality_id. Updates to several definitions for LUTI.
    -->                
    
    <last_modification_date_time>2024-05-01T16:48Z</last_modification_date_time>

<!-- Attribute Definitions (alphabetical) -->

    <DD_Attribute> <!-- bias_spread -->
        <name>bias_spread</name>
        <version_id>1.0</version_id>
        <local_identifier>kplo.bias_spread</local_identifier>
        <nillable_flag>false</nillable_flag>
        <submitter_name>IMG</submitter_name>
        <definition>Difference between the max and min bias 12-bit DN value for the whole image.</definition>
        <DD_Value_Domain>
            <enumeration_flag>false</enumeration_flag>
            <value_data_type>ASCII_Integer</value_data_type>
        </DD_Value_Domain>
    </DD_Attribute>

    <DD_Attribute> <!-- bias_spread_ch0 -->
        <name>bias_spread_ch0</name>
        <version_id>1.0</version_id>
        <local_identifier>kplo.bias_spread_ch0</local_identifier>
        <nillable_flag>false</nillable_flag>
        <submitter_name>IMG</submitter_name>
        <definition>Difference between the max and min bias 12-bit DN value for channel 0.</definition>
        <DD_Value_Domain>
            <enumeration_flag>false</enumeration_flag>
            <value_data_type>ASCII_Integer</value_data_type>
        </DD_Value_Domain>
    </DD_Attribute>

    <DD_Attribute> <!-- bias_spread_ch1 -->
        <name>bias_spread_ch1</name>
        <version_id>1.0</version_id>
        <local_identifier>kplo.bias_spread_ch1</local_identifier>
        <nillable_flag>false</nillable_flag>
        <submitter_name>IMG</submitter_name>
        <definition>Difference between the max and min bias 12-bit DN value for channel 1.</definition>
        <DD_Value_Domain>
            <enumeration_flag>false</enumeration_flag>
            <value_data_type>ASCII_Integer</value_data_type>
        </DD_Value_Domain>
    </DD_Attribute>

    <DD_Attribute> <!-- bias_spread_ch2 -->
        <name>bias_spread_ch2</name>
        <version_id>1.0</version_id>
        <local_identifier>kplo.bias_spread_ch2</local_identifier>
        <nillable_flag>false</nillable_flag>
        <submitter_name>IMG</submitter_name>
        <definition>Difference between the max and min bias 12-bit DN value for channel 2.</definition>
        <DD_Value_Domain>
            <enumeration_flag>false</enumeration_flag>
            <value_data_type>ASCII_Integer</value_data_type>
        </DD_Value_Domain>
    </DD_Attribute>

    <DD_Attribute> <!-- bias_spread_ch3 -->
        <name>bias_spread_ch3</name>
        <version_id>1.0</version_id>
        <local_identifier>kplo.bias_spread_ch3</local_identifier>
        <nillable_flag>false</nillable_flag>
        <submitter_name>IMG</submitter_name>
        <definition>Difference between the max and min bias 12-bit DN value for channel 3.</definition>
        <DD_Value_Domain>
            <enumeration_flag>false</enumeration_flag>
            <value_data_type>ASCII_Integer</value_data_type>
        </DD_Value_Domain>
    </DD_Attribute>

    <DD_Attribute> <!-- bias_spread_ch4 -->
        <name>bias_spread_ch4</name>
        <version_id>1.0</version_id>
        <local_identifier>kplo.bias_spread_ch4</local_identifier>
        <nillable_flag>false</nillable_flag>
        <submitter_name>IMG</submitter_name>
        <definition>Difference between the max and min bias 12-bit DN value for channel 4.</definition>
        <DD_Value_Domain>
            <enumeration_flag>false</enumeration_flag>
            <value_data_type>ASCII_Integer</value_data_type>
        </DD_Value_Domain>
    </DD_Attribute>

    <DD_Attribute> <!-- bias_spread_ch5 -->
        <name>bias_spread_ch5</name>
        <version_id>1.0</version_id>
        <local_identifier>kplo.bias_spread_ch5</local_identifier>
        <nillable_flag>false</nillable_flag>
        <submitter_name>IMG</submitter_name>
        <definition>Difference between the max and min bias 12-bit DN value for channel 5.</definition>
        <DD_Value_Domain>
            <enumeration_flag>false</enumeration_flag>
            <value_data_type>ASCII_Integer</value_data_type>
        </DD_Value_Domain>
    </DD_Attribute>

    <DD_Attribute> <!-- bit_selection for LUTI A-->
        <name>bit_selection</name>
        <version_id>1.0</version_id>
        <local_identifier>kplo.bit_selection</local_identifier>
        <nillable_flag>false</nillable_flag>
        <submitter_name>IMG</submitter_name>
        <definition>The ADC bit selection is for the used bit range flag. 
            The value 0 is for bit range 11 ~ 0 and detectable range 0~4095, the value 1 is for bit range 12 ~ 1 and 
            detectable range 0~8190, and the value 2 is for bit range 13 ~ 2 and detectable range 0~16380.     
        </definition>
        <DD_Value_Domain>
            <enumeration_flag>false</enumeration_flag>
            <value_data_type>ASCII_Integer</value_data_type>
        </DD_Value_Domain>
    </DD_Attribute>

    <DD_Attribute> <!-- bterm1 -->
        <name>bterm1</name>
        <version_id>1.0</version_id>
        <local_identifier>kplo.bterm1</local_identifier>
        <nillable_flag>false</nillable_flag>
        <submitter_name>IMG</submitter_name>
        <definition>ShadowCam companding bterm 1 (See appendix in the ShadowCam archive 
            SIS for detailed companding information)</definition>
        <DD_Value_Domain>
            <enumeration_flag>false</enumeration_flag>
            <value_data_type>ASCII_Integer</value_data_type>
        </DD_Value_Domain>
    </DD_Attribute>
    
    <DD_Attribute> <!-- bterm2 -->
        <name>bterm2</name>
        <version_id>1.0</version_id>
        <local_identifier>kplo.bterm2</local_identifier>
        <nillable_flag>false</nillable_flag>
        <submitter_name>IMG</submitter_name>
        <definition>ShadowCam companding bterm 2 (See appendix in the ShadowCam archive 
            SIS for detailed companding information)</definition>
        <DD_Value_Domain>
            <enumeration_flag>false</enumeration_flag>
            <value_data_type>ASCII_Integer</value_data_type>
        </DD_Value_Domain>
    </DD_Attribute>
    
    <DD_Attribute> <!-- bterm3 -->
        <name>bterm3</name>
        <version_id>1.0</version_id>
        <local_identifier>kplo.bterm3</local_identifier>
        <nillable_flag>false</nillable_flag>
        <submitter_name>IMG</submitter_name>
        <definition>ShadowCam companding bterm 3 (See appendix in the ShadowCam archive 
            SIS for detailed companding information)</definition>
        <DD_Value_Domain>
            <enumeration_flag>false</enumeration_flag>
            <value_data_type>ASCII_Integer</value_data_type>
        </DD_Value_Domain>
    </DD_Attribute>
    
    <DD_Attribute> <!-- bterm4 -->
        <name>bterm4</name>
        <version_id>1.0</version_id>
        <local_identifier>kplo.bterm4</local_identifier>
        <nillable_flag>false</nillable_flag>
        <submitter_name>IMG</submitter_name>
        <definition>ShadowCam companding bterm 4 (See appendix in the ShadowCam archive 
            SIS for detailed companding information)</definition>
        <DD_Value_Domain>
            <enumeration_flag>false</enumeration_flag>
            <value_data_type>ASCII_Integer</value_data_type>
        </DD_Value_Domain>
    </DD_Attribute>
    
    <DD_Attribute> <!-- bterm5 -->
        <name>bterm5</name>
        <version_id>1.0</version_id>
        <local_identifier>kplo.bterm5</local_identifier>
        <nillable_flag>false</nillable_flag>
        <submitter_name>IMG</submitter_name>
        <definition>ShadowCam companding bterm 5 (See appendix in the ShadowCam archive 
            SIS for detailed companding information)</definition>
        <DD_Value_Domain>
            <enumeration_flag>false</enumeration_flag>
            <value_data_type>ASCII_Integer</value_data_type>
        </DD_Value_Domain>
    </DD_Attribute>
    
    <DD_Attribute> <!-- ccd_direction for LUTI -->
        <name>ccd_direction</name>
        <version_id>1.0</version_id>
        <local_identifier>kplo.ccd_direction</local_identifier>
        <nillable_flag>false</nillable_flag>
        <submitter_name>IMG</submitter_name>
        <definition>
            The CCD direction parameter defines the direction of CCD reading. The value 0 is for the 
            reading direction from 1st pixel to 2048th pixel (default) and the value 1 is from the 
            reading direction from 2048th pixel to 1st pixel.
        </definition>
        <DD_Value_Domain>
            <enumeration_flag>false</enumeration_flag>
            <value_data_type>ASCII_Integer</value_data_type>
        </DD_Value_Domain>
    </DD_Attribute>
    
    <DD_Attribute> <!-- data_quality_desc -->
        <name>data_quality_desc</name>
        <version_id>1.0</version_id>
        <local_identifier>kplo.data_quality_desc</local_identifier>
        <nillable_flag>false</nillable_flag>
        <submitter_name>IMG</submitter_name>
	    <definition>
            Describes how to interpret the data_quality_id field.
        </definition>
        <DD_Value_Domain>
            <enumeration_flag>false</enumeration_flag>
            <value_data_type>ASCII_Text_Collapsed</value_data_type>
        </DD_Value_Domain>
    </DD_Attribute>
    
    <DD_Attribute> <!-- data_quality_id -->
        <name>data_quality_id</name>
        <version_id>1.0</version_id>
        <local_identifier>kplo.data_quality_id</local_identifier>
        <nillable_flag>false</nillable_flag>
        <submitter_name>IMG</submitter_name>
	    <definition>
	       LROC-style data quality ID bitmask with minimal differences 
	       between ShadowCam and LROC definitions. See data_quality_desc for details. 
	       The individual boolean fields (dqi_*) are likely easier to use for new software.
        </definition>
        <DD_Value_Domain>
            <enumeration_flag>false</enumeration_flag>
            <value_data_type>ASCII_Short_String_Collapsed</value_data_type>
        </DD_Value_Domain>
    </DD_Attribute>

    <DD_Attribute> <!-- dqi_corruption_detected -->
        <name>dqi_corruption_detected</name>
        <version_id>1.0</version_id>
        <local_identifier>kplo.dqi_corruption_detected</local_identifier>
        <nillable_flag>false</nillable_flag>
        <submitter_name>IMG</submitter_name>
        <definition>
	        The corruption detection algorithm found a strong 
	        likelihood of image corruption somewhere in the observation. 
	        This is often localized to a small area, leaving most of the 
	        image usable.
        </definition>
        <DD_Value_Domain>
            <enumeration_flag>false</enumeration_flag>
            <value_data_type>ASCII_Boolean</value_data_type>
        </DD_Value_Domain>
    </DD_Attribute>

    <DD_Attribute> <!-- dqi_fpa_out_of_bounds -->
        <name>dqi_fpa_out_of_bounds</name>
        <version_id>1.0</version_id>
        <local_identifier>kplo.dqi_fpa_out_of_bounds</local_identifier>
        <nillable_flag>false</nillable_flag>
        <submitter_name>IMG</submitter_name>
        <definition>
	        The focal plane temperature was outside of the nominal operational limits. 
	        The calibration of the image is likely to not be as good in this case.
        </definition>
        <DD_Value_Domain>
            <enumeration_flag>false</enumeration_flag>
            <value_data_type>ASCII_Boolean</value_data_type>
        </DD_Value_Domain>
    </DD_Attribute>

    <DD_Attribute> <!-- dqi_missing_data -->
        <name>dqi_missing_data</name>
        <version_id>1.0</version_id>
        <local_identifier>kplo.dqi_missing_data</local_identifier>
        <nillable_flag>false</nillable_flag>
        <submitter_name>IMG</submitter_name>
        <definition>
	        One or more 1 MiB data blocks are missing from the image. Due to interleaving, 
	        this typically results in a pattern of 4 pixels present 4 pixels missing.
        </definition>
        <DD_Value_Domain>
            <enumeration_flag>false</enumeration_flag>
            <value_data_type>ASCII_Boolean</value_data_type>
        </DD_Value_Domain>
    </DD_Attribute>

    <DD_Attribute> <!-- dqi_missing_spice -->
        <name>dqi_missing_spice</name>
        <version_id>1.0</version_id>
        <local_identifier>kplo.dqi_missing_spice</local_identifier>
        <nillable_flag>false</nillable_flag>
        <submitter_name>IMG</submitter_name>
        <definition>
	        SPICE was unavailable for this observation.
        </definition>
        <DD_Value_Domain>
            <enumeration_flag>false</enumeration_flag>
            <value_data_type>ASCII_Boolean</value_data_type>
        </DD_Value_Domain>
    </DD_Attribute>

    <DD_Attribute> <!-- dqi_uncalibratable -->
        <name>dqi_uncalibratable</name>
        <version_id>1.0</version_id>
        <local_identifier>kplo.dqi_uncalibratable</local_identifier>
        <nillable_flag>false</nillable_flag>
        <submitter_name>IMG</submitter_name>
        <definition>
	        This observation could not be calibrated.
        </definition>
        <DD_Value_Domain>
            <enumeration_flag>false</enumeration_flag>
            <value_data_type>ASCII_Boolean</value_data_type>
        </DD_Value_Domain>
    </DD_Attribute>

    <DD_Attribute> <!-- dqi_under_saturated -->
        <name>dqi_under_saturated</name>
        <version_id>1.0</version_id>
        <local_identifier>kplo.dqi_under_saturated</local_identifier>
        <nillable_flag>false</nillable_flag>
        <submitter_name>IMG</submitter_name>
	    <definition>
	        One or more 0 DN values are present in the companded 8-bit DN.
        </definition>
        <DD_Value_Domain>
            <enumeration_flag>false</enumeration_flag>
            <value_data_type>ASCII_Boolean</value_data_type>
        </DD_Value_Domain>
    </DD_Attribute>

    <DD_Attribute> <!-- execution_spacecraft_time -->
        <name>execution_spacecraft_time</name>
        <version_id>1.0</version_id>
        <local_identifier>kplo.execution_spacecraft_time</local_identifier>
        <nillable_flag>false</nillable_flag>
        <submitter_name>IMG</submitter_name>
	    <definition>The spacecraft time of when the image command was
	       executed. Use this time with the SCLK kernel and add the
	       start_time_offset value for the most accurate image start.
        </definition>
        <DD_Value_Domain>
            <enumeration_flag>false</enumeration_flag>
            <value_data_type>ASCII_Short_String_Collapsed</value_data_type>
            <pattern>([0-9]{1,2}/)?[0-9]{1,10}([:|.][0-9]{1,9})?</pattern>
        </DD_Value_Domain>
    </DD_Attribute> 

    <DD_Attribute> <!-- execution_time -->
        <name>execution_time</name>
        <version_id>1.0</version_id>
        <local_identifier>kplo.execution_time</local_identifier>
        <nillable_flag>false</nillable_flag>
        <submitter_name>IMG</submitter_name>
	    <definition>The UTC time and date at the execution of the image
	        acquisition command. Add the start time offset to this time
	        to get the start of the image data. Use the spacecraft clock
	        version of the time with an SCLK kernel for the most
            accurate timing.
        </definition>
        <DD_Value_Domain>
            <enumeration_flag>false</enumeration_flag>
            <value_data_type>ASCII_Date_Time_YMD</value_data_type>
        </DD_Value_Domain>
    </DD_Attribute>

    <DD_Attribute> <!-- frame_id --> 
        <name>frame_id</name>
        <version_id>1.0</version_id>
        <local_identifier>kplo.frame_id</local_identifier>
        <nillable_flag>false</nillable_flag>
        <submitter_name>IMG</submitter_name>
        <definition>Records if the image was LUTI A or B</definition>
        <DD_Value_Domain>
            <enumeration_flag>false</enumeration_flag>
            <value_data_type>ASCII_Short_String_Collapsed</value_data_type>
        </DD_Value_Domain>
    </DD_Attribute>

    <DD_Attribute> <!-- gain_ch0 -->
        <name>gain_ch0</name>
        <version_id>1.0</version_id>
        <local_identifier>kplo.gain_ch0</local_identifier>
        <nillable_flag>false</nillable_flag>
        <submitter_name>IMG</submitter_name>
	    <definition>
	        The analog front end gain for channel 0. See ShadowCam calibration paper for details on the gain correction.
	    </definition>
        <DD_Value_Domain>
            <enumeration_flag>false</enumeration_flag>
            <value_data_type>ASCII_Integer</value_data_type>
        </DD_Value_Domain>
    </DD_Attribute>

    <DD_Attribute> <!-- gain_ch1 -->
        <name>gain_ch1</name>
        <version_id>1.0</version_id>
        <local_identifier>kplo.gain_ch1</local_identifier>
        <nillable_flag>false</nillable_flag>
        <submitter_name>IMG</submitter_name>
	    <definition>
	        The analog front end gain for channel 1. See ShadowCam calibration paper for details on the gain correction.
    	</definition>
        <DD_Value_Domain>
            <enumeration_flag>false</enumeration_flag>
            <value_data_type>ASCII_Integer</value_data_type>
        </DD_Value_Domain>
    </DD_Attribute>

    <DD_Attribute> <!-- gain_ch2 -->
        <name>gain_ch2</name>
        <version_id>1.0</version_id>
        <local_identifier>kplo.gain_ch2</local_identifier>
        <nillable_flag>false</nillable_flag>
        <submitter_name>IMG</submitter_name>
	    <definition>
	       The analog front end gain for channel 2. See ShadowCam calibration paper for details on the gain correction.
	    </definition>
        <DD_Value_Domain>
            <enumeration_flag>false</enumeration_flag>
            <value_data_type>ASCII_Integer</value_data_type>
        </DD_Value_Domain>
    </DD_Attribute>

    <DD_Attribute> <!-- gain_ch3 -->
        <name>gain_ch3</name>
        <version_id>1.0</version_id>
        <local_identifier>kplo.gain_ch3</local_identifier>
        <nillable_flag>false</nillable_flag>
        <submitter_name>IMG</submitter_name>
	    <definition>
	        The analog front end gain for channel 3. See ShadowCam calibration paper for details on the gain correction.
	    </definition>
        <DD_Value_Domain>
            <enumeration_flag>false</enumeration_flag>
            <value_data_type>ASCII_Integer</value_data_type>
        </DD_Value_Domain>
    </DD_Attribute>

    <DD_Attribute> <!-- gain_ch4 -->
        <name>gain_ch4</name>
        <version_id>1.0</version_id>
        <local_identifier>kplo.gain_ch4</local_identifier>
        <nillable_flag>false</nillable_flag>
        <submitter_name>IMG</submitter_name>
	    <definition>
	        The analog front end gain for channel 4. See ShadowCam calibration paper for details on the gain correction.
	    </definition>
        <DD_Value_Domain>
            <enumeration_flag>false</enumeration_flag>
            <value_data_type>ASCII_Integer</value_data_type>
        </DD_Value_Domain>
    </DD_Attribute>

    <DD_Attribute> <!-- gain_ch5 -->
        <name>gain_ch5</name>
        <version_id>1.0</version_id>
        <local_identifier>kplo.gain_ch5</local_identifier>
        <nillable_flag>false</nillable_flag>
        <submitter_name>IMG</submitter_name>
	    <definition>
	        The analog front end gain for channel 4. See ShadowCam calibration paper for details on the gain correction.
	    </definition>
        <DD_Value_Domain>
            <enumeration_flag>false</enumeration_flag>
            <value_data_type>ASCII_Integer</value_data_type>
        </DD_Value_Domain>
    </DD_Attribute>

    <DD_Attribute> <!-- klines -->
        <name>klines</name>
        <version_id>1.0</version_id>
        <local_identifier>kplo.klines</local_identifier>
        <nillable_flag>false</nillable_flag>
        <submitter_name>IMG</submitter_name>
	    <definition>
	        The number of 1024-line image chunks commanded (includes preroll).
	    </definition>
        <DD_Value_Domain>
            <enumeration_flag>false</enumeration_flag>
            <value_data_type>ASCII_Integer</value_data_type>
        </DD_Value_Domain>
    </DD_Attribute>

    <DD_Attribute> <!-- line_integration_time for LUTI --> 
        <name>line_integration_time</name>
        <version_id>1.0</version_id>
        <local_identifier>kplo.line_integration_time</local_identifier>
        <nillable_flag>false</nillable_flag>
        <submitter_name>IMG</submitter_name>
        <definition>
            The line integration time in milliseconds.
        </definition>
        <DD_Value_Domain>
            <enumeration_flag>false</enumeration_flag>
            <value_data_type>ASCII_Real</value_data_type>
            <unit_of_measure_type>Units_of_Time</unit_of_measure_type>
        </DD_Value_Domain>
    </DD_Attribute>

    <DD_Attribute> <!-- line_rate_code --> 
        <name>line_rate_code</name>
        <version_id>1.0</version_id>
        <local_identifier>kplo.line_rate_code</local_identifier>
        <nillable_flag>false</nillable_flag>
        <submitter_name>IMG</submitter_name>
	    <definition>
	        The TDI line rate code commanded. The line time in seconds can be computed 
	        from the commanded line rate using the expression 50e-9*(12*524+(lr*(38+1)+46)), 
	        where lr is thecommanded line rate (0-4095).
        </definition>
        <DD_Value_Domain>
            <enumeration_flag>false</enumeration_flag>
            <value_data_type>ASCII_Integer</value_data_type>
        </DD_Value_Domain>
    </DD_Attribute>
    
    <DD_Attribute> <!-- line_rate_ms --> 
        <name>line_rate_ms</name>
        <version_id>1.0</version_id>
        <local_identifier>kplo.line_rate_ms</local_identifier>
        <nillable_flag>false</nillable_flag>
        <submitter_name>IMG</submitter_name>
        <definition>
            The TDI line rate in milliseconds, the effective exposure time is multiplied by 32 for the number of TDI stages.
        </definition>
        <DD_Value_Domain>
            <enumeration_flag>false</enumeration_flag>
            <value_data_type>ASCII_Real</value_data_type>
			<unit_of_measure_type>Units_of_Time</unit_of_measure_type>
        </DD_Value_Domain>
    </DD_Attribute>

    <DD_Attribute> <!-- luti_constant_time_offset --> 
        <name>luti_constant_time_offset</name>
        <version_id>1.0</version_id>
        <local_identifier>kplo.luti_constant_time_offset</local_identifier>
        <nillable_flag>false</nillable_flag>
        <submitter_name>IMG</submitter_name>
        <definition>
            Constant time offset for LUTI A or B in seconds.
        </definition>
        <DD_Value_Domain>
            <enumeration_flag>false</enumeration_flag>
            <value_data_type>ASCII_Real</value_data_type>
            <unit_of_measure_type>Units_of_Time</unit_of_measure_type>
        </DD_Value_Domain>
    </DD_Attribute>

    <DD_Attribute> <!-- luti_quality_id -->
        <name>luti_quality_id</name>
        <version_id>1.0</version_id>
        <local_identifier>kplo.luti_quality_id</local_identifier>
        <nillable_flag>false</nillable_flag>
        <submitter_name>IMG</submitter_name>
        <definition>
            For LUTI, the quality ID represents the error status of the image. 0: No error, 1: CRC error, 
            2: CRC error + compression/decompression error.  
        </definition>
        <DD_Value_Domain>
            <enumeration_flag>false</enumeration_flag>
            <value_data_type>ASCII_Integer</value_data_type>
        </DD_Value_Domain>
    </DD_Attribute>

    <DD_Attribute> <!-- luti_target_type --> 
        <name>luti_target_type</name>
        <version_id>1.0</version_id>
        <local_identifier>kplo.luti_target_type</local_identifier>
        <nillable_flag>false</nillable_flag>
        <submitter_name>IMG</submitter_name>
        <definition>
            The luti target type is for LUTI target type such as MLND (Lunar surface, moon landing candidates),
            MMMO (man made objects), MCRT (lunar craters), MPIT (lunar pits), CGEO (calibration target for geocal),
            CDRK (dark), CLIM(lunar limb), LSLT (side slither), CSTA (star image), SERT 
            (special targets for the earth), SPLT (planets), and SMS1 and SMS2 (special lunar surface image).
        </definition>
        <DD_Value_Domain>
            <enumeration_flag>false</enumeration_flag>
            <value_data_type>ASCII_Short_String_Collapsed</value_data_type>
        </DD_Value_Domain>
    </DD_Attribute>

    <DD_Attribute> <!-- luti_target_name --> 
        <name>luti_target_name</name>
        <version_id>1.0</version_id>
        <local_identifier>kplo.luti_target_name</local_identifier>
        <nillable_flag>false</nillable_flag>
        <submitter_name>IMG</submitter_name>
        <definition>
            The luti target name indicates the name of target areas if it is available. If it is not, it will show NA.  
        </definition>
        <DD_Value_Domain>
            <enumeration_flag>false</enumeration_flag>
            <value_data_type>ASCII_Short_String_Collapsed</value_data_type>
        </DD_Value_Domain>
    </DD_Attribute>
    
    <DD_Attribute> <!-- mission_phase_name -->
        <name>mission_phase_name</name>
        <version_id>1.0</version_id>
        <local_identifier>kplo.mission_phase_name</local_identifier>
        <nillable_flag>false</nillable_flag>
        <submitter_name>IMG</submitter_name>
        <definition>
            The mission_phase_name attribute provides the mission-defined name of 
            a time period within the mission.
        </definition>
        <DD_Value_Domain>
            <enumeration_flag>true</enumeration_flag>
            <value_data_type>ASCII_Short_String_Collapsed</value_data_type>
            <DD_Permissible_Value>
                <value>cruise</value>
                <value_meaning>from launch to the Moon</value_meaning>
            </DD_Permissible_Value>
            <DD_Permissible_Value>
                <value>commissioning</value>
                <value_meaning>entering lunar orbit</value_meaning>
            </DD_Permissible_Value>
            <DD_Permissible_Value>
                <value>nominal</value>
                <value_meaning>Within normal or nominal mission goals</value_meaning>
            </DD_Permissible_Value>
            <DD_Permissible_Value>
                <value>extended</value>
                <value_meaning>Extended mission phase past end of nomial mission</value_meaning>
            </DD_Permissible_Value>
        </DD_Value_Domain>
    </DD_Attribute>
    
    <DD_Attribute> <!-- mode_test --> 
        <name>mode_test</name>
        <version_id>1.0</version_id>
        <local_identifier>kplo.mode_test</local_identifier>
        <nillable_flag>false</nillable_flag>
        <submitter_name>IMG</submitter_name>
    	<definition>
	        The instrument was commanded in test mode, resulting in a gradient rather than image data.
	    </definition>
        <DD_Value_Domain>
            <enumeration_flag>false</enumeration_flag>
            <value_data_type>ASCII_Boolean</value_data_type>
        </DD_Value_Domain>
    </DD_Attribute>

    <DD_Attribute> <!-- offset_ch0 -->
        <name>offset_ch0</name>
        <version_id>1.0</version_id>
        <local_identifier>kplo.offset_ch0</local_identifier>
        <nillable_flag>false</nillable_flag>
        <submitter_name>IMG</submitter_name>
	    <definition>
	        The analog front end offset for channel 0.
	    </definition>
        <DD_Value_Domain>
            <enumeration_flag>false</enumeration_flag>
            <value_data_type>ASCII_Integer</value_data_type>
        </DD_Value_Domain>
    </DD_Attribute>

    <DD_Attribute> <!-- offset_ch1 -->
        <name>offset_ch1</name>
        <version_id>1.0</version_id>
        <local_identifier>kplo.offset_ch1</local_identifier>
        <nillable_flag>false</nillable_flag>
        <submitter_name>IMG</submitter_name>
	    <definition>
	        The analog front end offset for channel 1.
	    </definition>
        <DD_Value_Domain>
            <enumeration_flag>false</enumeration_flag>
            <value_data_type>ASCII_Integer</value_data_type>
        </DD_Value_Domain>
    </DD_Attribute>
 
    <DD_Attribute> <!-- offset_ch2 -->
        <name>offset_ch2</name>
        <version_id>1.0</version_id>
        <local_identifier>kplo.offset_ch2</local_identifier>
        <nillable_flag>false</nillable_flag>
        <submitter_name>IMG</submitter_name>
	    <definition>
	        The analog front end offset for channel 2.
	    </definition>
        <DD_Value_Domain>
            <enumeration_flag>false</enumeration_flag>
            <value_data_type>ASCII_Integer</value_data_type>
        </DD_Value_Domain>
    </DD_Attribute>
 
    <DD_Attribute> <!-- offset_ch3 -->
        <name>offset_ch3</name>
        <version_id>1.0</version_id>
        <local_identifier>kplo.offset_ch3</local_identifier>
        <nillable_flag>false</nillable_flag>
        <submitter_name>IMG</submitter_name>
	    <definition>
	        The analog front end offset for channel 3.
	    </definition>
        <DD_Value_Domain>
            <enumeration_flag>false</enumeration_flag>
            <value_data_type>ASCII_Integer</value_data_type>
        </DD_Value_Domain>
    </DD_Attribute>

    <DD_Attribute> <!-- offset_ch4 -->
        <name>offset_ch4</name>
        <version_id>1.0</version_id>
        <local_identifier>kplo.offset_ch4</local_identifier>
        <nillable_flag>false</nillable_flag>
        <submitter_name>IMG</submitter_name>
    	<definition>
	        The analog front end offset for channel 4.
	    </definition>
        <DD_Value_Domain>
            <enumeration_flag>false</enumeration_flag>
            <value_data_type>ASCII_Integer</value_data_type>
        </DD_Value_Domain>
    </DD_Attribute>

    <DD_Attribute> <!-- offset_ch5 -->
        <name>offset_ch5</name>
        <version_id>1.0</version_id>
        <local_identifier>kplo.offset_ch5</local_identifier>
        <nillable_flag>false</nillable_flag>
        <submitter_name>IMG</submitter_name>
	    <definition>
	        The analog front end offset for channel 5.
	    </definition>
        <DD_Value_Domain>
            <enumeration_flag>false</enumeration_flag>
            <value_data_type>ASCII_Integer</value_data_type>
        </DD_Value_Domain>
    </DD_Attribute>

    <DD_Attribute>
        <name>orbit_number</name>
        <version_id>1.0</version_id>
        <local_identifier>kplo.orbit_number</local_identifier>
        <nillable_flag>true</nillable_flag>
        <submitter_name>IMG</submitter_name>
        <definition>The orbit_number attribute identifies the number of the orbital revolution of the spacecraft 
            around the Moon.
        </definition>
        <DD_Value_Domain>
            <enumeration_flag>false</enumeration_flag>
            <value_data_type>ASCII_Integer</value_data_type>
            <minimum_value>0</minimum_value>
        </DD_Value_Domain>
    </DD_Attribute>

    <DD_Attribute> <!-- pre_scan_mode_selection for LUTI -->
        <name>pre_scan_mode_selection</name>
        <version_id>1.0</version_id>
        <local_identifier>kplo.pre_scan_mode_selection</local_identifier>
        <nillable_flag>false</nillable_flag>
        <submitter_name>IMG</submitter_name>
        <definition>
            The pre scan mode selection flag is set by ground command. Default value is 1. 
            The value 0 is for disable of use of pre-scan pixel and the value 1 is to use averaged value of 
            pre-scan pixel and the value 2 is to use constant offset value predefined.
        </definition>
        <DD_Value_Domain>
            <enumeration_flag>false</enumeration_flag>
            <value_data_type>ASCII_Integer</value_data_type>
        </DD_Value_Domain>
    </DD_Attribute>

    <DD_Attribute> <!-- preroll_lines -->
        <name>preroll_lines</name>
        <version_id>1.0</version_id>
        <local_identifier>kplo.preroll_lines</local_identifier>
        <nillable_flag>false</nillable_flag>
        <submitter_name>IMG</submitter_name>
        <definition>
	        The number of image lines dropped to initialize the TDI sensor. Typically, this is a minimum of 256.
        </definition>
        <DD_Value_Domain>
            <enumeration_flag>false</enumeration_flag>
            <value_data_type>ASCII_Integer</value_data_type>
        </DD_Value_Domain>
    </DD_Attribute>

    <DD_Attribute> <!-- preroll_time -->
        <name>preroll_time</name>
        <version_id>1.0</version_id>
        <local_identifier>kplo.preroll_time</local_identifier>
        <nillable_flag>false</nillable_flag>
        <submitter_name>IMG</submitter_name>
        <definition>The UTC time and date at the start of the image acquisition, 
            corresponding to the acquisition of preroll_lines at the given exposure prior to the 
            actual image acquisition.
        </definition>
        <DD_Value_Domain>
            <enumeration_flag>false</enumeration_flag>
            <value_data_type>ASCII_Date_Time_YMD</value_data_type>
        </DD_Value_Domain>
    </DD_Attribute>
    
    <DD_Attribute> <!-- producer_institution_name -->
        <name>producer_institution_name</name>
        <version_id>1.0</version_id>
        <local_identifier>kplo.producer_institution_name</local_identifier>
        <nillable_flag>false</nillable_flag>
        <submitter_name>IMG</submitter_name>
        <definition>The producer_institution_name attribute identifies a university,
            research center, NASA center, or other institution associated with the 
            production of a data product.
        </definition>
        <DD_Value_Domain>
            <enumeration_flag>false</enumeration_flag>
            <value_data_type>ASCII_Short_String_Preserved</value_data_type>
        </DD_Value_Domain>
    </DD_Attribute>
    
    <DD_Attribute> <!-- product_version_id -->
        <name>product_version_id</name>
        <version_id>1.0</version_id>
        <local_identifier>kplo.product_version_id</local_identifier>
        <nillable_flag>false</nillable_flag>
        <submitter_name>IMG</submitter_name>
	    <definition>
	        A version specifier to differentiate how the data was processed.
        </definition>
        <DD_Value_Domain>
            <enumeration_flag>false</enumeration_flag>
            <value_data_type>ASCII_Short_String_Collapsed</value_data_type>
        </DD_Value_Domain>
    </DD_Attribute>
    
    <DD_Attribute> <!-- rationale_desc -->
        <name>rationale_desc</name>
        <version_id>1.0</version_id>
        <local_identifier>kplo.rationale_desc</local_identifier>
        <nillable_flag>false</nillable_flag>
        <submitter_name>IMG</submitter_name>
	    <definition>
	        Any available commentary on the goal of the observation. This is created 
	        at planning time, and specific instrument and spacecraft performance may 
	        impact if the resulting image meets the original goal or not.
	    </definition>
        <DD_Value_Domain>
            <enumeration_flag>false</enumeration_flag>
            <value_data_type>ASCII_Text_Preserved</value_data_type>
        </DD_Value_Domain>
    </DD_Attribute>

    <DD_Attribute> <!-- spacecraft_clock_start_count -->
        <name>spacecraft_clock_start_count</name>
        <version_id>1.0</version_id>
        <local_identifier>kplo.spacecraft_clock_start_count</local_identifier>
        <nillable_flag>false</nillable_flag>
        <submitter_name>IMG</submitter_name>
        <definition>The spacecraft_clock_start_count attribute provides the value 
            of the spacecraft clock at the beginning of a time period of 
            interest.
        </definition>
        <DD_Value_Domain>
            <enumeration_flag>false</enumeration_flag>
            <value_data_type>ASCII_Short_String_Collapsed</value_data_type>
            <pattern>([0-9]{1,2}/)?[0-9]{1,10}([:|.][0-9]{1,9})?</pattern>
        </DD_Value_Domain>
    </DD_Attribute>  
    
    <DD_Attribute> <!-- spacecraft_clock_stop_count -->
        <name>spacecraft_clock_stop_count</name>
        <version_id>1.0</version_id>
        <local_identifier>kplo.spacecraft_clock_stop_count</local_identifier>
        <nillable_flag>false</nillable_flag>
        <submitter_name>IMG</submitter_name>
        <definition>The spacecraft_clock_stop_count attribute provides the value of the spacecraft 
            clock at the beginning of a time period of interest.
        </definition>    
        <DD_Value_Domain>
            <enumeration_flag>false</enumeration_flag>
            <value_data_type>ASCII_Short_String_Collapsed</value_data_type>
            <pattern>([0-9]{1,2}/)?[0-9]{1,10}([:|.][0-9]{1,9})?</pattern>
        </DD_Value_Domain>
    </DD_Attribute>

    <DD_Attribute> <!-- start_time_offset --> 
        <name>start_time_offset</name>
        <version_id>1.0</version_id>
        <local_identifier>kplo.start_time_offset</local_identifier>
        <nillable_flag>false</nillable_flag>
        <submitter_name>IMG</submitter_name>
        <definition>
            The time in seconds after the execution time that the first image row started. 
            Use this with execution_spacecraft_time and the KPLO SCLK kernel to get the best 
            available start of the image data.
        </definition>
        <DD_Value_Domain>
            <enumeration_flag>false</enumeration_flag>
            <value_data_type>ASCII_Real</value_data_type>
			<unit_of_measure_type>Units_of_Time</unit_of_measure_type>
        </DD_Value_Domain>
    </DD_Attribute>

    <DD_Attribute> <!-- tdi_direction --> 
        <name>tdi_direction</name>
        <version_id>1.0</version_id>
        <local_identifier>kplo.tdi_direction</local_identifier>
        <nillable_flag>false</nillable_flag>
        <submitter_name>IMG</submitter_name>
	    <definition>
	        The TDI direction of the sensor (A or B). This must match the flight 
	        direction of the spacecraft except for calibration images.
	    </definition>
        <DD_Value_Domain>
            <enumeration_flag>true</enumeration_flag>
            <value_data_type>ASCII_Short_String_Collapsed</value_data_type>
            <DD_Permissible_Value>
                <value>A</value>
                <value_meaning>TDI direction A</value_meaning>
            </DD_Permissible_Value>
            <DD_Permissible_Value>
                <value>B</value>
                <value_meaning>TDI direction B</value_meaning>
            </DD_Permissible_Value>
        </DD_Value_Domain>
    </DD_Attribute>
    
    <DD_Attribute> <!-- temperature_fpa_a --> 
        <name>temperature_fpa_a</name>
        <version_id>1.0</version_id>
        <local_identifier>kplo.temperature_fpa_a</local_identifier>
        <nillable_flag>false</nillable_flag>
        <submitter_name>IMG</submitter_name>
	    <definition>
	        The temperature of the ‘A’ sensor adjacent to the focal plane. This sensor 
	        is located on the heat strap going to the radiator and is the primary 
	        temperature used for calibration.
	    </definition>
        <DD_Value_Domain>
            <enumeration_flag>false</enumeration_flag>
            <value_data_type>ASCII_Real</value_data_type>
            <unit_of_measure_type>Units_of_Temperature</unit_of_measure_type>
        </DD_Value_Domain>
    </DD_Attribute>
    
    <DD_Attribute> <!-- temperature_fpa_b --> 
        <name>temperature_fpa_b</name>
        <version_id>1.0</version_id>
        <local_identifier>kplo.temperature_fpa_b</local_identifier>
        <nillable_flag>false</nillable_flag>
        <submitter_name>IMG</submitter_name>
	    <definition>
	        The temperature of the ‘B’ sensor adjacent to the focal plane. This 
	        sensor is on the opposite side of the TDI sensor from ‘A’, but is not 
	        on the copper strap.
	    </definition>
        <DD_Value_Domain>
            <enumeration_flag>false</enumeration_flag>
            <value_data_type>ASCII_Real</value_data_type>
            <unit_of_measure_type>Units_of_Temperature</unit_of_measure_type>
        </DD_Value_Domain>
    </DD_Attribute>

    <DD_Attribute> <!-- temperature_fpga --> 
        <name>temperature_fpga</name>
        <version_id>1.0</version_id>
        <local_identifier>kplo.temperature_fpga</local_identifier>
        <nillable_flag>false</nillable_flag>
        <submitter_name>IMG</submitter_name>
	    <definition>
	        The temperature reported on the electronics board adjacent to the FPGA.
	    </definition>
        <DD_Value_Domain>
            <enumeration_flag>false</enumeration_flag>
            <value_data_type>ASCII_Real</value_data_type>
            <unit_of_measure_type>Units_of_Temperature</unit_of_measure_type>
        </DD_Value_Domain>
    </DD_Attribute>

    <DD_Attribute> <!-- temperature_telescope --> 
        <name>temperature_telescope</name>
        <version_id>1.0</version_id>
        <local_identifier>kplo.temperature_telescope</local_identifier>
        <nillable_flag>false</nillable_flag>
        <submitter_name>IMG</submitter_name>
	    <definition>
	        The temperature reported from the metering structure of the telescope.
        </definition>    
        <DD_Value_Domain>
            <enumeration_flag>false</enumeration_flag>
            <value_data_type>ASCII_Real</value_data_type>
            <unit_of_measure_type>Units_of_Temperature</unit_of_measure_type>
        </DD_Value_Domain>
    </DD_Attribute>

    <DD_Attribute> <!-- xterm0 -->
        <name>xterm0</name>
        <version_id>1.0</version_id>
        <local_identifier>kplo.xterm0</local_identifier>
        <nillable_flag>false</nillable_flag>
        <submitter_name>IMG</submitter_name>
	    <definition>
	        ShadowCam companding xterm 0 (See appendix in the ShadowCam archive SIS for detailed companding information)
	    </definition>
        <DD_Value_Domain>
            <enumeration_flag>false</enumeration_flag>
            <value_data_type>ASCII_Real</value_data_type>
        </DD_Value_Domain>
    </DD_Attribute>
    
    <DD_Attribute> <!-- xterm1 -->
        <name>xterm1</name>
        <version_id>1.0</version_id>
        <local_identifier>kplo.xterm1</local_identifier>
        <nillable_flag>false</nillable_flag>
        <submitter_name>IMG</submitter_name>
	    <definition>
	        ShadowCam companding xterm 1 (See appendix in the ShadowCam archive SIS for detailed companding information)
	    </definition>
        <DD_Value_Domain>
            <enumeration_flag>false</enumeration_flag>
            <value_data_type>ASCII_Real</value_data_type>
        </DD_Value_Domain>
    </DD_Attribute>
     
    <DD_Attribute> <!-- xterm2 -->
        <name>xterm2</name>
        <version_id>1.0</version_id>
        <local_identifier>kplo.xterm2</local_identifier>
        <nillable_flag>false</nillable_flag>
        <submitter_name>IMG</submitter_name>
	    <definition>
	        ShadowCam companding xterm 2 (See appendix in the ShadowCam archive SIS for detailed companding information)
	    </definition>
        <DD_Value_Domain>
            <enumeration_flag>false</enumeration_flag>
            <value_data_type>ASCII_Real</value_data_type>
        </DD_Value_Domain>
    </DD_Attribute>
     
    <DD_Attribute> <!-- xterm3 -->
        <name>xterm3</name>
        <version_id>1.0</version_id>
        <local_identifier>kplo.xterm3</local_identifier>
        <nillable_flag>false</nillable_flag>
        <submitter_name>IMG</submitter_name>
	    <definition>
	        ShadowCam companding xterm 3 (See appendix in the ShadowCam archive SIS for detailed companding information)
	    </definition>
        <DD_Value_Domain>
            <enumeration_flag>false</enumeration_flag>
            <value_data_type>ASCII_Real</value_data_type>
        </DD_Value_Domain>
    </DD_Attribute>
    
    <DD_Attribute> <!-- xterm4 -->
        <name>xterm4</name>
        <version_id>1.0</version_id>
        <local_identifier>kplo.xterm4</local_identifier>
        <nillable_flag>false</nillable_flag>
        <submitter_name>IMG</submitter_name>
	    <definition>
	        ShadowCam companding xterm 4 (See appendix in the ShadowCam archive SIS for detailed companding information)
	    </definition>
        <DD_Value_Domain>
            <enumeration_flag>false</enumeration_flag>
            <value_data_type>ASCII_Real</value_data_type>
        </DD_Value_Domain>
    </DD_Attribute>

<!-- End of attribute definitions -->

<!-- Beginning of class definitions in order from innermost to outermost -->

    <!-- Beginning of SHADOWCAM_Parameters Class definition with attributes in the order as they appear in the label -->
    <DD_Class> <!-- SHADOWCAM_Parameters -->
        <name>SHADOWCAM_Parameters</name>
        <version_id>1.0</version_id>
        <local_identifier>kplo.SHADOWCAM_Parameters</local_identifier>
        <submitter_name>IMG</submitter_name>
        <definition>The SHADOWCAM_Parameters class is the container for ShadowCam-specific observation parameters.</definition>
        <DD_Association>
            <identifier_reference>kplo.rationale_desc</identifier_reference>
            <reference_type>attribute_of</reference_type>
            <minimum_occurrences>0</minimum_occurrences>
            <maximum_occurrences>1</maximum_occurrences>
        </DD_Association>
        <DD_Association>
            <identifier_reference>kplo.data_quality_id</identifier_reference>
            <reference_type>attribute_of</reference_type>
            <minimum_occurrences>0</minimum_occurrences>
            <maximum_occurrences>1</maximum_occurrences>
        </DD_Association>
        <DD_Association>
            <identifier_reference>kplo.data_quality_desc</identifier_reference>
            <reference_type>attribute_of</reference_type>
            <minimum_occurrences>0</minimum_occurrences>
            <maximum_occurrences>1</maximum_occurrences>
        </DD_Association>
         <DD_Association>
            <identifier_reference>kplo.dqi_corruption_detected</identifier_reference>
            <reference_type>attribute_of</reference_type>
            <minimum_occurrences>0</minimum_occurrences>
            <maximum_occurrences>1</maximum_occurrences>
        </DD_Association>
        <DD_Association>
            <identifier_reference>kplo.dqi_fpa_out_of_bounds</identifier_reference>
            <reference_type>attribute_of</reference_type>
            <minimum_occurrences>0</minimum_occurrences>
            <maximum_occurrences>1</maximum_occurrences>
        </DD_Association>
         <DD_Association>
            <identifier_reference>kplo.dqi_under_saturated</identifier_reference>
            <reference_type>attribute_of</reference_type>
            <minimum_occurrences>0</minimum_occurrences>
            <maximum_occurrences>1</maximum_occurrences>
        </DD_Association>
         <DD_Association>
            <identifier_reference>kplo.dqi_missing_data</identifier_reference>
            <reference_type>attribute_of</reference_type>
            <minimum_occurrences>0</minimum_occurrences>
            <maximum_occurrences>1</maximum_occurrences>
        </DD_Association>
         <DD_Association>
            <identifier_reference>kplo.dqi_missing_spice</identifier_reference>
            <reference_type>attribute_of</reference_type>
            <minimum_occurrences>0</minimum_occurrences>
            <maximum_occurrences>1</maximum_occurrences>
        </DD_Association>
         <DD_Association>
            <identifier_reference>kplo.dqi_uncalibratable</identifier_reference>
            <reference_type>attribute_of</reference_type>
            <minimum_occurrences>0</minimum_occurrences>
            <maximum_occurrences>1</maximum_occurrences>
        </DD_Association>
         <DD_Association>
            <identifier_reference>kplo.execution_spacecraft_time</identifier_reference>
            <reference_type>attribute_of</reference_type>
            <minimum_occurrences>0</minimum_occurrences>
            <maximum_occurrences>1</maximum_occurrences>
        </DD_Association>
         <DD_Association>
            <identifier_reference>kplo.execution_time</identifier_reference>
            <reference_type>attribute_of</reference_type>
            <minimum_occurrences>0</minimum_occurrences>
            <maximum_occurrences>1</maximum_occurrences>
        </DD_Association>
         <DD_Association>
            <identifier_reference>kplo.start_time_offset</identifier_reference>
            <reference_type>attribute_of</reference_type>
            <minimum_occurrences>0</minimum_occurrences>
            <maximum_occurrences>1</maximum_occurrences>
        </DD_Association>
         <DD_Association>
            <identifier_reference>kplo.preroll_time</identifier_reference>
            <reference_type>attribute_of</reference_type>
            <minimum_occurrences>0</minimum_occurrences>
            <maximum_occurrences>1</maximum_occurrences>
        </DD_Association>
         <DD_Association>
            <identifier_reference>kplo.temperature_fpa_a</identifier_reference>
            <reference_type>attribute_of</reference_type>
            <minimum_occurrences>0</minimum_occurrences>
            <maximum_occurrences>1</maximum_occurrences>
        </DD_Association>
         <DD_Association>
            <identifier_reference>kplo.temperature_fpa_b</identifier_reference>
            <reference_type>attribute_of</reference_type>
            <minimum_occurrences>0</minimum_occurrences>
            <maximum_occurrences>1</maximum_occurrences>
        </DD_Association>
         <DD_Association>
            <identifier_reference>kplo.temperature_fpga</identifier_reference>
            <reference_type>attribute_of</reference_type>
            <minimum_occurrences>0</minimum_occurrences>
            <maximum_occurrences>1</maximum_occurrences>
        </DD_Association>
         <DD_Association>
            <identifier_reference>kplo.temperature_telescope</identifier_reference>
            <reference_type>attribute_of</reference_type>
            <minimum_occurrences>0</minimum_occurrences>
            <maximum_occurrences>1</maximum_occurrences>
        </DD_Association>
         <DD_Association>
            <identifier_reference>kplo.line_rate_ms</identifier_reference>
            <reference_type>attribute_of</reference_type>
            <minimum_occurrences>0</minimum_occurrences>
            <maximum_occurrences>1</maximum_occurrences>
        </DD_Association>
         <DD_Association>
            <identifier_reference>kplo.line_rate_code</identifier_reference>
            <reference_type>attribute_of</reference_type>
            <minimum_occurrences>0</minimum_occurrences>
            <maximum_occurrences>1</maximum_occurrences>
        </DD_Association>
         <DD_Association>
            <identifier_reference>kplo.klines</identifier_reference>
            <reference_type>attribute_of</reference_type>
            <minimum_occurrences>0</minimum_occurrences>
            <maximum_occurrences>1</maximum_occurrences>
        </DD_Association>
         <DD_Association>
            <identifier_reference>kplo.preroll_lines</identifier_reference>
            <reference_type>attribute_of</reference_type>
            <minimum_occurrences>0</minimum_occurrences>
            <maximum_occurrences>1</maximum_occurrences>
        </DD_Association>
         <DD_Association>
            <identifier_reference>kplo.bterm1</identifier_reference>
            <reference_type>attribute_of</reference_type>
            <minimum_occurrences>0</minimum_occurrences>
            <maximum_occurrences>1</maximum_occurrences>
        </DD_Association>
         <DD_Association>
            <identifier_reference>kplo.bterm2</identifier_reference>
            <reference_type>attribute_of</reference_type>
            <minimum_occurrences>0</minimum_occurrences>
            <maximum_occurrences>1</maximum_occurrences>
        </DD_Association>
         <DD_Association>
            <identifier_reference>kplo.bterm3</identifier_reference>
            <reference_type>attribute_of</reference_type>
            <minimum_occurrences>0</minimum_occurrences>
            <maximum_occurrences>1</maximum_occurrences>
        </DD_Association>
         <DD_Association>
            <identifier_reference>kplo.bterm4</identifier_reference>
            <reference_type>attribute_of</reference_type>
            <minimum_occurrences>0</minimum_occurrences>
            <maximum_occurrences>1</maximum_occurrences>
        </DD_Association>
         <DD_Association>
            <identifier_reference>kplo.bterm5</identifier_reference>
            <reference_type>attribute_of</reference_type>
            <minimum_occurrences>0</minimum_occurrences>
            <maximum_occurrences>1</maximum_occurrences>
        </DD_Association>
         <DD_Association>
            <identifier_reference>kplo.xterm0</identifier_reference>
            <reference_type>attribute_of</reference_type>
            <minimum_occurrences>0</minimum_occurrences>
            <maximum_occurrences>1</maximum_occurrences>
        </DD_Association>
         <DD_Association>
            <identifier_reference>kplo.xterm1</identifier_reference>
            <reference_type>attribute_of</reference_type>
            <minimum_occurrences>0</minimum_occurrences>
            <maximum_occurrences>1</maximum_occurrences>
        </DD_Association>
         <DD_Association>
            <identifier_reference>kplo.xterm2</identifier_reference>
            <reference_type>attribute_of</reference_type>
            <minimum_occurrences>0</minimum_occurrences>
            <maximum_occurrences>1</maximum_occurrences>
        </DD_Association>
         <DD_Association>
            <identifier_reference>kplo.xterm3</identifier_reference>
            <reference_type>attribute_of</reference_type>
            <minimum_occurrences>0</minimum_occurrences>
            <maximum_occurrences>1</maximum_occurrences>
        </DD_Association>
         <DD_Association>
            <identifier_reference>kplo.xterm4</identifier_reference>
            <reference_type>attribute_of</reference_type>
            <minimum_occurrences>0</minimum_occurrences>
            <maximum_occurrences>1</maximum_occurrences>
        </DD_Association>
         <DD_Association>
            <identifier_reference>kplo.mode_test</identifier_reference>
            <reference_type>attribute_of</reference_type>
            <minimum_occurrences>0</minimum_occurrences>
            <maximum_occurrences>1</maximum_occurrences>
        </DD_Association>
         <DD_Association>
            <identifier_reference>kplo.tdi_direction</identifier_reference>
            <reference_type>attribute_of</reference_type>
            <minimum_occurrences>0</minimum_occurrences>
            <maximum_occurrences>1</maximum_occurrences>
        </DD_Association>
         <DD_Association>
            <identifier_reference>kplo.gain_ch0</identifier_reference>
            <reference_type>attribute_of</reference_type>
            <minimum_occurrences>0</minimum_occurrences>
            <maximum_occurrences>1</maximum_occurrences>
        </DD_Association>
         <DD_Association>
            <identifier_reference>kplo.gain_ch1</identifier_reference>
            <reference_type>attribute_of</reference_type>
            <minimum_occurrences>0</minimum_occurrences>
            <maximum_occurrences>1</maximum_occurrences>
        </DD_Association>
         <DD_Association>
            <identifier_reference>kplo.gain_ch2</identifier_reference>
            <reference_type>attribute_of</reference_type>
            <minimum_occurrences>0</minimum_occurrences>
            <maximum_occurrences>1</maximum_occurrences>
        </DD_Association>
         <DD_Association>
            <identifier_reference>kplo.gain_ch3</identifier_reference>
            <reference_type>attribute_of</reference_type>
            <minimum_occurrences>0</minimum_occurrences>
            <maximum_occurrences>1</maximum_occurrences>
        </DD_Association>
         <DD_Association>
            <identifier_reference>kplo.gain_ch4</identifier_reference>
            <reference_type>attribute_of</reference_type>
            <minimum_occurrences>0</minimum_occurrences>
            <maximum_occurrences>1</maximum_occurrences>
        </DD_Association>
         <DD_Association>
            <identifier_reference>kplo.gain_ch5</identifier_reference>
            <reference_type>attribute_of</reference_type>
            <minimum_occurrences>0</minimum_occurrences>
            <maximum_occurrences>1</maximum_occurrences>
        </DD_Association>
         <DD_Association>
            <identifier_reference>kplo.offset_ch0</identifier_reference>
            <reference_type>attribute_of</reference_type>
            <minimum_occurrences>0</minimum_occurrences>
            <maximum_occurrences>1</maximum_occurrences>
        </DD_Association>
         <DD_Association>
            <identifier_reference>kplo.offset_ch1</identifier_reference>
            <reference_type>attribute_of</reference_type>
            <minimum_occurrences>0</minimum_occurrences>
            <maximum_occurrences>1</maximum_occurrences>
        </DD_Association>
         <DD_Association>
            <identifier_reference>kplo.offset_ch2</identifier_reference>
            <reference_type>attribute_of</reference_type>
            <minimum_occurrences>0</minimum_occurrences>
            <maximum_occurrences>1</maximum_occurrences>
        </DD_Association>
         <DD_Association>
            <identifier_reference>kplo.offset_ch3</identifier_reference>
            <reference_type>attribute_of</reference_type>
            <minimum_occurrences>0</minimum_occurrences>
            <maximum_occurrences>1</maximum_occurrences>
        </DD_Association>
         <DD_Association>
            <identifier_reference>kplo.offset_ch4</identifier_reference>
            <reference_type>attribute_of</reference_type>
            <minimum_occurrences>0</minimum_occurrences>
            <maximum_occurrences>1</maximum_occurrences>
        </DD_Association>
         <DD_Association>
            <identifier_reference>kplo.offset_ch5</identifier_reference>
            <reference_type>attribute_of</reference_type>
            <minimum_occurrences>0</minimum_occurrences>
            <maximum_occurrences>1</maximum_occurrences>
        </DD_Association>
         <DD_Association>
            <identifier_reference>kplo.bias_spread</identifier_reference>
            <reference_type>attribute_of</reference_type>
            <minimum_occurrences>0</minimum_occurrences>
            <maximum_occurrences>1</maximum_occurrences>
        </DD_Association>
         <DD_Association>
            <identifier_reference>kplo.bias_spread_ch0</identifier_reference>
            <reference_type>attribute_of</reference_type>
            <minimum_occurrences>0</minimum_occurrences>
            <maximum_occurrences>1</maximum_occurrences>
        </DD_Association>
         <DD_Association>
            <identifier_reference>kplo.bias_spread_ch1</identifier_reference>
            <reference_type>attribute_of</reference_type>
            <minimum_occurrences>0</minimum_occurrences>
            <maximum_occurrences>1</maximum_occurrences>
        </DD_Association>
         <DD_Association>
            <identifier_reference>kplo.bias_spread_ch2</identifier_reference>
            <reference_type>attribute_of</reference_type>
            <minimum_occurrences>0</minimum_occurrences>
            <maximum_occurrences>1</maximum_occurrences>
        </DD_Association>
         <DD_Association>
            <identifier_reference>kplo.bias_spread_ch3</identifier_reference>
            <reference_type>attribute_of</reference_type>
            <minimum_occurrences>0</minimum_occurrences>
            <maximum_occurrences>1</maximum_occurrences>
        </DD_Association>
         <DD_Association>
            <identifier_reference>kplo.bias_spread_ch4</identifier_reference>
            <reference_type>attribute_of</reference_type>
            <minimum_occurrences>0</minimum_occurrences>
            <maximum_occurrences>1</maximum_occurrences>
        </DD_Association>
         <DD_Association>
            <identifier_reference>kplo.bias_spread_ch5</identifier_reference>
            <reference_type>attribute_of</reference_type>
            <minimum_occurrences>0</minimum_occurrences>
            <maximum_occurrences>1</maximum_occurrences>
        </DD_Association>
         <DD_Association>
            <identifier_reference>kplo.data_quality_desc</identifier_reference>
            <reference_type>attribute_of</reference_type>
            <minimum_occurrences>0</minimum_occurrences>
            <maximum_occurrences>1</maximum_occurrences>
        </DD_Association>
     </DD_Class>
    <!-- End of SHADOWCAM_Parameters Class definition -->

    <!-- Beginning of LUTI_Parameters Class definition -->

    <DD_Class>
        <name>LUTI_Parameters</name>
        <version_id>1.0</version_id>
        <local_identifier>kplo.LUTI_Parameters</local_identifier>
        <submitter_name>IMG</submitter_name>
        <definition>The LUTI_Parameters class is the container for Lunar Terrain Imager A and B specific observation parameters.</definition>
        <DD_Association>
            <identifier_reference>kplo.rationale_desc</identifier_reference>
            <reference_type>attribute_of</reference_type>
            <minimum_occurrences>0</minimum_occurrences>
            <maximum_occurrences>1</maximum_occurrences>
        </DD_Association>
        <DD_Association>
            <identifier_reference>kplo.luti_target_type</identifier_reference>
            <reference_type>attribute_of</reference_type>
            <minimum_occurrences>0</minimum_occurrences>
            <maximum_occurrences>*</maximum_occurrences>
        </DD_Association>
        <DD_Association>
            <identifier_reference>kplo.luti_target_name</identifier_reference>
            <reference_type>attribute_of</reference_type>
            <minimum_occurrences>0</minimum_occurrences>
            <maximum_occurrences>*</maximum_occurrences>
        </DD_Association>
        <DD_Association>
            <identifier_reference>kplo.frame_id</identifier_reference>
            <reference_type>attribute_of</reference_type>
            <minimum_occurrences>0</minimum_occurrences>
            <maximum_occurrences>1</maximum_occurrences>
        </DD_Association>
        <DD_Association>
            <identifier_reference>kplo.luti_constant_time_offset</identifier_reference>
            <reference_type>attribute_of</reference_type>
            <minimum_occurrences>0</minimum_occurrences>
            <maximum_occurrences>1</maximum_occurrences>
        </DD_Association>
        <DD_Association>
            <identifier_reference>kplo.spacecraft_clock_start_count</identifier_reference>
            <reference_type>attribute_of</reference_type>
            <minimum_occurrences>0</minimum_occurrences>
            <maximum_occurrences>1</maximum_occurrences>
        </DD_Association>
        <DD_Association>
            <identifier_reference>kplo.spacecraft_clock_stop_count</identifier_reference>
            <reference_type>attribute_of</reference_type>
            <minimum_occurrences>0</minimum_occurrences>
            <maximum_occurrences>1</maximum_occurrences>
        </DD_Association>
        <DD_Association>
            <identifier_reference>kplo.line_integration_time</identifier_reference>
            <reference_type>attribute_of</reference_type>
            <minimum_occurrences>0</minimum_occurrences>
            <maximum_occurrences>1</maximum_occurrences>
        </DD_Association>
        <DD_Association>
            <identifier_reference>kplo.ccd_direction</identifier_reference>
            <reference_type>attribute_of</reference_type>
            <minimum_occurrences>0</minimum_occurrences>
            <maximum_occurrences>1</maximum_occurrences>
        </DD_Association>
        <DD_Association>
            <identifier_reference>kplo.bit_selection</identifier_reference>
            <reference_type>attribute_of</reference_type>
            <minimum_occurrences>0</minimum_occurrences>
            <maximum_occurrences>1</maximum_occurrences>
        </DD_Association>
        <DD_Association>
            <identifier_reference>kplo.pre_scan_mode_selection</identifier_reference>
            <reference_type>attribute_of</reference_type>
            <minimum_occurrences>0</minimum_occurrences>
            <maximum_occurrences>1</maximum_occurrences>
        </DD_Association>
        <DD_Association>
            <identifier_reference>kplo.luti_quality_id</identifier_reference>
            <reference_type>attribute_of</reference_type>
            <minimum_occurrences>0</minimum_occurrences>
            <maximum_occurrences>1</maximum_occurrences>
        </DD_Association>
    </DD_Class>

    <!-- End of LUTI_Parameters Class definition -->
    

    <!-- Beginning of KPLO_Parameters Class definition with attributes in the order as they appear in the label -->
    <DD_Class> <!-- KPLO_Parameters -->
        <name>KPLO_Parameters</name>
        <version_id>1.0</version_id>
        <local_identifier>kplo.KPLO_Parameters</local_identifier>
        <submitter_name>IMG</submitter_name>
        <definition>The KPLO_Parameters class is the container for mission-specific metadata elements.</definition>
        <abstract_flag>false</abstract_flag>
        <element_flag>true</element_flag>
        <DD_Association>
            <identifier_reference>kplo.product_version_id</identifier_reference>
            <reference_type>attribute_of</reference_type>
            <minimum_occurrences>0</minimum_occurrences>
            <maximum_occurrences>1</maximum_occurrences>
        </DD_Association>
        <DD_Association>
            <identifier_reference>kplo.mission_phase_name</identifier_reference>
            <reference_type>attribute_of</reference_type>
            <minimum_occurrences>0</minimum_occurrences>
            <maximum_occurrences>unbounded</maximum_occurrences>
        </DD_Association>
        <DD_Association>
            <identifier_reference>kplo.orbit_number</identifier_reference>
            <reference_type>attribute_of</reference_type>
            <minimum_occurrences>0</minimum_occurrences>
            <maximum_occurrences>1</maximum_occurrences>
        </DD_Association>
        <DD_Association>
            <identifier_reference>kplo.producer_institution_name</identifier_reference>
            <reference_type>attribute_of</reference_type>
            <minimum_occurrences>0</minimum_occurrences>
            <maximum_occurrences>1</maximum_occurrences>
        </DD_Association>
        <DD_Association>
            <identifier_reference>kplo.SHADOWCAM_Parameters</identifier_reference>
            <reference_type>component_of</reference_type>
            <minimum_occurrences>0</minimum_occurrences>
            <maximum_occurrences>1</maximum_occurrences>
        </DD_Association>
        <DD_Association>
            <identifier_reference>kplo.LUTI_Parameters</identifier_reference>
            <reference_type>component_of</reference_type>
            <minimum_occurrences>0</minimum_occurrences>
            <maximum_occurrences>1</maximum_occurrences>
        </DD_Association>
    </DD_Class>
    <!-- End of KPLO_Parameters Class definition -->
    <!-- End of class definitions -->
    
</Ingest_LDD>
