<?xml version="1.0" encoding="UTF-8"?>
<?xml-model
    href="http://pds.nasa.gov/pds4/pds/v1/PDS4_PDS_1101.sch"
    schematypens="http://purl.oclc.org/dsdl/schematron"?>

  <!-- PDS4 Local Data Dictionary Extended Ingest File -->
  <!-- (Contains Schematron rules and native units definitions.) -->
  <!-- Generated 2013-11-18T22:49:15Z by eduxbury using mk_img_ldd.pl 
       from the Imaging Node MySQL img_ldd database -->

<Ingest_LDD
    xmlns="http://pds.nasa.gov/pds4/pds/v1"
    xmlns:xsi="http://www.w3.org/2001/XMLSchema-instance"
    xsi:schemaLocation="http://pds.nasa.gov/pds4/pds/v1 
        http://pds.nasa.gov/pds4/pds/v1/PDS4_PDS_1101.xsd ">

  <name>Imaging</name>
  <ldd_version_id>1.1.0.0</ldd_version_id>
  <full_name>Elizabeth D. Rye</full_name>
  <steward_id>img</steward_id>
  <namespace_id>img</namespace_id>
  <comment>This dictionary contains high level classes and attributes used in imaging and spectrometer products.  It also contains classes with attributes used during active mission operations.  Many of these classes are designed to be extended into local mission dictionaries.</comment>
  <last_modification_date_time>2013-11-18T22:49:15Z</last_modification_date_time>

  <DD_Attribute>
    <name>command_sequence_number</name>
    <version_id>1.0</version_id>
    <local_identifier>img.command_sequence_number</local_identifier>
    <nillable_flag>false</nillable_flag>
    <submitter_name>E. Rye</submitter_name>
    <definition>The command_sequence_number attribute provides a numeric identifier for a sequence of commands sent to a spacecraft or instrument.</definition>
    <DD_Value_Domain>
      <enumeration_flag>false</enumeration_flag>
      <value_data_type>ASCII_Integer</value_data_type>
      <minimum_value>0</minimum_value>
      <unit_of_measure_type>Units_of_None</unit_of_measure_type>
    </DD_Value_Domain>
  </DD_Attribute>

  <DD_Attribute>
    <name>downlink_telemetry_protocol_type</name>
    <version_id>1.0</version_id>
    <local_identifier>img.downlink_telemetry_protocol_type</local_identifier>
    <nillable_flag>false</nillable_flag>
    <submitter_name>Elizabeth D. Rye</submitter_name>
    <definition>The downlink_telemetry_protocol_type attribute specifies the protocol used by the source of a telemetry stream for creating telemetry data products.</definition>
    <Terminological_Entry>
      <name>TELEMETRY_SOURCE_TYPE</name>
      <definition>The TELEMETRY_SOURCE_TYPE element classifies the source of the telemetry used in creation of this data set.</definition>
      <language>English</language>
      <preferred_flag>false</preferred_flag>
    </Terminological_Entry>
    <Terminological_Entry>
      <name>MSL:TELEMETRY_SOURCE_TYPE</name>
      <definition>The MSL:TELEMETRY_SOURCE_TYPE element specifies the classification of the source of the telemetry used in creating this data set.</definition>
      <language>English</language>
      <preferred_flag>false</preferred_flag>
    </Terminological_Entry>
    <DD_Value_Domain>
      <enumeration_flag>true</enumeration_flag>
      <value_data_type>ASCII_Short_String_Collapsed</value_data_type>
      <unit_of_measure_type>Units_of_None</unit_of_measure_type>
      <DD_Permissible_Value>
        <value>SFDU</value>
        <value_meaning>Standard Formatted Data Unit; used by Cassini, Phoenix, Insight</value_meaning>
      </DD_Permissible_Value>
      <DD_Permissible_Value>
        <value>Data Product</value>
        <value_meaning>Data Product file delivery protocol; used by MER and MSL.</value_meaning>
      </DD_Permissible_Value>
      <DD_Permissible_Value>
        <value>CFDP</value>
        <value_meaning>CCSDS File Delivery Protocol; used by MRO, Juno</value_meaning>
      </DD_Permissible_Value>
    </DD_Value_Domain>
  </DD_Attribute>

  <DD_Attribute>
    <name>telemetry_application_id</name>
    <version_id>0.1</version_id>
    <local_identifier>img.telemetry_application_id</local_identifier>
    <nillable_flag>false</nillable_flag>
    <submitter_name>Elizabeth D. Rye</submitter_name>
    <definition>The telemetry_application_id attribute identifies the process, or source, which created the data.  This can include information such as an identification of the instrument which generated the telemetry stream, its operating mode at the time of data acquisition, and any onboard compression of the data.</definition>
    <Terminological_Entry>
      <name>TELEMETRY_FORMAT_ID</name>
      <definition>The TELEMETRY_FORMAT_ID element supplies a telemetry format code.</definition>
      <language>English</language>
      <preferred_flag>false</preferred_flag>
    </Terminological_Entry>
    <Terminological_Entry>
      <name>APPLICATION_PROCESS_ID</name>
      <definition>The APPLICATION_PROCESS_ID identifies the process, or source, which created the data.</definition>
      <language>English</language>
      <preferred_flag>false</preferred_flag>
    </Terminological_Entry>
    <Terminological_Entry>
      <name>APPLICATION_PACKET_ID</name>
      <definition>The application_packet_id element identifies the telemetry packet queue to which the data were directed.</definition>
      <language>English</language>
      <preferred_flag>false</preferred_flag>
    </Terminological_Entry>
    <Terminological_Entry>
      <name>TELEMETRY_APPLICATION_ID</name>
      <definition>The TELEMETRY_APPLICATION_ID element is used to link a data product (file) to a given application or structure description, when multiple formats exist within a single telemetry format.</definition>
      <language>English</language>
      <preferred_flag>false</preferred_flag>
    </Terminological_Entry>
    <DD_Value_Domain>
      <enumeration_flag>false</enumeration_flag>
      <value_data_type>ASCII_Integer</value_data_type>
      <minimum_value>0</minimum_value>
      <unit_of_measure_type>Units_of_None</unit_of_measure_type>
    </DD_Value_Domain>
  </DD_Attribute>

  <DD_Attribute>
    <name>telemetry_application_name</name>
    <version_id>0.1</version_id>
    <local_identifier>img.telemetry_application_name</local_identifier>
    <nillable_flag>false</nillable_flag>
    <submitter_name>Elizabeth D. Rye</submitter_name>
    <definition>The telemetry_application_name attribute provides the name associated with the source or process which created the data.</definition>
    <Terminological_Entry>
      <name>APPLICATION_PROCESS_NAME</name>
      <definition>The APPLICATION_PROCESS_NAME element provides the name associated with the source or process which created the data.</definition>
      <language>English</language>
      <preferred_flag>false</preferred_flag>
    </Terminological_Entry>
    <Terminological_Entry>
      <name>APPLICATION_PACKET_NAME</name>
      <definition>The application_packet_name element provides the name associated with the telemetry packet queue to which data were directed.

Note:  For Mars Pathfinder, the queues were distinguished on the basis of type and priority of data.</definition>
      <language>English</language>
      <preferred_flag>false</preferred_flag>
    </Terminological_Entry>
    <DD_Value_Domain>
      <enumeration_flag>false</enumeration_flag>
      <value_data_type>ASCII_Short_String_Collapsed</value_data_type>
      <unit_of_measure_type>Units_of_None</unit_of_measure_type>
    </DD_Value_Domain>
  </DD_Attribute>

  <DD_Attribute>
    <name>telemetry_application_subtype_id</name>
    <version_id>1.0</version_id>
    <local_identifier>img.telemetry_application_subtype_id</local_identifier>
    <nillable_flag>false</nillable_flag>
    <submitter_name>Elizabeth D. Rye</submitter_name>
    <definition>The telemetry_application_subtype_id attribute provides further distinction (i.e., greater specificity) among telemetry_application_id types.</definition>
    <Terminological_Entry>
      <name>APPLICATION_PROCESS_SUBTYPE_ID</name>
      <definition>The APPLICATION_PROCESS_SUBTYPE_ID element identifies the source or subprocess that created the data.</definition>
      <language>English</language>
      <preferred_flag>false</preferred_flag>
    </Terminological_Entry>
    <Terminological_Entry>
      <name>TELEMETRY_FMT_EXTENSION_TYPE</name>
      <definition>The TELEMETRY_FMT_EXTENSION_TYPE element provides additional information about what kind of telemetry was collected during scene looks versus calibration looks. Valid values are:
	LONG (Scene: Long Telemetry, Calibration: Long Telemetry)
	SHORT (Scene: Short Telemetry, Calibration: Short Telemetry)
	MIXED (Scene: Short Telemetry, Calibration: Long Telemetry)</definition>
      <language>English</language>
      <preferred_flag>false</preferred_flag>
    </Terminological_Entry>
    <DD_Value_Domain>
      <enumeration_flag>false</enumeration_flag>
      <value_data_type>ASCII_Short_String_Collapsed</value_data_type>
      <unit_of_measure_type>Units_of_None</unit_of_measure_type>
    </DD_Value_Domain>
  </DD_Attribute>

  <DD_Attribute>
    <name>telemetry_provider_id</name>
    <version_id>1.0</version_id>
    <local_identifier>img.telemetry_provider_id</local_identifier>
    <nillable_flag>false</nillable_flag>
    <submitter_name>Elizabeth D. Rye</submitter_name>
    <definition>The telemetry_provider_id attribute identifies the organization or subsystem that supplied the telemetry data product to the producer of the raw (EDR) PDS data product.  This is typically (but not always) the organization responsible for reassembling packetized data into a single product.</definition>
    <Terminological_Entry>
      <name>TELEMETRY_PROVIDER_ID</name>
      <definition>The TELEMETRY_PROVIDER_ID element identifies the provider and or version of the telemetry data used in the generation of this data.</definition>
      <language>English</language>
      <preferred_flag>false</preferred_flag>
    </Terminological_Entry>
    <Terminological_Entry>
      <name>TELEMETRY_PROVIDER_TYPE</name>
      <definition>The TELEMETRY_PROVIDER_TYPE element classifies the source of the telemetry used in creation of this data set.</definition>
      <language>English</language>
      <preferred_flag>false</preferred_flag>
    </Terminological_Entry>
    <DD_Value_Domain>
      <enumeration_flag>true</enumeration_flag>
      <value_data_type>ASCII_Short_String_Collapsed</value_data_type>
      <maximum_characters>20</maximum_characters>
      <unit_of_measure_type>Units_of_None</unit_of_measure_type>
      <DD_Permissible_Value>
        <value>MPCS</value>
        <value_meaning>Mission data Processing and Control System (used by MSL)</value_meaning>
      </DD_Permissible_Value>
      <DD_Permissible_Value>
        <value>FDM</value>
        <value_meaning>Front end Data Manager (used by JUNO and MRO)</value_meaning>
      </DD_Permissible_Value>
      <DD_Permissible_Value>
        <value>TTACS</value>
        <value_meaning>Test Telemetry And Command Subsystem</value_meaning>
      </DD_Permissible_Value>
      <DD_Permissible_Value>
        <value>TDS</value>
        <value_meaning>The DSN's Telemetry Data (or Delivery) System (alternately, "Telemetry Data Staging")</value_meaning>
      </DD_Permissible_Value>
    </DD_Value_Domain>
  </DD_Attribute>

  <DD_Attribute>
    <name>earth_received_start_date_time</name>
    <version_id>0.1</version_id>
    <local_identifier>img.earth_received_start_date_time</local_identifier>
    <nillable_flag>false</nillable_flag>
    <submitter_name>Elizabeth D. Rye</submitter_name>
    <definition>The earth_received_start_date_time attribute provides the earliest time at which any component telemetry data for a particular product was received.</definition>
    <Terminological_Entry>
      <name>EARTH_RECEIVED_START_TIME</name>
      <definition>The earth_received_start_time element provides the beginning time at which telemetry was received during a time period of interest.  This should be represented in UTC system format. See also earth_received_time.</definition>
      <language>English</language>
      <preferred_flag>false</preferred_flag>
    </Terminological_Entry>
    <Terminological_Entry>
      <name>EARTH_RECEIVED_TIME</name>
      <definition>The earth_received_time element provides the time at which telemetry was received on earth. This should be represented in the UTC system format.  For real time data, the difference between this time and the spacecraft_event_time is the signal travel time from the spacecraft to earth.

Formation rule: YYYY-MM-DDThh:mm:ss[.fff]</definition>
      <language>English</language>
      <preferred_flag>false</preferred_flag>
    </Terminological_Entry>
    <DD_Value_Domain>
      <enumeration_flag>false</enumeration_flag>
      <value_data_type>ASCII_Date_Time_UTC</value_data_type>
      <formation_rule>yyyy-mm-ddThh:mm:ss.sssZ</formation_rule>
      <unit_of_measure_type>Units_of_None</unit_of_measure_type>
    </DD_Value_Domain>
  </DD_Attribute>

  <DD_Attribute>
    <name>earth_received_stop_date_time</name>
    <version_id>0.1</version_id>
    <local_identifier>img.earth_received_stop_date_time</local_identifier>
    <nillable_flag>false</nillable_flag>
    <submitter_name>Elizabeth D. Rye</submitter_name>
    <definition>The earth_received_stop_date_time attribute provides the latest time at which any component telemetry data for a particular product was received.</definition>
    <Terminological_Entry>
      <name>EARTH_RECEIVED_STOP_TIME</name>
      <definition>The earth_received_stop_time element provides the ending time for receiving telemetry  during a time period of interest.  This should be represented in the UTC system format. See also earth_received_time.</definition>
      <language>English</language>
      <preferred_flag>false</preferred_flag>
    </Terminological_Entry>
    <DD_Value_Domain>
      <enumeration_flag>false</enumeration_flag>
      <value_data_type>ASCII_Date_Time_UTC</value_data_type>
      <formation_rule>yyyy-mm-ddThh:mm:ss.sssZ</formation_rule>
      <unit_of_measure_type>Units_of_None</unit_of_measure_type>
    </DD_Value_Domain>
  </DD_Attribute>

  <DD_Attribute>
    <name>crosstrack_summing</name>
    <version_id>1.0</version_id>
    <local_identifier>img.crosstrack_summing</local_identifier>
    <nillable_flag>false</nillable_flag>
    <submitter_name>Elizabeth D. Rye</submitter_name>
    <definition>The crosstrack_summing attribute provides the number of detector pixel values in the crosstrack direction that have been averaged to produce the final output pixel.</definition>
    <DD_Value_Domain>
      <enumeration_flag>false</enumeration_flag>
      <value_data_type>ASCII_Integer</value_data_type>
      <minimum_value>1</minimum_value>
      <maximum_value>127</maximum_value>
      <unit_of_measure_type>Units_of_None</unit_of_measure_type>
    </DD_Value_Domain>
  </DD_Attribute>

  <DD_Attribute>
    <name>downtrack_summing</name>
    <version_id>1.0</version_id>
    <local_identifier>img.downtrack_summing</local_identifier>
    <nillable_flag>false</nillable_flag>
    <submitter_name>Elizabeth D. Rye</submitter_name>
    <definition>The downtrack_summing attribute provides the number of detector pixel values in the downtrack direction that have been averaged to produce the final output pixel.</definition>
    <DD_Value_Domain>
      <enumeration_flag>false</enumeration_flag>
      <value_data_type>ASCII_Integer</value_data_type>
      <minimum_value>1</minimum_value>
      <maximum_value>127</maximum_value>
      <unit_of_measure_type>Units_of_None</unit_of_measure_type>
    </DD_Value_Domain>
  </DD_Attribute>

  <DD_Attribute>
    <name>exposure_count</name>
    <version_id>1.0</version_id>
    <local_identifier>img.exposure_count</local_identifier>
    <nillable_flag>false</nillable_flag>
    <submitter_name>Elizabeth D. Rye</submitter_name>
    <definition>The exposure count attribute provides the maximum number of exposures taken during a specified interval.  The value is dependent on exposure type.</definition>
    <DD_Value_Domain>
      <enumeration_flag>false</enumeration_flag>
      <value_data_type>ASCII_Integer</value_data_type>
      <minimum_value>0</minimum_value>
      <unit_of_measure_type>Units_of_None</unit_of_measure_type>
    </DD_Value_Domain>
  </DD_Attribute>

  <DD_Attribute>
    <name>exposure_duration</name>
    <version_id>1.0</version_id>
    <local_identifier>img.exposure_duration</local_identifier>
    <nillable_flag>false</nillable_flag>
    <submitter_name>Elizabeth D. Rye</submitter_name>
    <definition>The exposure_duration attribute provides the value of the time interval between the opening and closing of an instrument aperture (such as a camera shutter).</definition>
    <DD_Value_Domain>
      <enumeration_flag>false</enumeration_flag>
      <value_data_type>ASCII_Real</value_data_type>
      <minimum_value>0</minimum_value>
      <unit_of_measure_type>Units_of_Time</unit_of_measure_type>
    </DD_Value_Domain>
  </DD_Attribute>

  <DD_Attribute>
    <name>exposure_type</name>
    <version_id>1.0</version_id>
    <local_identifier>img.exposure_type</local_identifier>
    <nillable_flag>false</nillable_flag>
    <submitter_name>Elizabeth D. Rye</submitter_name>
    <definition>The exposure_type attribute indicates the exposure setting on a camera.</definition>
    <DD_Value_Domain>
      <enumeration_flag>false</enumeration_flag>
      <value_data_type>ASCII_Short_String_Collapsed</value_data_type>
      <maximum_characters>15</maximum_characters>
      <unit_of_measure_type>Units_of_None</unit_of_measure_type>
    </DD_Value_Domain>
  </DD_Attribute>

  <DD_Attribute>
    <name>first_line</name>
    <version_id>1.0</version_id>
    <local_identifier>img.first_line</local_identifier>
    <nillable_flag>false</nillable_flag>
    <submitter_name>Elizabeth Rye</submitter_name>
    <definition>The first_line attribute indicates the line within a source image that corresponds to the first line in a sub-image.</definition>
    <DD_Value_Domain>
      <enumeration_flag>false</enumeration_flag>
      <value_data_type>ASCII_Integer</value_data_type>
      <minimum_value>1</minimum_value>
      <unit_of_measure_type>Units_of_None</unit_of_measure_type>
    </DD_Value_Domain>
  </DD_Attribute>

  <DD_Attribute>
    <name>first_line_sample</name>
    <version_id>1.0</version_id>
    <local_identifier>img.first_line_sample</local_identifier>
    <nillable_flag>false</nillable_flag>
    <submitter_name>Elizabeth Rye</submitter_name>
    <definition>The first_line_sample attribute indicates the sample within a source image that corresponds to the first sample in a sub-image.</definition>
    <DD_Value_Domain>
      <enumeration_flag>false</enumeration_flag>
      <value_data_type>ASCII_Integer</value_data_type>
      <minimum_value>1</minimum_value>
      <unit_of_measure_type>Units_of_None</unit_of_measure_type>
    </DD_Value_Domain>
  </DD_Attribute>

  <DD_Attribute>
    <name>gain_mode_id</name>
    <version_id>1.0</version_id>
    <local_identifier>img.gain_mode_id</local_identifier>
    <nillable_flag>false</nillable_flag>
    <submitter_name>Elizabeth D. Rye</submitter_name>
    <definition>The gain_mode_id attribute identifies the gain state of an instrument.  Gain is a constant value which is multiplied with an instrument's output signal to increase or decrease the level of that output.</definition>
    <DD_Value_Domain>
      <enumeration_flag>false</enumeration_flag>
      <value_data_type>ASCII_Short_String_Collapsed</value_data_type>
      <unit_of_measure_type>Units_of_None</unit_of_measure_type>
    </DD_Value_Domain>
  </DD_Attribute>

  <DD_Attribute>
    <name>light_flood_state_flag</name>
    <version_id>1.0</version_id>
    <local_identifier>img.light_flood_state_flag</local_identifier>
    <nillable_flag>false</nillable_flag>
    <submitter_name>Elizabeth D. Rye</submitter_name>
    <definition>The light_flood_state_flag attribute indicates the mode (on or off) of light flooding for an instrument.</definition>
    <DD_Value_Domain>
      <enumeration_flag>true</enumeration_flag>
      <value_data_type>ASCII_Short_String_Collapsed</value_data_type>
      <minimum_characters>2</minimum_characters>
      <maximum_characters>3</maximum_characters>
      <unit_of_measure_type>Units_of_None</unit_of_measure_type>
      <DD_Permissible_Value>
        <value>On</value>
        <value_meaning>The light flooding is "on" for the instrument.</value_meaning>
      </DD_Permissible_Value>
      <DD_Permissible_Value>
        <value>Off</value>
        <value_meaning>The light flooding is "off" for the instrument.</value_meaning>
      </DD_Permissible_Value>
    </DD_Value_Domain>
  </DD_Attribute>

  <DD_Attribute>
    <name>offset_mode_id</name>
    <version_id>1.0</version_id>
    <local_identifier>img.offset_mode_id</local_identifier>
    <nillable_flag>false</nillable_flag>
    <submitter_name>Elizabeth D. Rye</submitter_name>
    <definition>The offset_mode_id attribute identifies the analog value that is subtracted from the video signal prior to the analog/digital converters.</definition>
    <DD_Value_Domain>
      <enumeration_flag>false</enumeration_flag>
      <value_data_type>ASCII_Short_String_Collapsed</value_data_type>
      <unit_of_measure_type>Units_of_None</unit_of_measure_type>
    </DD_Value_Domain>
  </DD_Attribute>

  <DD_Attribute>
    <name>packet_creation_sclk</name>
    <version_id>1.0</version_id>
    <local_identifier>img.packet_creation_sclk</local_identifier>
    <nillable_flag>false</nillable_flag>
    <submitter_name>Elizabeth D. Rye</submitter_name>
    <definition>The packet_creation_sclk attribute specifies the value of the spacecraft clock at the time that data was packetized on board a spacecraft.  This value is not always co-incident with the data acquisition time.</definition>
    <Terminological_Entry>
      <name>PACKET_CREATION_SCLK</name>
      <definition>The PACKET_CREATION_SCLK specifies the value of the spacecraft clock at the time that data was packetized on board a spacecraft. This value is not always co-incident with the data acquisition time.

Note: for MPF and M98, this value was stored in the primary telemetry packet header of the first packet of a data file, and was the reference used for requesting the data packets from the TDS (Telemetry Delivery System).</definition>
      <language>English</language>
      <preferred_flag>false</preferred_flag>
    </Terminological_Entry>
    <DD_Value_Domain>
      <enumeration_flag>false</enumeration_flag>
      <value_data_type>ASCII_Short_String_Collapsed</value_data_type>
      <unit_of_measure_type>Units_of_None</unit_of_measure_type>
    </DD_Value_Domain>
  </DD_Attribute>

  <DD_Attribute>
    <name>packet_creation_date_time</name>
    <version_id>1.0</version_id>
    <local_identifier>img.packet_creation_date_time</local_identifier>
    <nillable_flag>false</nillable_flag>
    <submitter_name>Elizabeth D. Rye</submitter_name>
    <definition>The packet_creation_date_time attribute specifies the time, in standard UTC format, that data was packetized on board a spacecraft.  This value is not always co-incident with the data acquisition time.</definition>
    <DD_Value_Domain>
      <enumeration_flag>false</enumeration_flag>
      <value_data_type>ASCII_Date_Time</value_data_type>
      <unit_of_measure_type>Units_of_None</unit_of_measure_type>
    </DD_Value_Domain>
  </DD_Attribute>

  <DD_Attribute>
    <name>expected_packets</name>
    <version_id>0.1</version_id>
    <local_identifier>img.expected_packets</local_identifier>
    <nillable_flag>false</nillable_flag>
    <submitter_name>Elizabeth D. Rye</submitter_name>
    <definition>The expected_packets attribute provides the total number of telemetry packets which constitute a complete data product, i.e., a data product without missing data.</definition>
    <Terminological_Entry>
      <name>EXPECTED_PACKETS</name>
      <definition>The expected_packets element provides the total number of telemetry packets which constitute a complete data product, i.e., a data product without missing data.</definition>
      <language>English</language>
      <preferred_flag>false</preferred_flag>
    </Terminological_Entry>
    <DD_Value_Domain>
      <enumeration_flag>false</enumeration_flag>
      <value_data_type>ASCII_Integer</value_data_type>
      <minimum_value>0</minimum_value>
      <unit_of_measure_type>Units_of_None</unit_of_measure_type>
    </DD_Value_Domain>
  </DD_Attribute>

  <DD_Attribute>
    <name>received_packets</name>
    <version_id>0.1</version_id>
    <local_identifier>img.received_packets</local_identifier>
    <nillable_flag>false</nillable_flag>
    <submitter_name>Elizabeth D. Rye</submitter_name>
    <definition>The received_packets attribute provides the total number of telemetry packets which constitute a reconstructed data product, cf. expected_packets.</definition>
    <DD_Value_Domain>
      <enumeration_flag>false</enumeration_flag>
      <value_data_type>ASCII_Integer</value_data_type>
      <minimum_value>0</minimum_value>
      <unit_of_measure_type>Units_of_None</unit_of_measure_type>
    </DD_Value_Domain>
  </DD_Attribute>

  <DD_Attribute>
    <name>missing_packet_flag</name>
    <version_id>1.0</version_id>
    <local_identifier>img.missing_packet_flag</local_identifier>
    <nillable_flag>false</nillable_flag>
    <submitter_name>Elizabeth D. Rye</submitter_name>
    <definition>The missing_packet_flag attribute indicates whether or not there were telemetry packets that were expected but not received.</definition>
    <DD_Value_Domain>
      <enumeration_flag>true</enumeration_flag>
      <value_data_type>ASCII_Boolean</value_data_type>
      <unit_of_measure_type>Units_of_None</unit_of_measure_type>
      <DD_Permissible_Value>
        <value>0</value>
        <value_meaning>All telemetry packets that were expected were received.</value_meaning>
      </DD_Permissible_Value>
      <DD_Permissible_Value>
        <value>false</value>
        <value_meaning>All telemetry packets that were expected were received.</value_meaning>
      </DD_Permissible_Value>
      <DD_Permissible_Value>
        <value>1</value>
        <value_meaning>Some telemetry packets that were expected were not received.</value_meaning>
      </DD_Permissible_Value>
      <DD_Permissible_Value>
        <value>true</value>
        <value_meaning>Some telemetry packets that were expected were not received.</value_meaning>
      </DD_Permissible_Value>
    </DD_Value_Domain>
  </DD_Attribute>

  <DD_Attribute>
    <name>packet_map_mask</name>
    <version_id>0.1</version_id>
    <local_identifier>img.packet_map_mask</local_identifier>
    <nillable_flag>false</nillable_flag>
    <submitter_name>Elizabeth D. Rye</submitter_name>
    <definition>The packet_map_mask attribute is a binary or hexadecimal number identifying which of a data file's expected packets were actually received.  The digits correspond positionally with the relative packet numbers of the data file.  The bits are to be read left to right; i.e., the first (left-most) digit of the number corresponds to the first packet of the data file.  A bit value of 1 indicates that the packet was received; a value of 0 indicates that it was not received.</definition>
    <DD_Value_Domain>
      <enumeration_flag>false</enumeration_flag>
      <value_data_type>ASCII_Numeric_Base16</value_data_type>
      <unit_of_measure_type>Units_of_None</unit_of_measure_type>
    </DD_Value_Domain>
  </DD_Attribute>

  <DD_Attribute>
    <name>temperature_raw</name>
    <version_id>1.0</version_id>
    <local_identifier>img.temperature_raw</local_identifier>
    <nillable_flag>false</nillable_flag>
    <submitter_name>Elizabeth D. Rye</submitter_name>
    <definition>The temperature_raw attribute provides the raw, uncalibrated, temperature of some point on an instrument or other device.</definition>
    <DD_Value_Domain>
      <enumeration_flag>false</enumeration_flag>
      <value_data_type>ASCII_Integer</value_data_type>
      <minimum_value>0</minimum_value>
      <unit_of_measure_type>Units_of_None</unit_of_measure_type>
    </DD_Value_Domain>
  </DD_Attribute>

  <DD_Attribute>
    <name>temperature_calibrated</name>
    <version_id>1.0</version_id>
    <local_identifier>img.temperature_calibrated</local_identifier>
    <nillable_flag>false</nillable_flag>
    <submitter_name>Elizabeth D. Rye</submitter_name>
    <definition>The temperature_calibrated attribute provides the temperature, in the specified units, of some point on an instrument or other device.</definition>
    <DD_Value_Domain>
      <enumeration_flag>false</enumeration_flag>
      <value_data_type>ASCII_Real</value_data_type>
      <minimum_value>-273.15</minimum_value>
      <unit_of_measure_type>Units_of_Temperature</unit_of_measure_type>
      <specified_unit_id>degC</specified_unit_id>
    </DD_Value_Domain>
  </DD_Attribute>

  <DD_Attribute>
    <name>filter_name</name>
    <version_id>1.0</version_id>
    <local_identifier>img.filter_name</local_identifier>
    <nillable_flag>false</nillable_flag>
    <submitter_name>Elizabeth D. Rye</submitter_name>
    <definition>The filter_name attribute provides the commonly-used name of the instrument filter through which an image or measurement was acquired or which is associated with a given instrument mode.</definition>
    <DD_Value_Domain>
      <enumeration_flag>false</enumeration_flag>
      <value_data_type>ASCII_Short_String_Collapsed</value_data_type>
      <minimum_characters>1</minimum_characters>
      <unit_of_measure_type>Units_of_None</unit_of_measure_type>
    </DD_Value_Domain>
  </DD_Attribute>

  <DD_Attribute>
    <name>filter_id</name>
    <version_id>0.1</version_id>
    <local_identifier>img.filter_id</local_identifier>
    <nillable_flag>false</nillable_flag>
    <submitter_name>Elizabeth D. Rye</submitter_name>
    <definition>The filter_id attribute provides the number of an instrument filter through which an image or measurement was acquired or which is associated with a given instrument mode.</definition>
    <DD_Value_Domain>
      <enumeration_flag>false</enumeration_flag>
      <value_data_type>ASCII_Short_String_Collapsed</value_data_type>
      <unit_of_measure_type>Units_of_None</unit_of_measure_type>
    </DD_Value_Domain>
  </DD_Attribute>

  <DD_Attribute>
    <name>filter_number</name>
    <version_id>1.0</version_id>
    <local_identifier>img.filter_number</local_identifier>
    <nillable_flag>false</nillable_flag>
    <submitter_name>Elizabeth D. Rye</submitter_name>
    <definition>The filter_number attribute provides the numeric identifier of an instrument filter through which an image or measurement was acquired or which is associated with a given instrument mode.  Within the bin class of a spectral data object, it identifies the filter through which data in the given band were acquired.</definition>
    <DD_Value_Domain>
      <enumeration_flag>false</enumeration_flag>
      <value_data_type>ASCII_Integer</value_data_type>
      <minimum_value>0</minimum_value>
      <unit_of_measure_type>Units_of_None</unit_of_measure_type>
    </DD_Value_Domain>
  </DD_Attribute>

  <DD_Attribute>
    <name>center_filter_wavelength</name>
    <version_id>1.0</version_id>
    <local_identifier>img.center_filter_wavelength</local_identifier>
    <nillable_flag>true</nillable_flag>
    <submitter_name>Elizabeth D. Rye</submitter_name>
    <definition>The center_filter_wavelength attribute provides the mid_point wavelength value between the minimum and maximum instrument filter wavelength values.</definition>
    <DD_Value_Domain>
      <enumeration_flag>false</enumeration_flag>
      <value_data_type>ASCII_Real</value_data_type>
      <unit_of_measure_type>Units_of_Length</unit_of_measure_type>
    </DD_Value_Domain>
  </DD_Attribute>

  <DD_Attribute>
    <name>full_width_half_maximum</name>
    <version_id>1.0</version_id>
    <local_identifier>img.full_width_half_maximum</local_identifier>
    <nillable_flag>false</nillable_flag>
    <submitter_name>Elizabeth D. Rye</submitter_name>
    <definition>The full_width_half_maximum attribute describes the width of a "bump" on a curve or function.  It is given by the distance between points on the curve at which the function reaches half of its maximum value.</definition>
    <comment>Weisstein, Eric W. "Full Width at Half Maximum." From MathWorld--A Wolfram Web Resource. http://mathworld.wolfram.com/FullWidthatHalfMaximum.html</comment>
    <DD_Value_Domain>
      <enumeration_flag>false</enumeration_flag>
      <value_data_type>ASCII_Real</value_data_type>
      <minimum_value>0</minimum_value>
      <unit_of_measure_type>Units_of_Length</unit_of_measure_type>
    </DD_Value_Domain>
  </DD_Attribute>

  <DD_Attribute>
    <name>producer_id</name>
    <version_id>1.0</version_id>
    <local_identifier>img.producer_id</local_identifier>
    <nillable_flag>false</nillable_flag>
    <submitter_name>Elizabeth D. Rye</submitter_name>
    <definition>The producer_id attribute provides a short name or acronym identifying the organization or team which produced a product. Ex. "LRO_LROC_TEAM", "MIPL of JPL"</definition>
    <DD_Value_Domain>
      <enumeration_flag>false</enumeration_flag>
      <value_data_type>ASCII_Short_String_Collapsed</value_data_type>
      <unit_of_measure_type>Units_of_None</unit_of_measure_type>
    </DD_Value_Domain>
  </DD_Attribute>

  <DD_Attribute>
    <name>producer_full_name</name>
    <version_id>1.0</version_id>
    <local_identifier>img.producer_full_name</local_identifier>
    <nillable_flag>false</nillable_flag>
    <submitter_name>Elizabeth D. Rye</submitter_name>
    <definition>The producer_full_name attribute provides the complete name for a person and includes titles and suffixes.</definition>
    <DD_Value_Domain>
      <enumeration_flag>false</enumeration_flag>
      <value_data_type>ASCII_Short_String_Collapsed</value_data_type>
      <minimum_characters>1</minimum_characters>
      <maximum_characters>127</maximum_characters>
      <unit_of_measure_type>Units_of_None</unit_of_measure_type>
    </DD_Value_Domain>
  </DD_Attribute>

  <DD_Attribute>
    <name>producer_institution_name</name>
    <version_id>1.0</version_id>
    <local_identifier>img.producer_institution_name</local_identifier>
    <nillable_flag>false</nillable_flag>
    <submitter_name>Elizabeth D. Rye</submitter_name>
    <definition>The producer_institution_name attribute identifies a university, research center, national space agency, or other institution associated with the production of a PDS archive.  This is generally an institution associated with the Producer_Name.  Ex. "Max Planck Institute", "NASA/Goddard Space Flight Center"</definition>
    <DD_Value_Domain>
      <enumeration_flag>false</enumeration_flag>
      <value_data_type>ASCII_Short_String_Collapsed</value_data_type>
      <unit_of_measure_type>Units_of_None</unit_of_measure_type>
    </DD_Value_Domain>
  </DD_Attribute>

  <DD_Attribute>
    <name>version_id</name>
    <version_id>1.0</version_id>
    <local_identifier>img.version_id</local_identifier>
    <nillable_flag>false</nillable_flag>
    <submitter_name>Elizabeth D. Rye</submitter_name>
    <definition>The version_id attribute provides the version of the software program.</definition>
    <DD_Value_Domain>
      <enumeration_flag>false</enumeration_flag>
      <value_data_type>ASCII_Short_String_Collapsed</value_data_type>
      <unit_of_measure_type>Units_of_None</unit_of_measure_type>
    </DD_Value_Domain>
  </DD_Attribute>

  <DD_Attribute>
    <name>user_id</name>
    <version_id>1.0</version_id>
    <local_identifier>img.user_id</local_identifier>
    <nillable_flag>false</nillable_flag>
    <submitter_name>Elizabeth D. Rye</submitter_name>
    <definition>A short identifier used to run a computer process.</definition>
    <DD_Value_Domain>
      <enumeration_flag>false</enumeration_flag>
      <value_data_type>ASCII_Short_String_Collapsed</value_data_type>
      <minimum_characters>1</minimum_characters>
      <maximum_characters>60</maximum_characters>
      <unit_of_measure_type>Units_of_None</unit_of_measure_type>
    </DD_Value_Domain>
  </DD_Attribute>

  <DD_Attribute>
    <name>host_name</name>
    <version_id>1.0</version_id>
    <local_identifier>img.host_name</local_identifier>
    <nillable_flag>false</nillable_flag>
    <submitter_name>Elizabeth D. Rye</submitter_name>
    <definition>The name of a computer on which a process was run.</definition>
    <DD_Value_Domain>
      <enumeration_flag>false</enumeration_flag>
      <value_data_type>ASCII_Short_String_Collapsed</value_data_type>
      <minimum_characters>1</minimum_characters>
      <maximum_characters>60</maximum_characters>
      <unit_of_measure_type>Units_of_None</unit_of_measure_type>
    </DD_Value_Domain>
  </DD_Attribute>

  <DD_Class>
    <name>Command_Parameters</name>
    <version_id>1.0</version_id>
    <local_identifier>img.Command_Parameters</local_identifier>
    <submitter_name>Elizabeth D. Rye</submitter_name>
    <definition>The Command_Parameters class contains attributes used to identify or describe the commands sent to a spacecraft to perform one or more actions resulting in the acquisition of the current data product.</definition>
    <DD_Association_External>
	<name>name</name>
        <namespace_id>pds</namespace_id>
        <reference_type>attribute_of</reference_type>
        <minimum_occurrences>0</minimum_occurrences>
        <maximum_occurrences>1</maximum_occurrences>
    </DD_Association_External>
    <DD_Association_External>
	<name>description</name>
        <namespace_id>pds</namespace_id>
        <reference_type>attribute_of</reference_type>
        <minimum_occurrences>0</minimum_occurrences>
        <maximum_occurrences>1</maximum_occurrences>
    </DD_Association_External>
    <DD_Association>
      <local_identifier>img.command_sequence_number</local_identifier>
      <reference_type>attribute_of</reference_type>
      <minimum_occurrences>0</minimum_occurrences>
      <maximum_occurrences>1</maximum_occurrences>
    </DD_Association>
    <DD_Association>
      <local_identifier>XSAny#</local_identifier>
      <reference_type>component_of</reference_type>
      <minimum_occurrences>0</minimum_occurrences>
      <maximum_occurrences>*</maximum_occurrences>
    </DD_Association>
  </DD_Class>

  <DD_Class>
    <name>Telemetry_Parameters</name>
    <version_id>1.0</version_id>
    <local_identifier>img.Telemetry_Parameters</local_identifier>
    <submitter_name>Elizabeth D. Rye</submitter_name>
    <definition>The Telemetry_Parameters class contains downlink-related attributes used primarily during mission operations.</definition>
    <DD_Association>
      <local_identifier>img.downlink_telemetry_protocol_type</local_identifier>
      <reference_type>attribute_of</reference_type>
      <minimum_occurrences>0</minimum_occurrences>
      <maximum_occurrences>1</maximum_occurrences>
    </DD_Association>
    <DD_Association>
      <local_identifier>img.telemetry_application_id</local_identifier>
      <reference_type>attribute_of</reference_type>
      <minimum_occurrences>0</minimum_occurrences>
      <maximum_occurrences>1</maximum_occurrences>
    </DD_Association>
    <DD_Association>
      <local_identifier>img.telemetry_application_name</local_identifier>
      <reference_type>attribute_of</reference_type>
      <minimum_occurrences>0</minimum_occurrences>
      <maximum_occurrences>1</maximum_occurrences>
    </DD_Association>
    <DD_Association>
      <local_identifier>img.telemetry_application_subtype_id</local_identifier>
      <reference_type>attribute_of</reference_type>
      <minimum_occurrences>0</minimum_occurrences>
      <maximum_occurrences>1</maximum_occurrences>
    </DD_Association>
    <DD_Association>
      <local_identifier>img.telemetry_provider_id</local_identifier>
      <reference_type>attribute_of</reference_type>
      <minimum_occurrences>0</minimum_occurrences>
      <maximum_occurrences>1</maximum_occurrences>
    </DD_Association>
    <DD_Association>
      <local_identifier>img.earth_received_start_date_time</local_identifier>
      <reference_type>attribute_of</reference_type>
      <minimum_occurrences>0</minimum_occurrences>
      <maximum_occurrences>1</maximum_occurrences>
    </DD_Association>
    <DD_Association>
      <local_identifier>img.earth_received_stop_date_time</local_identifier>
      <reference_type>attribute_of</reference_type>
      <minimum_occurrences>0</minimum_occurrences>
      <maximum_occurrences>1</maximum_occurrences>
    </DD_Association>
    <DD_Association>
      <local_identifier>img.Packet_Parameters</local_identifier>
      <reference_type>component_of</reference_type>
      <minimum_occurrences>0</minimum_occurrences>
      <maximum_occurrences>1</maximum_occurrences>
    </DD_Association>
    <DD_Association>
      <local_identifier>XSAny#</local_identifier>
      <reference_type>component_of</reference_type>
      <minimum_occurrences>0</minimum_occurrences>
      <maximum_occurrences>*</maximum_occurrences>
    </DD_Association>
    <Terminological_Entry>
      <name>Telemetry_Parameters</name>
      <definition>The Telemetry_Parameters class contains downlink-related attributes used primarily during mission operations.</definition>
      <language>English</language>
      <preferred_flag>true</preferred_flag>
    </Terminological_Entry>
  </DD_Class>

  <DD_Class>
    <name>Imaging_Instrument_Parameters</name>
    <version_id>1.0</version_id>
    <local_identifier>img.Imaging_Instrument_Parameters</local_identifier>
    <submitter_name>Elizabeth D. Rye</submitter_name>
    <definition>The Imaging_Instrument_Parameters class contains attributes providing the values of any dynamic physical or operating characteristics of an instrument.</definition>
    <DD_Association>
      <local_identifier>img.crosstrack_summing</local_identifier>
      <reference_type>attribute_of</reference_type>
      <minimum_occurrences>0</minimum_occurrences>
      <maximum_occurrences>1</maximum_occurrences>
    </DD_Association>
    <DD_Association>
      <local_identifier>img.Device_Temperature</local_identifier>
      <reference_type>component_of</reference_type>
      <minimum_occurrences>0</minimum_occurrences>
      <maximum_occurrences>1</maximum_occurrences>
    </DD_Association>
    <DD_Association>
      <local_identifier>img.downtrack_summing</local_identifier>
      <reference_type>attribute_of</reference_type>
      <minimum_occurrences>0</minimum_occurrences>
      <maximum_occurrences>1</maximum_occurrences>
    </DD_Association>
    <DD_Association>
      <local_identifier>img.exposure_count</local_identifier>
      <reference_type>attribute_of</reference_type>
      <minimum_occurrences>0</minimum_occurrences>
      <maximum_occurrences>1</maximum_occurrences>
    </DD_Association>
    <DD_Association>
      <local_identifier>img.exposure_duration</local_identifier>
      <reference_type>attribute_of</reference_type>
      <minimum_occurrences>0</minimum_occurrences>
      <maximum_occurrences>1</maximum_occurrences>
    </DD_Association>
    <DD_Association>
      <local_identifier>img.exposure_type</local_identifier>
      <reference_type>attribute_of</reference_type>
      <minimum_occurrences>0</minimum_occurrences>
      <maximum_occurrences>1</maximum_occurrences>
    </DD_Association>
    <DD_Association>
      <local_identifier>img.Filter</local_identifier>
      <reference_type>component_of</reference_type>
      <minimum_occurrences>0</minimum_occurrences>
      <maximum_occurrences>*</maximum_occurrences>
    </DD_Association>
    <DD_Association>
      <local_identifier>img.first_line</local_identifier>
      <reference_type>attribute_of</reference_type>
      <minimum_occurrences>0</minimum_occurrences>
      <maximum_occurrences>1</maximum_occurrences>
    </DD_Association>
    <DD_Association>
      <local_identifier>img.first_line_sample</local_identifier>
      <reference_type>attribute_of</reference_type>
      <minimum_occurrences>0</minimum_occurrences>
      <maximum_occurrences>1</maximum_occurrences>
    </DD_Association>
    <DD_Association>
      <local_identifier>img.gain_mode_id</local_identifier>
      <reference_type>attribute_of</reference_type>
      <minimum_occurrences>0</minimum_occurrences>
      <maximum_occurrences>1</maximum_occurrences>
    </DD_Association>
    <DD_Association>
      <local_identifier>img.light_flood_state_flag</local_identifier>
      <reference_type>attribute_of</reference_type>
      <minimum_occurrences>0</minimum_occurrences>
      <maximum_occurrences>1</maximum_occurrences>
    </DD_Association>
    <DD_Association>
      <local_identifier>img.offset_mode_id</local_identifier>
      <reference_type>attribute_of</reference_type>
      <minimum_occurrences>0</minimum_occurrences>
      <maximum_occurrences>1</maximum_occurrences>
    </DD_Association>
    <DD_Association>
      <local_identifier>XSAny#</local_identifier>
      <reference_type>component_of</reference_type>
      <minimum_occurrences>0</minimum_occurrences>
      <maximum_occurrences>*</maximum_occurrences>
    </DD_Association>
  </DD_Class>

  <DD_Class>
    <name>Processing_History</name>
    <version_id>1.0</version_id>
    <local_identifier>img.Processing_History</local_identifier>
    <submitter_name>Elizabeth D. Rye</submitter_name>
    <definition>The Processing_History class provides a listing of the programs used to create the current product.</definition>
    <DD_Association>
      <local_identifier>img.Process</local_identifier>
      <reference_type>component_of</reference_type>
      <minimum_occurrences>1</minimum_occurrences>
      <maximum_occurrences>*</maximum_occurrences>
    </DD_Association>
  </DD_Class>

  <DD_Class>
    <name>Packet_Parameters</name>
    <version_id>1.0</version_id>
    <local_identifier>img.Packet_Parameters</local_identifier>
    <submitter_name>Elizabeth D. Rye</submitter_name>
    <definition>The Packet_Parameters class contains parameters describing the packetized telemetry data.</definition>
    <DD_Association>
      <local_identifier>img.packet_creation_sclk</local_identifier>
      <reference_type>attribute_of</reference_type>
      <minimum_occurrences>0</minimum_occurrences>
      <maximum_occurrences>1</maximum_occurrences>
    </DD_Association>
    <DD_Association>
      <local_identifier>img.packet_creation_date_time</local_identifier>
      <reference_type>attribute_of</reference_type>
      <minimum_occurrences>0</minimum_occurrences>
      <maximum_occurrences>1</maximum_occurrences>
    </DD_Association>
    <DD_Association>
      <local_identifier>img.expected_packets</local_identifier>
      <reference_type>attribute_of</reference_type>
      <minimum_occurrences>0</minimum_occurrences>
      <maximum_occurrences>1</maximum_occurrences>
    </DD_Association>
    <DD_Association>
      <local_identifier>img.received_packets</local_identifier>
      <reference_type>attribute_of</reference_type>
      <minimum_occurrences>0</minimum_occurrences>
      <maximum_occurrences>1</maximum_occurrences>
    </DD_Association>
    <DD_Association>
      <local_identifier>img.missing_packet_flag</local_identifier>
      <reference_type>attribute_of</reference_type>
      <minimum_occurrences>0</minimum_occurrences>
      <maximum_occurrences>1</maximum_occurrences>
    </DD_Association>
    <DD_Association>
      <local_identifier>img.packet_map_mask</local_identifier>
      <reference_type>attribute_of</reference_type>
      <minimum_occurrences>0</minimum_occurrences>
      <maximum_occurrences>1</maximum_occurrences>
    </DD_Association>
  </DD_Class>

  <DD_Class>
    <name>Device_Temperature</name>
    <version_id>1.0</version_id>
    <local_identifier>img.Device_Temperature</local_identifier>
    <submitter_name>Elizabeth D. Rye</submitter_name>
    <definition>The Device_Temperature class provides the temperature of some point on an instrumnet or other device.</definition>
    <DD_Association_External>
	<name>name</name>
        <namespace_id>pds</namespace_id>
        <reference_type>attribute_of</reference_type>
        <minimum_occurrences>1</minimum_occurrences>
        <maximum_occurrences>1</maximum_occurrences>
    </DD_Association_External>
    <DD_Association>
      <local_identifier>img.temperature_raw</local_identifier>
      <reference_type>attribute_of</reference_type>
      <minimum_occurrences>0</minimum_occurrences>
      <maximum_occurrences>1</maximum_occurrences>
    </DD_Association>
    <DD_Association>
      <local_identifier>img.temperature_calibrated</local_identifier>
      <reference_type>attribute_of</reference_type>
      <minimum_occurrences>1</minimum_occurrences>
      <maximum_occurrences>1</maximum_occurrences>
    </DD_Association>
    <DD_Association>
      <local_identifier>XSAny#</local_identifier>
      <reference_type>component_of</reference_type>
      <minimum_occurrences>0</minimum_occurrences>
      <maximum_occurrences>*</maximum_occurrences>
    </DD_Association>
  </DD_Class>

  <DD_Class>
    <name>Filter</name>
    <version_id>1.0</version_id>
    <local_identifier>img.Filter</local_identifier>
    <submitter_name>Elizabeth D. Rye</submitter_name>
    <definition>The Filter class describes the filter associated with a particular observation.  The filter may be identified by name, identifier, number or some combination of these.</definition>
    <DD_Association>
      <local_identifier>img.filter_name</local_identifier>
      <reference_type>attribute_of</reference_type>
      <minimum_occurrences>0</minimum_occurrences>
      <maximum_occurrences>1</maximum_occurrences>
    </DD_Association>
    <DD_Association>
      <local_identifier>img.filter_id</local_identifier>
      <reference_type>attribute_of</reference_type>
      <minimum_occurrences>0</minimum_occurrences>
      <maximum_occurrences>1</maximum_occurrences>
    </DD_Association>
    <DD_Association>
      <local_identifier>img.filter_number</local_identifier>
      <reference_type>attribute_of</reference_type>
      <minimum_occurrences>0</minimum_occurrences>
      <maximum_occurrences>1</maximum_occurrences>
    </DD_Association>
    <DD_Association>
      <local_identifier>img.center_filter_wavelength</local_identifier>
      <reference_type>attribute_of</reference_type>
      <minimum_occurrences>0</minimum_occurrences>
      <maximum_occurrences>1</maximum_occurrences>
    </DD_Association>
    <DD_Association>
      <local_identifier>img.full_width_half_maximum</local_identifier>
      <reference_type>attribute_of</reference_type>
      <minimum_occurrences>0</minimum_occurrences>
      <maximum_occurrences>1</maximum_occurrences>
    </DD_Association>
    <DD_Association_External>
	<name>comment</name>
        <namespace_id>pds</namespace_id>
        <reference_type>attribute_of</reference_type>
        <minimum_occurrences>0</minimum_occurrences>
        <maximum_occurrences>1</maximum_occurrences>
    </DD_Association_External>
    <DD_Association>
      <local_identifier>XSAny#</local_identifier>
      <reference_type>component_of</reference_type>
      <minimum_occurrences>0</minimum_occurrences>
      <maximum_occurrences>*</maximum_occurrences>
    </DD_Association>
  </DD_Class>

  <DD_Class>
    <name>Process</name>
    <version_id>1.0</version_id>
    <local_identifier>img.Process</local_identifier>
    <submitter_name>Elizabeth D. Rye</submitter_name>
    <definition>The Process class describes an action taken upon a product, typically by a software program.</definition>
    <DD_Association>
      <local_identifier>img.Process_Owner</local_identifier>
      <reference_type>component_of</reference_type>
      <minimum_occurrences>0</minimum_occurrences>
      <maximum_occurrences>1</maximum_occurrences>
    </DD_Association>
    <DD_Association>
      <local_identifier>img.Software</local_identifier>
      <reference_type>component_of</reference_type>
      <minimum_occurrences>0</minimum_occurrences>
      <maximum_occurrences>*</maximum_occurrences>
    </DD_Association>
  </DD_Class>

  <DD_Class>
    <name>Process_Owner</name>
    <version_id>1.0</version_id>
    <local_identifier>img.Process_Owner</local_identifier>
    <submitter_name>Elizabeth D. Rye</submitter_name>
    <definition>The Process_Owner class describes the individual and/or organization that made changes to a product.</definition>
    <DD_Association>
      <local_identifier>img.producer_id</local_identifier>
      <reference_type>attribute_of</reference_type>
      <minimum_occurrences>0</minimum_occurrences>
      <maximum_occurrences>1</maximum_occurrences>
    </DD_Association>
    <DD_Association>
      <local_identifier>img.producer_full_name</local_identifier>
      <reference_type>attribute_of</reference_type>
      <minimum_occurrences>0</minimum_occurrences>
      <maximum_occurrences>*</maximum_occurrences>
    </DD_Association>
    <DD_Association>
      <local_identifier>img.producer_institution_name</local_identifier>
      <reference_type>attribute_of</reference_type>
      <minimum_occurrences>0</minimum_occurrences>
      <maximum_occurrences>1</maximum_occurrences>
    </DD_Association>
  </DD_Class>

  <DD_Class>
    <name>Software</name>
    <version_id>1.0</version_id>
    <local_identifier>img.Software</local_identifier>
    <submitter_name>Elizabeth D. Rye</submitter_name>
    <definition>The Software class identifies the software program used to make changes to a product.</definition>
    <DD_Association_External>
	<name>name</name>
        <namespace_id>pds</namespace_id>
        <reference_type>attribute_of</reference_type>
        <minimum_occurrences>1</minimum_occurrences>
        <maximum_occurrences>1</maximum_occurrences>
    </DD_Association_External>
    <DD_Association>
      <local_identifier>img.version_id</local_identifier>
      <reference_type>attribute_of</reference_type>
      <minimum_occurrences>0</minimum_occurrences>
      <maximum_occurrences>1</maximum_occurrences>
    </DD_Association>
    <DD_Association_External>
	<name>description</name>
        <namespace_id>pds</namespace_id>
        <reference_type>attribute_of</reference_type>
        <minimum_occurrences>0</minimum_occurrences>
        <maximum_occurrences>1</maximum_occurrences>
    </DD_Association_External>
    <DD_Association>
      <local_identifier>img.user_id</local_identifier>
      <reference_type>attribute_of</reference_type>
      <minimum_occurrences>0</minimum_occurrences>
      <maximum_occurrences>1</maximum_occurrences>
    </DD_Association>
    <DD_Association>
      <local_identifier>img.host_name</local_identifier>
      <reference_type>attribute_of</reference_type>
      <minimum_occurrences>0</minimum_occurrences>
      <maximum_occurrences>1</maximum_occurrences>
    </DD_Association>
    <DD_Association_External>
	<name>start_date_time</name>
        <namespace_id>pds</namespace_id>
        <reference_type>attribute_of</reference_type>
        <minimum_occurrences>0</minimum_occurrences>
        <maximum_occurrences>1</maximum_occurrences>
    </DD_Association_External>
    <DD_Association_External>
	<name>stop_date_time</name>
        <namespace_id>pds</namespace_id>
        <reference_type>attribute_of</reference_type>
        <minimum_occurrences>0</minimum_occurrences>
        <maximum_occurrences>1</maximum_occurrences>
    </DD_Association_External>
  </DD_Class>

</Ingest_LDD>
