<?xml version="1.0" encoding="UTF-8"?>
<?xml-model 
    href="http://pds.nasa.gov/pds4/pds/v1/PDS4_PDS_1000.sch" 
    schematypens="http://purl.oclc.org/dsdl/schematron"?>
<?xml-model 
    href="http://pds.nasa.gov/pds4/disp/v1/PDS4_DISP_1004.sch"
    schematypens="http://purl.oclc.org/dsdl/schematron"?>

<Product_Observational 
    xmlns="http://pds.nasa.gov/pds4/pds/v1"
    xmlns:pds="http://pds.nasa.gov/pds4/pds/v1"
    xmlns:disp="http://pds.nasa.gov/pds4/disp/v1"
    xmlns:xsi="http://www.w3.org/2001/XMLSchema-instance"
    xsi:schemaLocation="
        http://pds.nasa.gov/pds4/pds/v1 
        http://pds.nasa.gov/pds4/pds/v1/PDS4_PDS_1000.xsd
        
        http://pds.nasa.gov/pds4/disp/v1
        http://pds.nasa.gov/pds4/disp/v1/PDS4_DISP_1004.xsd">

    <Identification_Area>
        <logical_identifier>urn:nasa:pds:mars_mpf_imp_derived:data-derived-movies:imp_my_movie_example</logical_identifier>
        <version_id>1.0</version_id>
        <title>This is an example of a PDS4 movie label using a sequence of images acquired by the IMP camera
            on the Mars Pathfinder Lander.</title>
        <information_model_version>1.0.0.0</information_model_version>
        <product_class>Product_Observational</product_class>
    </Identification_Area>
    <Observation_Area>
        <Time_Coordinates>
            <start_date_time>1997-07-14T07:02:59.416Z</start_date_time> <!-- Junk value for demo purposes only. -->
            <stop_date_time>1997-07-14T07:02:59.417Z</stop_date_time> <!-- Junk value for demo purposes only. -->
            <local_true_solar_time>10:56:58</local_true_solar_time> <!-- Junk value for demo purposes only. -->
        </Time_Coordinates>
        <Primary_Result_Summary>
            <type>Image</type>  <!-- Not great, but best value available. -->
            <purpose>Engineering</purpose>
            <data_regime>Visible</data_regime>
            <processing_level_id>Derived</processing_level_id>
        </Primary_Result_Summary>
        <Investigation_Area>
            <name>MARS PATHFINDER</name>
            <type>Mission</type>
            <Internal_Reference>
                <lid_reference>urn:nasa:pds:investigation.MARS_PATHFINDER</lid_reference>
                <reference_type>data_to_investigation</reference_type>
            </Internal_Reference>
        </Investigation_Area>
        <Observing_System>
            <Observing_System_Component>
                <name>MARS PATHFINDER LANDER</name>
                <type>Spacecraft</type>
                <Internal_Reference>
                    <lid_reference>urn:nasa:pds:instrument_host.MPFL</lid_reference>
                    <reference_type>is_instrument_host</reference_type>
                </Internal_Reference>
            </Observing_System_Component>
            <Observing_System_Component>
                <name>IMAGER FOR MARS PATHFINDER</name>
                <type>Instrument</type>
                <Internal_Reference>
                    <lid_reference>urn:nasa:pds:instrument.IMP__MPFL</lid_reference>
                    <reference_type>is_instrument</reference_type>
                </Internal_Reference>
            </Observing_System_Component>
        </Observing_System>
        <Target_Identification>
            <name>MARS</name> <!-- Should actually be the Rover, but this isn't the point of this exercise. -->
            <type>Planet</type>
            <Internal_Reference>
                <lid_reference>urn:nasa:pds:target.MARS</lid_reference>
                <reference_type>data_to_target</reference_type>
            </Internal_Reference>
        </Target_Identification>
        <Discipline_Area>
            <disp:Default_Display_Settings_Movie>
                <disp:local_identifier_reference>Raw_Movie</disp:local_identifier_reference>
                <disp:comment>This is a comment</disp:comment>
                <disp:horizontal_display_axis>Sample</disp:horizontal_display_axis>
                <disp:horizontal_display_direction>Right</disp:horizontal_display_direction>
                <disp:vertical_display_axis>Line</disp:vertical_display_axis>
                <disp:vertical_display_direction>Down</disp:vertical_display_direction>
                <disp:time_display_axis>Time</disp:time_display_axis>
                <disp:frame_rate unit="frames/s">6</disp:frame_rate>
                <disp:loop_flag>true</disp:loop_flag>
                <disp:loop_count>10</disp:loop_count>
                <disp:loop_delay unit="s">3</disp:loop_delay>
                <disp:loop_back_and_forth_flag>true</disp:loop_back_and_forth_flag>
            </disp:Default_Display_Settings_Movie>
        </Discipline_Area>
    </Observation_Area>
<!--    <Reference_List/>  Could be used to list original EDRs that went into movie. Later. -->
    <File_Area_Observational>
        <File>
            <file_name>my_sample_movie.img</file_name>
            <creation_date_time>1997-12-23</creation_date_time> <!-- Junk value for demo purposes only. -->
            <file_size unit="byte">1289738</file_size>  <!-- Junk value for demo purposes only. -->
            <md5_checksum>22d543d686b4aa93d7772e51de7218c5</md5_checksum>  <!-- Junk value for demo purposes only. -->
        </File>
        <Array_3D_Movie>
            <local_identifier>Raw_Movie</local_identifier>
            <offset unit="byte">0</offset>
            <axes>3</axes>
            <axis_index_order>Last Index Fastest</axis_index_order>
            <Element_Array>
                <data_type>UnsignedMSB2</data_type>
                <unit>DN</unit>
            </Element_Array>
            <Axis_Array>
                <axis_name>Time</axis_name>
                <elements>12</elements>
                <sequence_number>1</sequence_number>
            </Axis_Array>
            <Axis_Array>
                <axis_name>Line</axis_name>
                <elements>248</elements>
                <sequence_number>2</sequence_number>
            </Axis_Array>
            <Axis_Array>
                <axis_name>Sample</axis_name>
                <elements>256</elements>
                <sequence_number>3</sequence_number>
            </Axis_Array>
        </Array_3D_Movie>
    </File_Area_Observational>
    <File_Area_Observational_Supplemental>
        <File>
            <file_name>my_sample_movie.gif</file_name>
            <local_identifier>Animated_GIF_Movie</local_identifier>
            <creation_date_time>1998-01-16</creation_date_time> <!-- Junk value for demo purposes only. -->
            <file_size unit="byte">12987971</file_size> <!-- Junk value for demo purposes only. -->
            <md5_checksum>836bddd8d905ed3a58ed6b93969d6a31</md5_checksum> <!-- Junk value for demo purposes only. -->
        </File>
        <Encoded_Byte_Stream>
            <offset unit="byte">0</offset>
            <encoding_standard_id>GIF</encoding_standard_id>  <!-- No list of valid values. -->
        </Encoded_Byte_Stream>
    </File_Area_Observational_Supplemental>
</Product_Observational>
