<?xml version="1.0" encoding="UTF-8"?>
<?xml-model
   href="http://pds.nasa.gov/pds4/pds/v1/PDS4_PDS_1E00.sch"
   schematypens="http://purl.oclc.org/dsdl/schematron"?>

<Ingest_LDD xmlns="http://pds.nasa.gov/pds4/pds/v1"
   xmlns:xsi="http://www.w3.org/2001/XMLSchema-instance"
   xsi:schemaLocation="
      http://pds.nasa.gov/pds4/pds/v1 http://pds.nasa.gov/pds4/pds/v1/PDS4_PDS_1E00.xsd">

   <name>MAVEN</name>
   <ldd_version_id>1.1.1.0</ldd_version_id>
   <dictionary_type>Mission</dictionary_type>
   <full_name>Joseph N. Mafi</full_name>
   <steward_id>ppi</steward_id>
   <namespace_id>mvn</namespace_id>
   <last_modification_date_time>2020-02-12T14:26:54Z</last_modification_date_time>
   
   <DD_Attribute>
      <name>mission_phase_name</name>
      <version_id>1.0</version_id>
      <local_identifier>mvn.mission_phase_name</local_identifier>
      <nillable_flag>true</nillable_flag>
      <submitter_name>J. Mafi</submitter_name>
      <definition>The mission_phase_name attribute provides the mission-defined name of a mission phase.</definition>
      <DD_Value_Domain>
         <enumeration_flag>true</enumeration_flag>
         <value_data_type>ASCII_Short_String_Collapsed</value_data_type>
         <maximum_characters>255</maximum_characters>
                <DD_Permissible_Value>
                        <value>Cruise</value>
                        <value_meaning>The period of observations during the MAVEN's flight from Earth to Mars.</value_meaning>
                </DD_Permissible_Value>
                <DD_Permissible_Value>
                        <value>Mars Orbital Insertion</value>
                        <value_meaning>The period of observations during the MAVEN's entry into Mar's orbit.</value_meaning>
                </DD_Permissible_Value>
                <DD_Permissible_Value>
                        <value>Prime Mission</value>
                        <value_meaning>The period of observations during the primary objective of the mission.</value_meaning>
                </DD_Permissible_Value>
                <DD_Permissible_Value>
                        <value>Transition</value>
                        <value_meaning>The period of time when the spacecraft was changing from cruise to orbital operations. Also referred to as 'Comissioning'.</value_meaning>
                </DD_Permissible_Value>
                <DD_Permissible_Value>
                        <value>EM-1</value>
                        <value_meaning>Extended Mission 1: The period of observations during the first extension of the MAVEN mission covering 2015-11-17T00:00:00 to 2016-10-01T00:00:00.</value_meaning>
                </DD_Permissible_Value>
                <DD_Permissible_Value>
                        <value>EM-2</value>
                        <value_meaning>Extended Mission 2: The period of observations during the second extension of the MAVEN mission covering 2016-10-01T00:00:00 to 2018-10-01T00:00:00.</value_meaning>
                </DD_Permissible_Value>
                <DD_Permissible_Value>
                        <value>EM-3</value>
                        <value_meaning>Extended Mission 3: The period of observations during the third extension of the MAVEN mission covering 2018-10-01T00:00:00 to 2019-10-01T00:00:00.</value_meaning>
                </DD_Permissible_Value>
                <DD_Permissible_Value>
                        <value>EM-4</value>
                        <value_meaning>Extended Mission 4: The period of observations during the fourth extension of the MAVEN mission covering 2019-10-01T00:00:00 to 2021-10-01T00:00:00.</value_meaning>
                </DD_Permissible_Value>
                <DD_Permissible_Value>
                        <value>EM-5</value>
                        <value_meaning>Extended Mission 5: The period of observations during the fifth extension of the MAVEN mission covering 2021-10-01T00:00:00 and extending indefinitely.</value_meaning>
                </DD_Permissible_Value>
      </DD_Value_Domain>
   </DD_Attribute>
   
   <DD_Attribute>
      <name>spacecraft_clock_start_count</name>
      <version_id>1.0</version_id>
      <local_identifier>mvn.spacecraft_clock_start_count</local_identifier>
      <nillable_flag>false</nillable_flag>
      <submitter_name>J. Mafi</submitter_name>
      <definition>The spacecraft_clock_start_count attribute provides
         the value of the spacecraft clock at the beginning of a time period
         of interest.</definition>
      <DD_Value_Domain>
         <enumeration_flag>false</enumeration_flag>
         <value_data_type>ASCII_Short_String_Collapsed</value_data_type>
         <pattern>([0-9]/[0-9]{10}(:[0-9]{5})?)|([0-9.]*(E[0-9]{2})?)</pattern>
      </DD_Value_Domain>
   </DD_Attribute>
   
   <DD_Attribute>
      <name>spacecraft_clock_stop_count</name>
      <version_id>1.0</version_id>
      <local_identifier>mvn.spacecraft_clock_stop_count</local_identifier>
      <nillable_flag>false</nillable_flag>
      <submitter_name>J. Mafi</submitter_name>
      <definition>The spacecraft_clock_stop_count attribute provides
         the value of the spacecraft clock at the end of a time period of
         interest. These may be provided either as SCLK string values, or
         as encoded double precision SCLK values.</definition>
      <DD_Value_Domain>
         <enumeration_flag>false</enumeration_flag>
         <value_data_type>ASCII_Short_String_Collapsed</value_data_type>
         <pattern>([0-9]/[0-9]{10}(:[0-9]{5})?)|([0-9.]*(E[0-9]{2})?)</pattern>
      </DD_Value_Domain>
   </DD_Attribute>
   
   <DD_Attribute>
      <name>mission_event_time_start_count</name>
      <version_id>1.0</version_id>
      <local_identifier>mvn.mission_event_time_start_count</local_identifier>
      <nillable_flag>false</nillable_flag>
      <submitter_name>J. Mafi</submitter_name>
      <definition>The mission_event_time_start_count attribute provides
         the mission event time value at the beginning of a time period
         of interest. These may be provided either as SCLK string values, or
         as encoded double precision SCLK values.</definition>
      <DD_Value_Domain>
         <enumeration_flag>false</enumeration_flag>
         <value_data_type>ASCII_Short_String_Collapsed</value_data_type>
      </DD_Value_Domain>
   </DD_Attribute>
   
   <DD_Attribute>
      <name>mission_event_time_stop_count</name>
      <version_id>1.0</version_id>
      <local_identifier>mvn.mission_event_time_stop_count</local_identifier>
      <nillable_flag>false</nillable_flag>
      <submitter_name>J. Mafi</submitter_name>
      <definition>The mission_event_time_stop_count attribute provides
         the mission event time value at the end of a time period of
         interest.</definition>
      <DD_Value_Domain>
         <enumeration_flag>false</enumeration_flag>
         <value_data_type>ASCII_Short_String_Collapsed</value_data_type>
      </DD_Value_Domain>
   </DD_Attribute>
   
   <DD_Class>
      <name>MAVEN</name>
      <version_id>1.0</version_id>
      <local_identifier>mvn.MAVEN</local_identifier>
      <submitter_name>J. Mafi</submitter_name>
      <definition>The MAVEN class is the container for MAVEN mission-specific
         metadata elements.</definition>
      <element_flag>true</element_flag>
      <DD_Association>
         <identifier_reference>mvn.mission_phase_name</identifier_reference>
         <reference_type>attribute_of</reference_type>
         <minimum_occurrences>0</minimum_occurrences>
         <maximum_occurrences>*</maximum_occurrences>
      </DD_Association>
      <DD_Association>
         <identifier_reference>mvn.spacecraft_clock_start_count</identifier_reference>
         <reference_type>attribute_of</reference_type>
         <minimum_occurrences>0</minimum_occurrences>
         <maximum_occurrences>1</maximum_occurrences>
      </DD_Association>
      <DD_Association>
         <identifier_reference>mvn.spacecraft_clock_stop_count</identifier_reference>
         <reference_type>attribute_of</reference_type>
         <minimum_occurrences>0</minimum_occurrences>
         <maximum_occurrences>1</maximum_occurrences>
      </DD_Association>
      <DD_Association>
         <identifier_reference>mvn.mission_event_time_start_count</identifier_reference>
         <reference_type>attribute_of</reference_type>
         <minimum_occurrences>0</minimum_occurrences>
         <maximum_occurrences>1</maximum_occurrences>
      </DD_Association>
      <DD_Association>
         <identifier_reference>mvn.mission_event_time_stop_count</identifier_reference>
         <reference_type>attribute_of</reference_type>
         <minimum_occurrences>0</minimum_occurrences>
         <maximum_occurrences>1</maximum_occurrences>
      </DD_Association>
      <DD_Association>
         <identifier_reference>mvn.Parameter</identifier_reference>
         <reference_type>component_of</reference_type>
         <minimum_occurrences>0</minimum_occurrences>
         <maximum_occurrences>*</maximum_occurrences>
      </DD_Association>
   </DD_Class>
   
   <DD_Class>
      <name>Parameter</name>
      <version_id>1.0</version_id>
      <local_identifier>mvn.Parameter</local_identifier>
      <submitter_name>J. Mafi</submitter_name>
      <definition>The Parameter class provides information about a specified
         data parameter.</definition>
      <DD_Association>
         <identifier_reference>pds.name</identifier_reference>
         <reference_type>attribute_of</reference_type>
         <minimum_occurrences>1</minimum_occurrences>
         <maximum_occurrences>1</maximum_occurrences>
      </DD_Association>
      <DD_Association>
         <identifier_reference>pds.description</identifier_reference>
         <reference_type>attribute_of</reference_type>
         <minimum_occurrences>1</minimum_occurrences>
         <maximum_occurrences>1</maximum_occurrences>
      </DD_Association>
      <DD_Association>
         <identifier_reference>pds.value</identifier_reference>
         <reference_type>attribute_of</reference_type>
         <minimum_occurrences>1</minimum_occurrences>
         <maximum_occurrences>1</maximum_occurrences>
      </DD_Association>
   </DD_Class>
</Ingest_LDD>
