<?xml version="1.0" encoding="UTF-8"?>
<!DOCTYPE catalog
    PUBLIC "-//OASIS//DTD Entity Resolution XML Catalog V1.0//EN"
           "http://www.oasis-open.org/committees/entity/release/1.0/catalog.dtd">

<catalog xmlns="urn:oasis:names:tc:entity:xmlns:xml:catalog">
    
<!-- To configure this catalog file for use on your own system, set the "xml:base"
    attribute in the "group" element below to the directory containing the XML and
    Schematron schemas for your PDS4 products. -->
    
    <group xml:base="file:///Users/eduxbury/work/PDS/Imaging/PDS4/dictionary/display/v1100/">
        
<!-- XML schema file mappings -->
        
        <system systemId="http://pds.nasa.gov/pds4/pds/v1/PDS4_PDS_1101.xsd" uri="PDS4_PDS_1101.xsd"/>
        <system systemId="http://pds.nasa.gov/pds4/pds/v1/PDS4_PDS_11xx.xsd" uri="PDS4_PDS_1101.xsd"/>
        
        <system systemId="http://pds.nasa.gov/pds4/disp/v1/PDS4_DISP_1100.xsd" uri="PDS4_DISP_1100.xsd"/>
        <system systemId="http://pds.nasa.gov/pds4/disp/v1/PDS4_DISP_11xx.xsd" uri="PDS4_DISP_1100.xsd"/>
        
        <!-- Schematron schema file mappings -->
        
        <system systemId="http://pds.nasa.gov/pds4/pds/v1/PDS4_PDS_1101.sch" uri="PDS4_PDS_1101.sch"/>
        <system systemId="http://pds.nasa.gov/pds4/pds/v1/PDS4_PDS_11xx.sch" uri="PDS4_PDS_1101.sch"/>
        
        <system systemId="http://pds.nasa.gov/pds4/disp/v1/PDS4_DISP_1100.sch" uri="PDS4_DISP_1100.sch"/>
        <system systemId="http://pds.nasa.gov/pds4/disp/v1/PDS4_DISP_11xx.sch" uri="PDS4_DISP_1100.sch"/>
        
    </group>
</catalog>
