<?xml version="1.0" encoding="UTF-8"?>
<?xml-model 
    href="http://pds.nasa.gov/pds4/pds/v1/PDS4_PDS_11xx.sch" 
    schematypens="http://purl.oclc.org/dsdl/schematron"?>
<?xml-model 
    href="http://pds.nasa.gov/pds4/disp/v1/PDS4_DISP_11xx.sch"
    schematypens="http://purl.oclc.org/dsdl/schematron"?>

<Product_Observational 
    xmlns="http://pds.nasa.gov/pds4/pds/v1"
    xmlns:pds="http://pds.nasa.gov/pds4/pds/v1"
    xmlns:disp="http://pds.nasa.gov/pds4/disp/v1"
    xmlns:xsi="http://www.w3.org/2001/XMLSchema-instance"
    xsi:schemaLocation="
        http://pds.nasa.gov/pds4/pds/v1 
        http://pds.nasa.gov/pds4/pds/v1/PDS4_PDS_11xx.xsd
        
        http://pds.nasa.gov/pds4/disp/v1
        http://pds.nasa.gov/pds4/disp/v1/PDS4_DISP_11xx.xsd">

    <Identification_Area>
        <logical_identifier>urn:nasa:pds:mars_mpf_rvrcam_raw:data-raw-movies:imp_my_movie_example</logical_identifier>
        <version_id>1.0</version_id>
        <title>This is an example of a PDS4 color image label using a three-banded rendering of 
            image data acquired by the rear color camera on the Mars Pathfinder Rover.</title>
        <information_model_version>1.1.0.1</information_model_version>
        <product_class>Product_Observational</product_class>
        <Alias_List>
            <Alias>
                <alternate_id>RVR_EDR-1251280673-S052061-COLOR</alternate_id>
                <comment>PDS3 product_id</comment>
            </Alias>
        </Alias_List>
    </Identification_Area>
    <Observation_Area>
        <Time_Coordinates>
            <start_date_time>1997-07-14T07:02:59.416Z</start_date_time> <!-- Junk value for demo purposes only. -->
            <stop_date_time>1997-07-14T07:02:59.417Z</stop_date_time> <!-- Junk value for demo purposes only. -->
            <local_true_solar_time>10:56:58</local_true_solar_time> <!-- Junk value for demo purposes only. -->
        </Time_Coordinates>
        <Primary_Result_Summary>
            <purpose>Engineering</purpose>
            <processing_level>Raw</processing_level>
            <Science_Facets>
                <wavelength_range>Visible</wavelength_range>
                <domain>Surface</domain>
                <discipline_name>Imaging</discipline_name>
            </Science_Facets>
        </Primary_Result_Summary>
        <Investigation_Area>
            <name>MARS PATHFINDER</name>
            <type>Mission</type>
            <Internal_Reference>
                <lid_reference>urn:nasa:pds:investigation.MARS_PATHFINDER</lid_reference>
                <reference_type>data_to_investigation</reference_type>
            </Internal_Reference>
        </Investigation_Area>
        <Observing_System>
            <Observing_System_Component>
                <name>MARS PATHFINDER ROVER</name>
                <type>Spacecraft</type>
                <Internal_Reference>
                    <lid_reference>urn:nasa:pds:instrument_host.MPFR</lid_reference>
                    <reference_type>is_instrument_host</reference_type>
                </Internal_Reference>
            </Observing_System_Component>
            <Observing_System_Component>
                <name>ROVER CAMERA REAR</name>
                <type>Instrument</type>
                <Internal_Reference>
                    <lid_reference>urn:nasa:pds:instrument.RVRC__MPFR</lid_reference>
                    <reference_type>is_instrument</reference_type>
                </Internal_Reference>
            </Observing_System_Component>
        </Observing_System>
        <Target_Identification>
            <name>MARS</name> <!-- Should actually be the Rover, but this isn't the point of this exercise. -->
            <type>Planet</type>
            <Internal_Reference>
                <lid_reference>urn:nasa:pds:target.MARS</lid_reference>
                <reference_type>data_to_target</reference_type>
            </Internal_Reference>
        </Target_Identification>
        <Discipline_Area>
            <disp:Display_Settings>
                <disp:Local_Internal_Reference>
                    <disp:local_identifier_reference>IMAGE DATA</disp:local_identifier_reference>
                    <disp:local_reference_type>display_settings_to_array</disp:local_reference_type>
                </disp:Local_Internal_Reference>
                <disp:Display_Direction>
                    <disp:horizontal_display_axis>Sample</disp:horizontal_display_axis>
                    <disp:horizontal_display_direction>Left to Right</disp:horizontal_display_direction>
                    <disp:vertical_display_axis>Line</disp:vertical_display_axis>
                    <disp:vertical_display_direction>Top to Bottom</disp:vertical_display_direction>
                </disp:Display_Direction>
                <disp:Color_Display_Settings>
                    <disp:color_display_axis>Band</disp:color_display_axis>
                    <disp:red_channel_band>1</disp:red_channel_band>
                    <disp:green_channel_band>2</disp:green_channel_band>
                    <disp:blue_channel_band>3</disp:blue_channel_band>
                </disp:Color_Display_Settings>
            </disp:Display_Settings>
        </Discipline_Area>
    </Observation_Area>
<!--    <Reference_List/>  Could be used to list original EDRs that went into movie. Later. -->
    <File_Area_Observational>
        <File>
            <file_name>sample_color.img</file_name>
            <local_identifier>DATA FILE</local_identifier>
            <creation_date_time>2014-02-11T19:13:09Z</creation_date_time>  
            <file_size unit="byte">50457</file_size>                       
            <md5_checksum>5850c051d456659c2c70b430d99c8a7c</md5_checksum>  
        </File>                                                        
        <Header>
            <local_identifier>PDS3 HEADER</local_identifier>
            <offset unit="byte">0</offset>
            <object_length unit="byte">3993</object_length>
            <parsing_standard_id>PDS3</parsing_standard_id>
        </Header>
        <Array_3D_Image>
            <local_identifier>IMAGE DATA</local_identifier>
            <offset unit="byte">3993</offset>
            <axes>3</axes>
            <axis_index_order>Last Index Fastest</axis_index_order>
            <Element_Array>
                <data_type>UnsignedByte</data_type>
                <unit>DN</unit>
            </Element_Array>
            <Axis_Array>
                <axis_name>Band</axis_name>
                <elements>3</elements>
                <sequence_number>1</sequence_number>
            </Axis_Array>
            <Axis_Array>
                <axis_name>Line</axis_name>
                <elements>128</elements>
                <sequence_number>2</sequence_number>
            </Axis_Array>
            <Axis_Array>
                <axis_name>Sample</axis_name>
                <elements>121</elements>
                <sequence_number>3</sequence_number>
            </Axis_Array>
        </Array_3D_Image>
    </File_Area_Observational>
</Product_Observational>
