<?xml version="1.0" encoding="UTF-8"?>
<?xml-model 
    href="http://pds.nasa.gov/pds4/pds/v1/PDS4_PDS_11xx.sch" 
    schematypens="http://purl.oclc.org/dsdl/schematron"?>
<?xml-model 
    href="http://pds.nasa.gov/pds4/disp/v1/PDS4_DISP_11xx.sch"
    schematypens="http://purl.oclc.org/dsdl/schematron"?>

<Product_Observational 
    xmlns="http://pds.nasa.gov/pds4/pds/v1"
    xmlns:pds="http://pds.nasa.gov/pds4/pds/v1"
    xmlns:disp="http://pds.nasa.gov/pds4/disp/v1"
    xmlns:xsi="http://www.w3.org/2001/XMLSchema-instance"
    xsi:schemaLocation="
        http://pds.nasa.gov/pds4/pds/v1 
        http://pds.nasa.gov/pds4/pds/v1/PDS4_PDS_11xx.xsd
        
        http://pds.nasa.gov/pds4/disp/v1
        http://pds.nasa.gov/pds4/disp/v1/PDS4_DISP_11xx.xsd">

    <Identification_Area>
        <logical_identifier>urn:nasa:pds:mars_mpf_imp_derived:data-derived-movies:imp_my_movie_example</logical_identifier>
        <version_id>1.0</version_id>
        <title>This is an example of a PDS4 movie label using a sequence of images acquired by the IMP camera
            on the Mars Pathfinder Lander.</title>
        <information_model_version>1.1.0.1</information_model_version>
        <product_class>Product_Observational</product_class>
    </Identification_Area>
    <Observation_Area>
        <Time_Coordinates>
            <start_date_time>1997-07-14T07:02:59.416Z</start_date_time> <!-- Junk value for demo purposes only. -->
            <stop_date_time>1997-07-14T07:02:59.417Z</stop_date_time> <!-- Junk value for demo purposes only. -->
            <local_true_solar_time>10:56:58</local_true_solar_time> <!-- Junk value for demo purposes only. -->
        </Time_Coordinates>
        <Primary_Result_Summary>
            <purpose>Engineering</purpose>
            <processing_level>Derived</processing_level>
            <Science_Facets>
                <wavelength_range>Visible</wavelength_range>
                <domain>Surface</domain>
                <discipline_name>Imaging</discipline_name>
            </Science_Facets>
        </Primary_Result_Summary>
        <Investigation_Area>
            <name>MARS PATHFINDER</name>
            <type>Mission</type>
            <Internal_Reference>
                <lid_reference>urn:nasa:pds:investigation.MARS_PATHFINDER</lid_reference>
                <reference_type>data_to_investigation</reference_type>
            </Internal_Reference>
        </Investigation_Area>
        <Observing_System>
            <Observing_System_Component>
                <name>MARS PATHFINDER LANDER</name>
                <type>Spacecraft</type>
                <Internal_Reference>
                    <lid_reference>urn:nasa:pds:instrument_host.MPFL</lid_reference>
                    <reference_type>is_instrument_host</reference_type>
                </Internal_Reference>
            </Observing_System_Component>
            <Observing_System_Component>
                <name>IMAGER FOR MARS PATHFINDER</name>
                <type>Instrument</type>
                <Internal_Reference>
                    <lid_reference>urn:nasa:pds:instrument.IMP__MPFL</lid_reference>
                    <reference_type>is_instrument</reference_type>
                </Internal_Reference>
            </Observing_System_Component>
        </Observing_System>
        <Target_Identification>
            <name>MARS</name> <!-- Should actually be the Rover, but this isn't the point of this exercise. -->
            <type>Planet</type>
            <Internal_Reference>
                <lid_reference>urn:nasa:pds:target.MARS</lid_reference>
                <reference_type>data_to_target</reference_type>
            </Internal_Reference>
        </Target_Identification>
        <Discipline_Area>
            <disp:Display_Settings>
                <disp:Local_Internal_Reference>
                    <disp:local_identifier_reference>RASTER MOVIE DATA</disp:local_identifier_reference>
                    <disp:local_reference_type>display_settings_to_array</disp:local_reference_type>
                </disp:Local_Internal_Reference>
                <disp:Display_Direction>
                    <disp:horizontal_display_axis>Sample</disp:horizontal_display_axis>
                    <disp:horizontal_display_direction>Left to Right</disp:horizontal_display_direction>
                    <disp:vertical_display_axis>Line</disp:vertical_display_axis>
                    <disp:vertical_display_direction>Top to Bottom</disp:vertical_display_direction>
                </disp:Display_Direction>
            </disp:Display_Settings>
            <disp:Movie_Display_Settings>
                <disp:time_display_axis>Time</disp:time_display_axis>
                <disp:frame_rate unit="frames/s">6</disp:frame_rate>
                <disp:loop_flag>true</disp:loop_flag>
                <disp:loop_count>10</disp:loop_count>
                <disp:loop_delay unit="s">3</disp:loop_delay>
                <disp:loop_back_and_forth_flag>false</disp:loop_back_and_forth_flag>
            </disp:Movie_Display_Settings>
        </Discipline_Area>
    </Observation_Area>
<!--    <Reference_List/>  Could be used to list original EDRs that went into movie. Later. -->
    <File_Area_Observational>
<!-- Note: this is just a junk file for demo purposes. -->        
        <File>                                                         
            <file_name>sample_movie.img</file_name>                        
            <local_identifier>RASTER MOVIE FILE</local_identifier>         
            <creation_date_time>2014-02-23T23:41:49Z</creation_date_time>  
            <file_size unit="byte">3428352</file_size>                     
            <md5_checksum>faf542927a62d072bca74dd9bf3dc67c</md5_checksum>  
        </File>                                                        
        <Array_3D_Movie>
            <local_identifier>RASTER MOVIE DATA</local_identifier>
            <offset unit="byte">0</offset>
            <axes>3</axes>
            <axis_index_order>Last Index Fastest</axis_index_order>
            <Element_Array>
                <data_type>UnsignedMSB2</data_type>
                <unit>DN</unit>
            </Element_Array>
            <Axis_Array>
                <axis_name>Time</axis_name>
                <elements>27</elements>
                <sequence_number>1</sequence_number>
            </Axis_Array>
            <Axis_Array>
                <axis_name>Line</axis_name>
                <elements>248</elements>
                <sequence_number>2</sequence_number>
            </Axis_Array>
            <Axis_Array>
                <axis_name>Sample</axis_name>
                <elements>256</elements>
                <sequence_number>3</sequence_number>
            </Axis_Array>
        </Array_3D_Movie>
    </File_Area_Observational>
    <File_Area_Observational_Supplemental>
        <File>                                                         
            <file_name>sample_movie.gif</file_name>                        
            <local_identifier>ANIMATED GIF MOVIE FILE</local_identifier>   
            <creation_date_time>2013-05-28T19:02:24Z</creation_date_time>  
            <file_size unit="byte">1869944</file_size>                     
            <md5_checksum>88e34e79f63524630e29e89686671a28</md5_checksum>  
        </File>                                                        
        <Encoded_Byte_Stream>
            <offset unit="byte">0</offset>
            <encoding_standard_id>GIF</encoding_standard_id>  <!-- No list of valid values. -->
        </Encoded_Byte_Stream>
    </File_Area_Observational_Supplemental>
</Product_Observational>
