<?xml version="1.0" encoding="UTF-8"?>

<?xml-model href="http://pds.nasa.gov/pds4/pds/v1/PDS4_PDS_1101.sch"
    schematypens="http://purl.oclc.org/dsdl/schematron"?>
<?xml-model href="http://pds.nasa.gov/pds4/disp/v1/PDS4_DISP_1100.sch"
    schematypens="http://purl.oclc.org/dsdl/schematron"?>

<Product_Observational 
    xmlns="http://pds.nasa.gov/pds4/pds/v1"
    xmlns:disp="http://pds.nasa.gov/pds4/disp/v1"
    xmlns:mgs="http://pds.nasa.gov/pds4/mission/mgs/v0"
    xmlns:pds="http://pds.nasa.gov/pds4/pds/v1"
    xmlns:xsi="http://www.w3.org/2001/XMLSchema-instance"
    xsi:schemaLocation="http://pds.nasa.gov/pds4/pds/v1
                        http://pds.nasa.gov/pds4/pds/v1/PDS4_PDS_11xx.xsd
    
                        http://pds.nasa.gov/pds4/disp/v1
                        http://pds.nasa.gov/pds4/disp/v1/PDS4_DISP_11xx.xsd">
    
    <Identification_Area>
        <logical_identifier>urn:nasa:pds:mgs_moc_dsdp:data:spo-2-406_03</logical_identifier>
        <version_id>1.0</version_id>
        <title>WEST EDGE OF SMOOTH SURFACE UNIT IN CENTRAL SINUS MERIDIANI</title>
        <information_model_version>1.1.0.1</information_model_version>
        <product_class>Product_Observational</product_class>
        <Alias_List>
            <Alias>
                <alternate_id>SPO-2-406/03</alternate_id>
                <comment>PDS3 PRODUCT_ID</comment>
            </Alias>
        </Alias_List>
        <Modification_History>
            <Modification_Detail>
                <modification_date>2013-11-14</modification_date>
                <version_id>1.0</version_id>
                <description>Test migration from PDS4.</description>
            </Modification_Detail>
        </Modification_History>
    </Identification_Area>
    <Observation_Area>
        <Time_Coordinates>
            <start_date_time>1998-07-04T15:02:50.12Z</start_date_time>
            <stop_date_time>1998-07-04T15:03:07.41Z</stop_date_time>
        </Time_Coordinates>
        <Primary_Result_Summary>
            <purpose>Science</purpose>
            <processing_level>Raw</processing_level>
            <Science_Facets>
                <wavelength_range>Visible</wavelength_range>
                <wavelength_range>Infrared</wavelength_range>
                <domain>Surface</domain>
                <discipline_name>Imaging</discipline_name>
            </Science_Facets>
        </Primary_Result_Summary>
        <Investigation_Area>
            <name>MARS GLOBAL SURVEYOR</name>
            <type>Mission</type>
            <Internal_Reference>
                <lid_reference>urn:nasa:pds:context:investigation:mission.mars_global_surveyor</lid_reference>
                <reference_type>data_to_investigation</reference_type>
                <comment>This is the PDS4 logical identifier for the Mars Global 
                    Surveyor mission.</comment>
            </Internal_Reference>
        </Investigation_Area>
        <Observing_System>
            <Observing_System_Component>
                <name>MARS GLOBAL SURVEYOR</name>
                <type>Spacecraft</type>
                <Internal_Reference>
                    <lid_reference>urn:nasa:pds:context:instrument_host:instrument_host.mgs</lid_reference>
                    <reference_type>is_instrument_host</reference_type>
                    <comment>This is the PDS4 logical identifier for the Mars Global
                        Surveyor spacecraft.</comment>
                </Internal_Reference>
            </Observing_System_Component>
            <Observing_System_Component>
                <name>MARS ORBITER CAMERA for MGS</name>
                <type>Instrument</type>
                <Internal_Reference>
                    <lid_reference>urn:nasa:pds:context:instrument:instrument.moc__mgs</lid_reference>
                    <reference_type>is_instrument</reference_type>
                    <comment>This is the PDS4 logical identifier for the Mars Observer
                        Camera onboard the MGS spacecraft.</comment>
                </Internal_Reference>
            </Observing_System_Component>
        </Observing_System>
        <Target_Identification>
            <name>MARS</name>
            <type>Planet</type>
            <Internal_Reference>
                <lid_reference>urn:nasa:pds:context:target:planet.mars</lid_reference>
                <reference_type>data_to_target</reference_type>
                <comment>This is the PDS4 logical identifier for the planet Mars.</comment>
            </Internal_Reference>
        </Target_Identification>

        <Discipline_Area>
            <disp:Display_Settings>
                <disp:Local_Internal_Reference>
                    <disp:local_identifier_reference>IMAGE DATA</disp:local_identifier_reference>
                    <disp:local_reference_type>display_settings_to_array</disp:local_reference_type>
                </disp:Local_Internal_Reference>
                <disp:Display_Direction>
                    <disp:horizontal_display_axis>Sample</disp:horizontal_display_axis>
                    <disp:horizontal_display_direction>Left to Right</disp:horizontal_display_direction>
                    <disp:vertical_display_axis>Line</disp:vertical_display_axis>
                    <disp:vertical_display_direction>Top to Bottom</disp:vertical_display_direction>
                </disp:Display_Direction>
            </disp:Display_Settings>
        </Discipline_Area>

    </Observation_Area>

    <Reference_List>
        <Internal_Reference>
            <lid_reference>urn:nasa:pds:mgs_moc_dsdp:document:moc_dsdp_sis</lid_reference>
            <reference_type>data_to_document</reference_type>
            <comment>This is the PDS4 logical identfier for the MGS
                MOC DSDP Software Interface Specification.</comment>
        </Internal_Reference>
    </Reference_List>

    <File_Area_Observational>
        <File>
            <file_name>sample_display_2d.img</file_name>
            <local_identifier>DATA FILE</local_identifier>
            <creation_date_time>1999-02-24T21:56:51Z</creation_date_time>
            <file_size unit="byte">5769216</file_size>
            <md5_checksum>c1b5b2b041ea99def4907b4463a8ffc1</md5_checksum>
        </File>
        <Header>
            <local_identifier>PDS3 HEADER</local_identifier>
            <offset unit="byte">0</offset>
            <object_length unit="byte">2048</object_length>
            <parsing_standard_id>PDS3</parsing_standard_id>
        </Header>
        <Array_2D_Image>
            <local_identifier>IMAGE DATA</local_identifier>
            <offset unit="byte">2048</offset>
            <axes>2</axes>
            <axis_index_order>Last Index Fastest</axis_index_order>
            <Element_Array>
                <data_type>UnsignedByte</data_type>
            </Element_Array>
            <Axis_Array>
                <axis_name>Sample</axis_name>
                <elements>1024</elements>
                <sequence_number>1</sequence_number>
            </Axis_Array>
            <Axis_Array>
                <axis_name>Line</axis_name>
                <elements>5632</elements>
                <sequence_number>2</sequence_number>
            </Axis_Array>
            <Object_Statistics>
                <bit_mask>11111111</bit_mask>
                <md5_checksum>ebf3c1af351dd5622dc68a3501678f67</md5_checksum>
            </Object_Statistics>
        </Array_2D_Image>
    </File_Area_Observational>
    
</Product_Observational>
