[
  {
    "dataDictionary": {
      "Title": "PDS4 Data Dictionary" ,
      "Version": "1.14.0.0" ,
      "Date": "Tue Sep 29 07:29:00 PDT 2020" ,
      "Description": "This document is a dump of the contents of the PDS4 Data Dictionary" ,
      "classDictionary": [
        {
          "class": {
            "identifier": "0001_NASA_PDS_1.ctli.Type_List" ,
            "title": "Type_List" ,
            "registrationAuthorityId": "0001_NASA_PDS_1" ,
            "nameSpaceId": "ctli" ,
            "steward": "ctli" ,
            "versionId": "1.0.0.0" ,
            "isAbstract": "false" ,
            "isDeprecated": "false" ,
            "description": "The Type List class provides a list of values and their value meanings."
              , "associationList": [
             {"association": {
                "identifier": "0001_NASA_PDS_1.ctli.Type_List.ctli.type" ,
                "title": "type" ,
                "assocType": "attribute_of" ,
                "isAttribute": "true" ,
                "isChoice": "false" ,
                "isAny": "false" ,
                "groupName": "null" ,
                "minimumCardinality": "1" ,
                "maximumCardinality": "*" ,
                "classOrder": "1010" ,
                "attributeId": [
                  "0001_NASA_PDS_1.ctli.Type_List.ctli.type"
                 ]
              }
            }
           , {"association": {
                "identifier": "0001_NASA_PDS_1.ctli.Type_List.ctli.subtype" ,
                "title": "subtype" ,
                "assocType": "attribute_of" ,
                "isAttribute": "true" ,
                "isChoice": "false" ,
                "isAny": "false" ,
                "groupName": "null" ,
                "minimumCardinality": "0" ,
                "maximumCardinality": "*" ,
                "classOrder": "1020" ,
                "attributeId": [
                  "0001_NASA_PDS_1.ctli.Type_List.ctli.subtype"
                 ]
              }
            }
           ]
          }
        }
      ]
    , "attributeDictionary": [
        {
          "attribute": {
            "identifier": "0001_NASA_PDS_1.ctli.Type_List.ctli.subtype" ,
            "title": "subtype" ,
            "registrationAuthorityId": "0001_NASA_PDS_1" ,
            "nameSpaceId": "ctli" ,
            "steward": "ctli" ,
            "versionId": "1.14" ,
            "description": "The subtype attribute provides additional nuance or clarity to the type attribute." ,
            "isNillable": "false" ,
            "isEnumerated": "false" ,
            "isDeprecated": "false" ,
            "dataType": "UTF8_Short_String_Collapsed" ,
            "dataTypeId": "0001_NASA_PDS_1.pds.UTF8_Short_String_Collapsed" ,
            "minimumCharacters": "1" ,
            "maximumCharacters": "255" ,
            "minimumValue": "Unbounded" ,
            "maximumValue": "Unbounded" ,
            "pattern": "null" ,
            "unitOfMeasure": "null" ,
            "unitOfMeasureId": "null" ,
            "unitId": "null" ,
            "defaultUnitId": "null"
          }
        }
      , {
          "attribute": {
            "identifier": "0001_NASA_PDS_1.ctli.Type_List.ctli.type" ,
            "title": "type" ,
            "registrationAuthorityId": "0001_NASA_PDS_1" ,
            "nameSpaceId": "ctli" ,
            "steward": "ctli" ,
            "versionId": "1.14" ,
            "description": " The type attribute provides a character string which uniquely identifies the object. " ,
            "isNillable": "false" ,
            "isEnumerated": "true" ,
            "isDeprecated": "false" ,
            "dataType": "UTF8_Short_String_Collapsed" ,
            "dataTypeId": "0001_NASA_PDS_1.pds.UTF8_Short_String_Collapsed" ,
            "minimumCharacters": "1" ,
            "maximumCharacters": "255" ,
            "minimumValue": "Unbounded" ,
            "maximumValue": "Unbounded" ,
            "pattern": "null" ,
            "unitOfMeasure": "null" ,
            "unitOfMeasureId": "null" ,
            "unitId": "null" ,
            "defaultUnitId": "null"
          }
        }
      ]
    }
  }
]
