<?xml version="1.0" encoding="UTF-8"?>
<?xml-model
    href="https://pds.nasa.gov/pds4/pds/v1/PDS4_PDS_1I00.sch"
    schematypens="http://purl.oclc.org/dsdl/schematron"?>

<Ingest_LDD xmlns="http://pds.nasa.gov/pds4/pds/v1"
            xmlns:xsi="http://www.w3.org/2001/XMLSchema-instance"
            xsi:schemaLocation="http://pds.nasa.gov/pds4/pds/v1
                                https://pds.nasa.gov/pds4/pds/v1/PDS4_PDS_1I00.xsd">
  
  <name>Machine Learning Analysis</name>
  <ldd_version_id>1.2.0.0</ldd_version_id>
  <dictionary_type>Discipline</dictionary_type>
  <full_name>Sara A. Bond</full_name>
  <steward_id>img</steward_id>
  <namespace_id>ml</namespace_id>
  <comment>This data dictionary enables the specification of metadata that
    describes products generated by the use of a machine learning
    model.  It captures information about how the model was trained
    and evaluated. 
  
    ## CHANGE LOG ##
    1.2.0.0
    - Add several new classes: Optimization Algorithm; Augmentation Method; 
        Preprocessing Method; Trained Model Hyperparameter; 
        Trained Model Architecture; Calibration Method; Trained Model File.
    - Add trained_model_creation_date attribute to Trained Machine Learning Model class.
    - Add trained_model_objective_function_name and trained_model_objective_function_description to 
        Machine Learning Algorithm class. 
        
    1.1.0.0
    - Change data_set_size to data_set_count.
    - Expand attribute definitions.
    - Update steward name.
    
    1.0.1.0
    - Address Oxygen-flagged errors.
    - Make data_set_size a ASCII_NonNegative_Integer.
    - Update some attribute and class definitions.
    - Update README file per latest template.
    - Use PDS Information Model 1.18 (I).

    1.0.0.0
    - Initial release.
  </comment>
  <last_modification_date_time>2022-06-30</last_modification_date_time>

  <!-- Attributes -->
  
  <!-- Attributes for the Data_Set classes. -->
  
  <DD_Attribute>
    <name>data_set_count</name>
    <version_id>1.1</version_id>
    <local_identifier>data_set_count</local_identifier>
    <nillable_flag>false</nillable_flag>
    <submitter_name>Minh Le</submitter_name>
    <definition>The data_set_count attribute provides the number of
    items in the data set.</definition> 
    <DD_Value_Domain>
      <enumeration_flag>false</enumeration_flag>
      <value_data_type>ASCII_NonNegative_Integer</value_data_type>
      <minimum_value>1</minimum_value>
      <unit_of_measure_type>Units_of_None</unit_of_measure_type>
    </DD_Value_Domain>
  </DD_Attribute>
  <DD_Attribute>
    <name>data_set_version_id</name>
    <version_id>1.0</version_id>
    <local_identifier>data_set_version_id</local_identifier>
    <nillable_flag>false</nillable_flag>
    <submitter_name>Minh Le</submitter_name>
    <definition>The data_set_version_id attribute specifies the data
    set version number.</definition> 
    <DD_Value_Domain>
      <enumeration_flag>false</enumeration_flag>
      <value_data_type>ASCII_VID</value_data_type>
      <unit_of_measure_type>Units_of_None</unit_of_measure_type>
    </DD_Value_Domain>
  </DD_Attribute>
    
  <!-- Attributes for the Augmentation_Method class. -->   
  <DD_Attribute>
    <name>augmentation_method_name</name>
    <version_id>1.0</version_id>
    <local_identifier>augmentation_method_name</local_identifier>
    <nillable_flag>true</nillable_flag>
    <submitter_name>Sara Bond</submitter_name>
    <definition>The augmentation_method_name attribute names any method by which an image was augmented, e.g. 180 degrees counterclockwise rotation; horizontal flipping; brightness adjustment.</definition> 
    <DD_Value_Domain>
      <enumeration_flag>false</enumeration_flag>
      <value_data_type>ASCII_Short_String_Collapsed</value_data_type>
    </DD_Value_Domain>
  </DD_Attribute>
  <DD_Attribute>
    <name>augmentation_method_description</name>
    <version_id>1.0</version_id>
    <local_identifier>augmentation_method_description</local_identifier>
    <nillable_flag>true</nillable_flag>
    <submitter_name>Sara Bond</submitter_name>
    <definition>The augmentation_method_description attribute describes the augmentation method in more detail.</definition> 
    <DD_Value_Domain>
      <enumeration_flag>false</enumeration_flag>
      <value_data_type>ASCII_Short_String_Collapsed</value_data_type>
    </DD_Value_Domain>
  </DD_Attribute>
  <DD_Attribute>
    <name>augmentation_method_parameter</name>
    <version_id>1.0</version_id>
    <local_identifier>augmentation_method_parameter</local_identifier>
    <nillable_flag>true</nillable_flag>
    <submitter_name>Sara Bond</submitter_name>
    <definition>The augmentation_method_parameter attribute names any parameters, e.g. gamma.</definition> 
    <DD_Value_Domain>
      <enumeration_flag>false</enumeration_flag>
      <value_data_type>ASCII_Short_String_Collapsed</value_data_type>
    </DD_Value_Domain>
  </DD_Attribute>
  <DD_Attribute>
    <name>augmentation_method_parameter_value</name>
    <version_id>1.0</version_id>
    <local_identifier>augmentation_method_parameter_value</local_identifier>
    <nillable_flag>true</nillable_flag>
    <submitter_name>Sara Bond</submitter_name>
    <definition>The augmentation_method_parameter_value attribute specifies the value of the named parameter, e.g. for a parameter "gamma," the value could be [0.5, 1.5].</definition> 
    <DD_Value_Domain>
      <enumeration_flag>false</enumeration_flag>
      <value_data_type>ASCII_Short_String_Collapsed</value_data_type>
    </DD_Value_Domain>
  </DD_Attribute>
  
  <!-- Attributes for the Preprocessing_Method class. -->  
  <DD_Attribute>
    <name>preprocessing_method_name</name>
    <version_id>1.0</version_id>
    <local_identifier>preprocessing_method_name</local_identifier>
    <nillable_flag>true</nillable_flag>
    <submitter_name>Sara Bond</submitter_name>
    <definition>The preprocessing_method_name attribute names any method by which an image was preprocessed, e.g. center cropping.</definition> 
    <DD_Value_Domain>
      <enumeration_flag>false</enumeration_flag>
      <value_data_type>ASCII_Short_String_Collapsed</value_data_type>
    </DD_Value_Domain>
  </DD_Attribute>
  <DD_Attribute>
    <name>preprocessing_method_description</name>
    <version_id>1.0</version_id>
    <local_identifier>preprocessing_method_description</local_identifier>
    <nillable_flag>true</nillable_flag>
    <submitter_name>Sara Bond</submitter_name>
    <definition>The preprocessing_method_description attribute describes the preprocessing method in more detail.</definition> 
    <DD_Value_Domain>
      <enumeration_flag>false</enumeration_flag>
      <value_data_type>ASCII_Short_String_Collapsed</value_data_type>
    </DD_Value_Domain>
  </DD_Attribute>
  <DD_Attribute>
    <name>preprocessing_method_parameter</name>
    <version_id>1.0</version_id>
    <local_identifier>preprocessing_method_parameter</local_identifier>
    <nillable_flag>true</nillable_flag>
    <submitter_name>Sara Bond</submitter_name>
    <definition>The preprocessing_method_parameter attribute names any preprocessing parameters.</definition> 
    <DD_Value_Domain>
      <enumeration_flag>false</enumeration_flag>
      <value_data_type>ASCII_Short_String_Collapsed</value_data_type>
    </DD_Value_Domain>
  </DD_Attribute>
  <DD_Attribute>
    <name>preprocessing_method_parameter_value</name>
    <version_id>1.0</version_id>
    <local_identifier>preprocessing_method_parameter_value</local_identifier>
    <nillable_flag>true</nillable_flag>
    <submitter_name>Sara Bond</submitter_name>
    <definition>The preprocessing_method_parameter_value attribute specifies the value of the named preprocessing parameter.</definition> 
    <DD_Value_Domain>
      <enumeration_flag>false</enumeration_flag>
      <value_data_type>ASCII_Short_String_Collapsed</value_data_type>
    </DD_Value_Domain>
  </DD_Attribute>

  <!-- Attributes for the Machine_Learning_Algorithm class. -->
  
  <DD_Attribute>
    <name>algorithm_learning_style</name>
    <version_id>1.0</version_id>
    <local_identifier>algorithm_learning_style</local_identifier>
    <nillable_flag>false</nillable_flag>
    <submitter_name>Minh Le</submitter_name>
    <definition>The algorithm_learning_style attribute describes the
    type of learning style employed by the algorithm to solve a
    problem.  Specifically, the learning style depends on whether
    labeled or unlabeled data was employed to train the model.
    Labeled data includes observations that are associated with a
    desired output such as a class or numeric value.</definition> 
    <DD_Value_Domain>
      <enumeration_flag>true</enumeration_flag>
      <value_data_type>ASCII_Short_String_Collapsed</value_data_type>
      <DD_Permissible_Value>
        <value>Supervised_Learning</value>
        <value_meaning>Supervised_Learning indicates that labeled data
        has been used to train a model to yield the desired
        output.</value_meaning>
      </DD_Permissible_Value>
      <DD_Permissible_Value>
        <value>Semisupervised_Learning</value>
        <value_meaning>Both labeled data and unlabeled data were used
        to inform the model.</value_meaning> 
      </DD_Permissible_Value>
      <DD_Permissible_Value>
        <value>Unsupervised_Learning</value>
        <value_meaning>The algorithm did not employ any labeled data
        and instead discovered patterns from unlabeled
        data.</value_meaning>
      </DD_Permissible_Value>
    </DD_Value_Domain>
  </DD_Attribute>
  <DD_Attribute>
    <name>algorithm_type</name>
    <version_id>1.0</version_id>
    <local_identifier>algorithm_type</local_identifier>
    <nillable_flag>false</nillable_flag>
    <submitter_name>Minh Le</submitter_name>
    <definition>The algorithm_type attribute describes the kind of
    algorithm used, such as a regression model, neural network, tree,
    etc.</definition>
    <comment>We plan to expand the list of permissible values.</comment>
    <DD_Value_Domain>
      <enumeration_flag>true</enumeration_flag>
      <value_data_type>ASCII_Short_String_Collapsed</value_data_type>
      <DD_Permissible_Value>
        <value>Convolutional_Neural_Network_Classifier</value>
        <value_meaning>The algorithm used for data analysis is a
        Convolutional Neural Network (CNN) Classifier.</value_meaning> 
      </DD_Permissible_Value>
    </DD_Value_Domain>
  </DD_Attribute>
  <DD_Attribute>
    <name>algorithm_name</name>
    <version_id>1.1</version_id>
    <local_identifier>algorithm_name</local_identifier>
    <nillable_flag>false</nillable_flag>
    <submitter_name>Minh Le</submitter_name>
    <definition>The algorithm_name attribute specifies the name of the
    algorithm used.</definition> 
    <DD_Value_Domain>
      <enumeration_flag>false</enumeration_flag>
      <value_data_type>ASCII_Short_String_Collapsed</value_data_type>
    </DD_Value_Domain>
  </DD_Attribute>
    <DD_Attribute>
        <name>trained_model_objective_function_name</name>
        <version_id>1.0</version_id>
        <local_identifier>trained_model_objective_function_name</local_identifier>
        <nillable_flag>false</nillable_flag>
        <submitter_name>Sara Bond</submitter_name>
        <definition>The trained_model_objective_function_name attribute specifies the name of the objective function used.</definition> 
        <DD_Value_Domain>
            <enumeration_flag>false</enumeration_flag>
            <value_data_type>ASCII_Short_String_Collapsed</value_data_type>
        </DD_Value_Domain>
    </DD_Attribute>
    <DD_Attribute>
        <name>trained_model_objective_function_description</name>
        <version_id>1.0</version_id>
        <local_identifier>trained_model_objective_function_description</local_identifier>
        <nillable_flag>false</nillable_flag>
        <submitter_name>Sara Bond</submitter_name>
        <definition>The trained_model_objective_function_description attribute describes the objective function used.</definition> 
        <DD_Value_Domain>
            <enumeration_flag>false</enumeration_flag>
            <value_data_type>ASCII_Short_String_Collapsed</value_data_type>
        </DD_Value_Domain>
    </DD_Attribute>
    
  <!-- Attributes for the Test_Performance class. -->

  <DD_Attribute>
    <name>performance_measure</name>
    <version_id>1.0</version_id>
    <local_identifier>performance_measure</local_identifier>
    <nillable_flag>false</nillable_flag>
    <submitter_name>Kiri L. Wagstaff</submitter_name>
    <definition>The performance_measure attribute specifies the name
    of the measure (or metric) used to report performance of the
    model on the test set.</definition>
    <DD_Value_Domain>
      <enumeration_flag>false</enumeration_flag>
      <value_data_type>ASCII_Short_String_Collapsed</value_data_type>
    </DD_Value_Domain>
  </DD_Attribute>

  <DD_Attribute>
    <name>performance_score</name>
    <version_id>1.0</version_id>
    <local_identifier>performance_score</local_identifier>
    <nillable_flag>false</nillable_flag>
    <submitter_name>Kiri L. Wagstaff</submitter_name>
    <definition>The performance_score attribute reports the numeric
    score the model achieved using performance_measure on the test
    set.  Values are not constrained since the measure may not be a
    strict metric.  Examples could include accuracy, loss, runtime,
    memory consumption, etc.</definition> 
    <DD_Value_Domain>
      <enumeration_flag>false</enumeration_flag>
      <value_data_type>ASCII_Real</value_data_type>
      <unit_of_measure_type>Units_of_None</unit_of_measure_type>
    </DD_Value_Domain>
  </DD_Attribute>
  
  <!-- Attributes for the Trained_Machine_Learning_Model class. -->

  <DD_Attribute>
    <name>trained_model_version_id</name>
    <version_id>1.0</version_id>
    <local_identifier>trained_model_version_id</local_identifier>
    <nillable_flag>false</nillable_flag>
    <submitter_name>Kiri L. Wagstaff</submitter_name>
    <definition>The trained_model_version_id attribute specifies the
    trained model version number.</definition> 
    <DD_Value_Domain>
      <enumeration_flag>false</enumeration_flag>
      <value_data_type>ASCII_VID</value_data_type>
      <unit_of_measure_type>Units_of_None</unit_of_measure_type>
    </DD_Value_Domain>
  </DD_Attribute>
  <DD_Attribute>
    <name>trained_model_name</name>
    <version_id>1.0</version_id>
    <local_identifier>trained_model_name</local_identifier>
    <nillable_flag>false</nillable_flag>
    <submitter_name>Kiri L. Wagstaff</submitter_name>
    <definition>The trained_model_name attribute specifies the name of the
    model used.</definition> 
    <DD_Value_Domain>
      <enumeration_flag>false</enumeration_flag>
      <value_data_type>ASCII_Short_String_Collapsed</value_data_type>
    </DD_Value_Domain>
  </DD_Attribute>
   <DD_Attribute>
    <name>trained_model_creation_date</name>
     <version_id>1.0</version_id>
     <local_identifier>trained_model_creation_date</local_identifier>
     <nillable_flag>false</nillable_flag>
     <submitter_name>Sara Bond</submitter_name>
     <definition>The trained_model_creation_date attribute specifies the date that the model was created, in Year/Month/Day format.</definition> 
     <DD_Value_Domain>
         <enumeration_flag>false</enumeration_flag>
         <value_data_type>ASCII_Date_YMD</value_data_type>
       <unit_of_measure_type>Units_of_None</unit_of_measure_type>
     </DD_Value_Domain>
   </DD_Attribute>

  <!-- Attributes for the Optimization_Algorithm class. -->
  <DD_Attribute>
    <name>optimization_algorithm_name</name>
    <version_id>1.0</version_id>
    <local_identifier>optimization_algorithm_name</local_identifier>
    <nillable_flag>false</nillable_flag>
    <submitter_name>Sara Bond</submitter_name>
    <definition>The optimization_algorithm_name attribute specifies the name of the
      operation algorithm, e.g. "stochastic gradient descent."</definition> 
    <DD_Value_Domain>
      <enumeration_flag>false</enumeration_flag>
      <value_data_type>ASCII_Short_String_Collapsed</value_data_type>
    </DD_Value_Domain>
  </DD_Attribute>
  <DD_Attribute>
    <name>optimization_algorithm_description</name>
    <version_id>1.0</version_id>
    <local_identifier>optimization_algorithm_description</local_identifier>
    <nillable_flag>false</nillable_flag>
    <submitter_name>Sara Bond</submitter_name>
    <definition>The optimization_algorithm_description attribute specifies any additional details about the optimization algorithm.</definition> 
    <DD_Value_Domain>
      <enumeration_flag>false</enumeration_flag>
      <value_data_type>ASCII_Short_String_Collapsed</value_data_type>
    </DD_Value_Domain>
  </DD_Attribute>
  <DD_Attribute>
    <name>optimization_algorithm_parameter</name>
    <version_id>1.0</version_id>
    <local_identifier>optimization_algorithm_parameter</local_identifier>
    <nillable_flag>false</nillable_flag>
    <submitter_name>Sara Bond</submitter_name>
    <definition>The optimization_algorithm_parameter attribute specifies the name of a parameter used, e.g. "conv1 learning rate," or "weight decay."</definition> 
    <DD_Value_Domain>
      <enumeration_flag>false</enumeration_flag>
      <value_data_type>ASCII_Short_String_Collapsed</value_data_type>
    </DD_Value_Domain>
  </DD_Attribute>
  <DD_Attribute>
    <name>optimization_algorithm_parameter_value</name>
    <version_id>1.0</version_id>
    <local_identifier>optimization_algorithm_parameter_value</local_identifier>
    <nillable_flag>false</nillable_flag>
    <submitter_name>Sara Bond</submitter_name>
    <definition>The optimization_algorithm_parameter_value attribute specifies the value of the named parameter, e.g. for a parameter "conv1 learning rate," the value could be "0.001."</definition> 
    <DD_Value_Domain>
      <enumeration_flag>false</enumeration_flag>
      <value_data_type>ASCII_Short_String_Collapsed</value_data_type>
    </DD_Value_Domain>
  </DD_Attribute>
  
  <!-- Attributes for the Trained_Model_Hyperparameter class. -->
  <DD_Attribute>
    <name>trained_model_hyperparameter_name</name>
    <version_id>1.0</version_id>
    <local_identifier>trained_model_hyperparameter_name</local_identifier>
    <nillable_flag>false</nillable_flag>
    <submitter_name>Sara Bond</submitter_name>
    <definition>The trained_model_hyperparameter_name attribute specifies the name of the hyperparameter, e.g. "batch size," "normalization method," "number of epochs," "conv1 dropout rate," "conv2 dropout rate."</definition> 
    <DD_Value_Domain>
      <enumeration_flag>false</enumeration_flag>
      <value_data_type>ASCII_Short_String_Collapsed</value_data_type>

    </DD_Value_Domain>
  </DD_Attribute>
  <DD_Attribute>
    <name>trained_model_hyperparameter_value</name>
    <version_id>1.0</version_id>
    <local_identifier>trained_model_hyperparameter_value</local_identifier>
    <nillable_flag>false</nillable_flag>
    <submitter_name>Sara Bond</submitter_name>
    <definition>The trained_model_hyperparameter_value attribute specifies the value of the hyperparameter named, e.g."z-score" for normalization method, "100" for "number of epochs."</definition> 
    <DD_Value_Domain>
      <enumeration_flag>false</enumeration_flag>
      <value_data_type>ASCII_Short_String_Collapsed</value_data_type>
    </DD_Value_Domain>
  </DD_Attribute>
  
<!-- Attributes for the Trained_Model_Architecture class. -->
  <DD_Attribute>
  <name>trained_model_architecture_name</name>
  <version_id>1.0</version_id>
  <local_identifier>trained_model_architecture_name</local_identifier>
  <nillable_flag>false</nillable_flag>
  <submitter_name>Sara Bond</submitter_name>
  <definition>The trained_model_architecture_name attribute specifies the name of the architecture, e.g. "MSLNet."</definition> 
  <DD_Value_Domain>
    <enumeration_flag>false</enumeration_flag>
    <value_data_type>ASCII_Short_String_Collapsed</value_data_type>
    <unit_of_measure_type>Units_of_None</unit_of_measure_type>
  </DD_Value_Domain>
  </DD_Attribute>
  <DD_Attribute>
    <name>trained_model_architecture_version_id</name>
    <version_id>1.0</version_id>
    <local_identifier>trained_model_architecture_version_id</local_identifier>
      <nillable_flag>false</nillable_flag>
      <submitter_name>Sara Bond</submitter_name>
      <definition> The trained_model_architecture_version_id attribute specifies the architecture version number.</definition> 
      <DD_Value_Domain>
        <enumeration_flag>false</enumeration_flag>
        <value_data_type>ASCII_VID</value_data_type>
        <unit_of_measure_type>Units_of_None</unit_of_measure_type>
      </DD_Value_Domain>
    </DD_Attribute>
  <DD_Attribute>
    <name>trained_model_architecture_description</name>
    <version_id>1.0</version_id>
    <local_identifier>trained_model_architecture_description</local_identifier>
    <nillable_flag>false</nillable_flag>
    <submitter_name>Sara Bond</submitter_name>
    <definition>The trained_model_architecture_description attribute specifies any additional details about the architecture.</definition> 
    <DD_Value_Domain>
      <enumeration_flag>false</enumeration_flag>
      <value_data_type>ASCII_Short_String_Collapsed</value_data_type>
      <unit_of_measure_type>Units_of_None</unit_of_measure_type>
    </DD_Value_Domain>
  </DD_Attribute>
  
  
  <!-- Attributes for the Calibration_Method class. -->
  <DD_Attribute>
    <name>calibration_method_name</name>
    <version_id>1.0</version_id>
    <local_identifier>calibration_method_name</local_identifier>
    <nillable_flag>false</nillable_flag>
    <submitter_name>Sara Bond</submitter_name>
    <definition>The calibration_method_name attribute specifies the name of the calibration used, e.g. "temperature scaling."</definition> 
    <DD_Value_Domain>
      <enumeration_flag>false</enumeration_flag>
      <value_data_type>ASCII_Short_String_Collapsed</value_data_type>
    </DD_Value_Domain>
  </DD_Attribute>
  <DD_Attribute>
    <name>calibration_method_description</name>
    <version_id>1.0</version_id>
    <local_identifier>calibration_method_description</local_identifier>
    <nillable_flag>false</nillable_flag>
    <submitter_name>Sara Bond</submitter_name>
    <definition>The calibration_method_description attribute specifies any additional details about the calibration method used.</definition> 
    <DD_Value_Domain>
      <enumeration_flag>false</enumeration_flag>
      <value_data_type>ASCII_Short_String_Collapsed</value_data_type>
    </DD_Value_Domain>
  </DD_Attribute>
  <DD_Attribute>
    <name>calibration_method_parameter</name>
    <version_id>1.0</version_id>
    <local_identifier>calibration_method_parameter</local_identifier>
    <nillable_flag>false</nillable_flag>
    <submitter_name>Sara Bond</submitter_name>
    <definition>The calibration_method_parameter attribute specifies the name of the parameter used, e.g. "temperature."</definition> 
    <DD_Value_Domain>
      <enumeration_flag>false</enumeration_flag>
      <value_data_type>ASCII_Short_String_Collapsed</value_data_type>
    </DD_Value_Domain>
  </DD_Attribute>
  <DD_Attribute>
    <name>calibration_method_parameter_value</name>
    <version_id>1.0</version_id>
    <local_identifier>calibration_method_parameter_value</local_identifier>
    <nillable_flag>false</nillable_flag>
    <submitter_name>Sara Bond</submitter_name>
    <definition>The calibration_method_parameter_value attribute sepcifies the value of the named parameter, e.g. for a parameter "temperature," the value could be "1.31."</definition> 
    <DD_Value_Domain>
      <enumeration_flag>false</enumeration_flag>
      <value_data_type>ASCII_Short_String_Collapsed</value_data_type>
    </DD_Value_Domain>
  </DD_Attribute>
  
  <!-- Attributes for the Trained_Model_File class. -->
  <DD_Attribute>
    <name>trained_model_file_name</name>
    <version_id>1.0</version_id>
    <local_identifier>trained_model_file_name</local_identifier>
    <nillable_flag>false</nillable_flag>
    <submitter_name>Sara Bond</submitter_name>
    <definition>The trained_model_file_name attribute specifies the name of the trained model file.</definition> 
    <DD_Value_Domain>
      <enumeration_flag>false</enumeration_flag>
      <value_data_type>ASCII_Short_String_Collapsed</value_data_type>
    </DD_Value_Domain>
  </DD_Attribute>
  <DD_Attribute>
    <name>trained_model_file_description</name>
    <version_id>1.0</version_id>
    <local_identifier>trained_model_file_description</local_identifier>
    <nillable_flag>false</nillable_flag>
    <submitter_name>Sara Bond</submitter_name>
    <definition>The trained_model_file_description attribute specifies any additional details about the trained model file, e.g. the file format.</definition> 
    <DD_Value_Domain>
      <enumeration_flag>false</enumeration_flag>
      <value_data_type>ASCII_Short_String_Collapsed</value_data_type>
    </DD_Value_Domain>
  </DD_Attribute>

  <!-- Classes -->
  
  <!-- Data_Set Classes -->

  <DD_Class>
    <name>Data_Set</name>
    <version_id>1.0</version_id>
    <local_identifier>Data_Set</local_identifier>
    <submitter_name>Minh Le</submitter_name>
    <definition>The Data_Set class is the container for classes
    and attributes describing the size and version of data sets used
    by the machine learning model.</definition>
    <abstract_flag>true</abstract_flag>
    <element_flag>false</element_flag>
    <DD_Association>
      <identifier_reference>data_set_version_id</identifier_reference>
      <reference_type>attribute_of</reference_type>
      <minimum_occurrences>1</minimum_occurrences>
      <maximum_occurrences>1</maximum_occurrences>
    </DD_Association>
    <DD_Association>
      <identifier_reference>data_set_count</identifier_reference>
      <reference_type>attribute_of</reference_type>
      <minimum_occurrences>1</minimum_occurrences>
      <maximum_occurrences>1</maximum_occurrences>
    </DD_Association>
    <DD_Association>
      <identifier_reference>Augmentation_Method</identifier_reference>
      <reference_type>component_of</reference_type>
      <minimum_occurrences>0</minimum_occurrences>
      <maximum_occurrences>*</maximum_occurrences>
    </DD_Association>
    <DD_Association>
      <identifier_reference>Preprocessing_Method</identifier_reference>
      <reference_type>component_of</reference_type>
      <minimum_occurrences>0</minimum_occurrences>
      <maximum_occurrences>*</maximum_occurrences>
    </DD_Association>
  </DD_Class>
  <DD_Class>
    <name>Training_Set</name>
    <version_id>1.0</version_id>
    <local_identifier>Training_Set</local_identifier>
    <submitter_name>Minh Le</submitter_name>
    <definition>The Training_Set class belongs to the Data_Set
    class family and contains attributes that describe the
    size and version of the data set used to train the machine
    learning model.</definition>
    <element_flag>false</element_flag>
    <DD_Association>
      <identifier_reference>Data_Set</identifier_reference>
      <reference_type>parent_of</reference_type>
      <minimum_occurrences>1</minimum_occurrences>
      <maximum_occurrences>1</maximum_occurrences>
    </DD_Association>
  </DD_Class>
  <DD_Class>
    <name>Validation_Set</name>
    <version_id>1.0</version_id>
    <local_identifier>Validation_Set</local_identifier>
    <submitter_name>Minh Le</submitter_name>
    <definition>The Validation_Set class belongs to the Data_Set
    class family and contains attributes that describe the
    size and version of the data set used to validate the machine
    learning model (e.g., to choose the best
    hyperparameters).</definition> 
    <element_flag>false</element_flag>
    <DD_Association>
      <identifier_reference>Data_Set</identifier_reference>
      <reference_type>parent_of</reference_type>
      <minimum_occurrences>1</minimum_occurrences>
      <maximum_occurrences>1</maximum_occurrences>
    </DD_Association>
  </DD_Class>
  <DD_Class>
    <name>Test_Set</name>
    <version_id>1.0</version_id>
    <local_identifier>Test_Set</local_identifier>
    <submitter_name>Minh Le</submitter_name>
    <definition>The Test_Set class belongs to the Data_Set class
    family and contains attributes describing the size and version of
    the data set used to test the machine learning model (i.e., in
    terms of generalization to previously unseen data).</definition>
    <element_flag>false</element_flag>
    <DD_Association>
      <identifier_reference>Data_Set</identifier_reference>
      <reference_type>parent_of</reference_type>
      <minimum_occurrences>1</minimum_occurrences>
      <maximum_occurrences>1</maximum_occurrences>
    </DD_Association>
  </DD_Class>
  
  <!-- Augmentation_Method Class -->
  <DD_Class>
  <name>Augmentation_Method</name>
  <version_id>1.0</version_id>
  <local_identifier>Augmentation_Method</local_identifier>
  <submitter_name>Sara Bond</submitter_name>
  <definition>The Augmentation_Method class contains information about
    a data set's augmentation method.</definition>
  <element_flag>false</element_flag>
    <DD_Association>
      <identifier_reference>augmentation_method_name</identifier_reference>
      <reference_type>attribute_of</reference_type>
      <minimum_occurrences>1</minimum_occurrences>
      <maximum_occurrences>*</maximum_occurrences>
    </DD_Association>
    <DD_Association>
      <identifier_reference>augmentation_method_description</identifier_reference>
      <reference_type>attribute_of</reference_type>
      <minimum_occurrences>1</minimum_occurrences>
      <maximum_occurrences>*</maximum_occurrences>
    </DD_Association>
    <DD_Association>
      <identifier_reference>augmentation_method_parameter</identifier_reference>
      <reference_type>attribute_of</reference_type>
      <minimum_occurrences>0</minimum_occurrences>
      <maximum_occurrences>*</maximum_occurrences>
    </DD_Association>
      <DD_Association>
        <identifier_reference>augmentation_method_parameter_value</identifier_reference>
        <reference_type>attribute_of</reference_type>
        <minimum_occurrences>0</minimum_occurrences>
        <maximum_occurrences>*</maximum_occurrences>
      </DD_Association>
    </DD_Class>
  
  <!-- Preprocessing_Method Class -->
  <DD_Class>
    <name>Preprocessing_Method</name>
    <version_id>1.0</version_id>
    <local_identifier>Preprocessing_Method</local_identifier>
    <submitter_name>Sara Bond</submitter_name>
    <definition>The Preprocessing_Method class contains information about
      a data set's preprocessing method.</definition>
    <element_flag>false</element_flag>
    
    <DD_Association>
      <identifier_reference>preprocessing_method_name</identifier_reference>
      <reference_type>attribute_of</reference_type>
      <minimum_occurrences>1</minimum_occurrences>
      <maximum_occurrences>1</maximum_occurrences>
    </DD_Association>
    <DD_Association>
      <identifier_reference>preprocessing_method_description</identifier_reference>
      <reference_type>attribute_of</reference_type>
      <minimum_occurrences>1</minimum_occurrences>
      <maximum_occurrences>1</maximum_occurrences>
    </DD_Association>
    <DD_Association>
      <identifier_reference>preprocessing_method_parameter</identifier_reference>
      <reference_type>attribute_of</reference_type>
      <minimum_occurrences>0</minimum_occurrences>
      <maximum_occurrences>*</maximum_occurrences>
    </DD_Association>
    <DD_Association>
      <identifier_reference>preprocessing_method_parameter_value</identifier_reference>
      <reference_type>attribute_of</reference_type>
      <minimum_occurrences>0</minimum_occurrences>
      <maximum_occurrences>*</maximum_occurrences>
    </DD_Association>
  </DD_Class>
  <!-- Test_Performance Class -->

  <DD_Class>
    <name>Test_Performance</name>
    <version_id>1.0</version_id>
    <local_identifier>Test_Performance</local_identifier>
    <submitter_name>Kiri L. Wagstaff</submitter_name>
    <definition>The Test_Performance class contains information about
    a trained model's performance on the test set.</definition>
    <element_flag>false</element_flag>
    <DD_Association>
      <identifier_reference>performance_measure</identifier_reference>
      <reference_type>attribute_of</reference_type>
      <minimum_occurrences>1</minimum_occurrences>
      <maximum_occurrences>1</maximum_occurrences>
    </DD_Association>
    <DD_Association>
      <identifier_reference>performance_score</identifier_reference>
      <reference_type>attribute_of</reference_type>
      <minimum_occurrences>1</minimum_occurrences>
      <maximum_occurrences>1</maximum_occurrences>
    </DD_Association>
  </DD_Class>

  <!-- Trained_Machine_Learning_Model Class -->

  <DD_Class>
    <name>Trained_Machine_Learning_Model</name>
    <version_id>1.0</version_id>
    <local_identifier>Trained_Machine_Learning_Model</local_identifier>
    <submitter_name>Minh Le</submitter_name>
    <definition>The Trained_Machine_Learning_Model class is a
    container for information about how a given model was trained and
    evaluated.  Machine_Learning_Algorithm, Training_Set, Optimization_Algorithm, 
    Trained_Model_Hyperparameter, and Trained_Model_File are
    required, while Validation_Set, Test_Set, Test_Performance, 
    Trained_Model_Architecture, and Calibration_Method
    are optional.</definition>  
    <element_flag>false</element_flag>
    <DD_Association>
      <identifier_reference>trained_model_version_id</identifier_reference>
      <reference_type>attribute_of</reference_type>
      <minimum_occurrences>1</minimum_occurrences>
      <maximum_occurrences>1</maximum_occurrences>
    </DD_Association>
    <DD_Association>
      <identifier_reference>trained_model_name</identifier_reference>
      <reference_type>attribute_of</reference_type>
      <minimum_occurrences>1</minimum_occurrences>
      <maximum_occurrences>1</maximum_occurrences>
    </DD_Association>
     <DD_Association>
         <identifier_reference>trained_model_creation_date</identifier_reference>
         <reference_type>attribute_of</reference_type>
         <minimum_occurrences>1</minimum_occurrences>
         <maximum_occurrences>1</maximum_occurrences>
     </DD_Association>
    <DD_Association>
      <identifier_reference>Machine_Learning_Algorithm</identifier_reference>
      <reference_type>component_of</reference_type>
      <minimum_occurrences>1</minimum_occurrences>
      <maximum_occurrences>1</maximum_occurrences>
    </DD_Association>
    <DD_Association>
      <identifier_reference>Training_Set</identifier_reference>
      <reference_type>component_of</reference_type>
      <minimum_occurrences>1</minimum_occurrences>
      <maximum_occurrences>1</maximum_occurrences>
    </DD_Association>
    <DD_Association>
      <identifier_reference>Validation_Set</identifier_reference>
      <reference_type>component_of</reference_type>
      <minimum_occurrences>0</minimum_occurrences>
      <maximum_occurrences>1</maximum_occurrences>
    </DD_Association>
    <DD_Association>
      <identifier_reference>Test_Set</identifier_reference>
      <reference_type>component_of</reference_type>
      <minimum_occurrences>0</minimum_occurrences>
      <maximum_occurrences>1</maximum_occurrences>
    </DD_Association>
    <DD_Association>
      <identifier_reference>Test_Performance</identifier_reference>
      <reference_type>component_of</reference_type>
      <minimum_occurrences>0</minimum_occurrences>
      <maximum_occurrences>*</maximum_occurrences>
    </DD_Association>
    <DD_Association>
        <identifier_reference>Optimization_Algorithm</identifier_reference>
        <reference_type>component_of</reference_type>
        <minimum_occurrences>1</minimum_occurrences>
        <maximum_occurrences>*</maximum_occurrences>
    </DD_Association>
      <DD_Association>
          <identifier_reference>Trained_Model_Hyperparameter</identifier_reference>
          <reference_type>component_of</reference_type>
          <minimum_occurrences>1</minimum_occurrences>
          <maximum_occurrences>*</maximum_occurrences>
      </DD_Association>
      <DD_Association>
          <identifier_reference>Trained_Model_Architecture</identifier_reference>
          <reference_type>component_of</reference_type>
          <minimum_occurrences>0</minimum_occurrences>
          <maximum_occurrences>*</maximum_occurrences>
      </DD_Association>
      <DD_Association>
          <identifier_reference>Calibration_Method</identifier_reference>
          <reference_type>component_of</reference_type>
          <minimum_occurrences>0</minimum_occurrences>
          <maximum_occurrences>*</maximum_occurrences>
      </DD_Association>
      <DD_Association>
          <identifier_reference>Trained_Model_File</identifier_reference>
          <reference_type>component_of</reference_type>
          <minimum_occurrences>1</minimum_occurrences>
          <maximum_occurrences>*</maximum_occurrences>
      </DD_Association>
  </DD_Class>
  
  <!-- Machine_Learning_Algorithm Class -->
  
  <DD_Class>
    <name>Machine_Learning_Algorithm</name>
    <version_id>1.0</version_id>
    <local_identifier>Machine_Learning_Algorithm</local_identifier>
    <submitter_name>Minh Le</submitter_name>
    <definition>The Machine_Learning_Algorithm class is a container
    for classes and and attributes describing the algorithm type and
    learning style used.  An external reference to a citation for the
    algorithm is required.</definition> 
    <element_flag>false</element_flag>
    <DD_Association>
      <identifier_reference>algorithm_learning_style</identifier_reference>
      <reference_type>attribute_of</reference_type>
      <minimum_occurrences>1</minimum_occurrences>
      <maximum_occurrences>1</maximum_occurrences>
    </DD_Association>
    <DD_Association>
      <identifier_reference>algorithm_type</identifier_reference>
      <reference_type>attribute_of</reference_type>
      <minimum_occurrences>1</minimum_occurrences>
      <maximum_occurrences>1</maximum_occurrences>
    </DD_Association>
    <DD_Association>
      <identifier_reference>algorithm_name</identifier_reference>
      <reference_type>attribute_of</reference_type>
      <minimum_occurrences>1</minimum_occurrences>
      <maximum_occurrences>1</maximum_occurrences>
    </DD_Association>
    <DD_Association>
          <identifier_reference>trained_model_objective_function_name</identifier_reference>
          <reference_type>attribute_of</reference_type>
          <minimum_occurrences>0</minimum_occurrences>
          <maximum_occurrences>1</maximum_occurrences>
    </DD_Association>
    <DD_Association>
          <identifier_reference>trained_model_objective_function_description</identifier_reference>
          <reference_type>attribute_of</reference_type>
          <minimum_occurrences>0</minimum_occurrences>
          <maximum_occurrences>1</maximum_occurrences>
    </DD_Association>      
    <DD_Association>
      <!-- Reference for the algorithm citation -->
      <identifier_reference>pds.External_Reference</identifier_reference>
      <reference_type>component_of</reference_type>
      <minimum_occurrences>1</minimum_occurrences>
      <maximum_occurrences>*</maximum_occurrences>
    </DD_Association>
  </DD_Class>

  <!-- Optimization_Algorithm Class -->
  <DD_Class>
    <name>Optimization_Algorithm</name>
    <version_id>1.0</version_id>
    <local_identifier>Optimization_Algorithm</local_identifier>
    <submitter_name>Sara Bond</submitter_name>
    <definition>The Optimization_Algorithm class is a container
      for classes and and attributes describing the optimization algorithm used.</definition> 
    <element_flag>false</element_flag>
    <DD_Association>
      <identifier_reference>optimization_algorithm_name</identifier_reference>
      <reference_type>attribute_of</reference_type>
      <minimum_occurrences>1</minimum_occurrences>
      <maximum_occurrences>1</maximum_occurrences>
    </DD_Association>
    <DD_Association>
      <identifier_reference>optimization_algorithm_description</identifier_reference>
      <reference_type>attribute_of</reference_type>
      <minimum_occurrences>1</minimum_occurrences>
      <maximum_occurrences>1</maximum_occurrences>
    </DD_Association>
      <DD_Association>
        <identifier_reference>optimization_algorithm_parameter</identifier_reference>
        <reference_type>attribute_of</reference_type>
        <minimum_occurrences>1</minimum_occurrences>
        <maximum_occurrences>1</maximum_occurrences>
      </DD_Association>
      <DD_Association>
        <identifier_reference>optimization_algorithm_parameter_value</identifier_reference>
        <reference_type>attribute_of</reference_type>
        <minimum_occurrences>1</minimum_occurrences>
        <maximum_occurrences>1</maximum_occurrences>
      </DD_Association>
  </DD_Class>
    
  <!-- Trained_Model_Hyperparameter Class -->
  <DD_Class>
    <name>Trained_Model_Hyperparameter</name>
    <version_id>1.0</version_id>
    <local_identifier>Trained_Model_Hyperparameter</local_identifier>
    <submitter_name>Sara Bond</submitter_name>
    <definition>The Trained_Model_Hyperparameter class is a container
      for classes and and attributes describing the trained model hyperparameter.</definition> 
    <element_flag>false</element_flag>
    <DD_Association>
      <identifier_reference>trained_model_hyperparameter_name</identifier_reference>
      <reference_type>attribute_of</reference_type>
      <minimum_occurrences>1</minimum_occurrences>
      <maximum_occurrences>1</maximum_occurrences>
    </DD_Association>
    <DD_Association>
      <identifier_reference>trained_model_hyperparameter_value</identifier_reference>
      <reference_type>attribute_of</reference_type>
      <minimum_occurrences>1</minimum_occurrences>
      <maximum_occurrences>1</maximum_occurrences>
    </DD_Association>
  </DD_Class>
    
  <!-- Trained_Model_Architecture Class -->
  <DD_Class>
    <name>Trained_Model_Architecture</name>
    <version_id>1.0</version_id>
    <local_identifier>Trained_Model_Architecture</local_identifier>
    <submitter_name>Sara Bond</submitter_name>
    <definition>The Trained_Model_Architecture class is a container
      for classes and and attributes describing the trained model architecture. An internal reference to the
      architecture is optional.</definition> 
    <element_flag>false</element_flag>
    <DD_Association>
      <identifier_reference>trained_model_architecture_name</identifier_reference>
      <reference_type>attribute_of</reference_type>
      <minimum_occurrences>1</minimum_occurrences>
      <maximum_occurrences>*</maximum_occurrences>
    </DD_Association>
    <DD_Association>
      <identifier_reference>trained_model_architecture_version_id</identifier_reference>
      <reference_type>attribute_of</reference_type>
      <minimum_occurrences>1</minimum_occurrences>
      <maximum_occurrences>*</maximum_occurrences>
    </DD_Association>
    <DD_Association>
      <identifier_reference>trained_model_architecture_description</identifier_reference>
      <reference_type>attribute_of</reference_type>
      <minimum_occurrences>1</minimum_occurrences>
      <maximum_occurrences>*</maximum_occurrences>
    </DD_Association>
    <DD_Association>
      <!-- Reference for the architecture -->
      <identifier_reference>pds.Internal_Reference</identifier_reference>
      <reference_type>component_of</reference_type>
      <minimum_occurrences>0</minimum_occurrences>
      <maximum_occurrences>*</maximum_occurrences>
    </DD_Association>
  </DD_Class> 
  
  <!-- Calibration_Method Class -->
  <DD_Class>
    <name>Calibration_Method</name>
    <version_id>1.0</version_id>
    <local_identifier>Calibration_Method</local_identifier>
    <submitter_name>Sara Bond</submitter_name>
    <definition>The Calibration_Method class is a container
      for classes and and attributes describing the Calibration Method. 
      An external reference to a citation, such as a DOI, is optional.</definition> 
    <element_flag>false</element_flag>
    <DD_Association>
      <identifier_reference>calibration_method_name</identifier_reference>
      <reference_type>attribute_of</reference_type>
      <minimum_occurrences>1</minimum_occurrences>
      <maximum_occurrences>1</maximum_occurrences>
    </DD_Association>
    <DD_Association>
      <identifier_reference>calibration_method_description</identifier_reference>
      <reference_type>attribute_of</reference_type>
      <minimum_occurrences>1</minimum_occurrences>
      <maximum_occurrences>1</maximum_occurrences>
    </DD_Association>
    <DD_Association>
      <identifier_reference>calibration_method_parameter</identifier_reference>
      <reference_type>attribute_of</reference_type>
      <minimum_occurrences>1</minimum_occurrences>
      <maximum_occurrences>1</maximum_occurrences>
    </DD_Association>
    <DD_Association>
      <identifier_reference>calibration_method_parameter_value</identifier_reference>
      <reference_type>attribute_of</reference_type>
      <minimum_occurrences>1</minimum_occurrences>
      <maximum_occurrences>1</maximum_occurrences>
    </DD_Association>
    
    <DD_Association>
      <!-- Reference for the calibration method paper DOI or other citation -->
      <identifier_reference>pds.External_Reference</identifier_reference>
      <reference_type>component_of</reference_type>
      <minimum_occurrences>0</minimum_occurrences>
      <maximum_occurrences>*</maximum_occurrences>
    </DD_Association>
  </DD_Class> 
  
  <!-- Trained_Model_File Class-->
  <DD_Class>
    <name>Trained_Model_File</name>
    <version_id>1.0</version_id>
    <local_identifier>Trained_Model_File</local_identifier>
    <submitter_name>Sara Bond</submitter_name>
    <definition>The Trained_Model_File class is a container
      for classes and and attributes describing the trained model file. An external reference for the
      trained model file is required.</definition> 
    <element_flag>false</element_flag>
    <DD_Association>
      <identifier_reference>trained_model_file_name</identifier_reference>
      <reference_type>attribute_of</reference_type>
      <minimum_occurrences>1</minimum_occurrences>
      <maximum_occurrences>1</maximum_occurrences>
    </DD_Association>
    <DD_Association>
      <identifier_reference>trained_model_file_description</identifier_reference>
      <reference_type>attribute_of</reference_type>
      <minimum_occurrences>1</minimum_occurrences>
      <maximum_occurrences>1</maximum_occurrences>
    </DD_Association>
    <DD_Association>
      <!-- Reference for the trained model file in PDS Annex  -->
      <identifier_reference>pds.External_Reference</identifier_reference>
      <reference_type>component_of</reference_type>
      <minimum_occurrences>1</minimum_occurrences>
      <maximum_occurrences>*</maximum_occurrences>
    </DD_Association>
  </DD_Class>
    
  <!-- Machine_Learning Class -->

  <DD_Class>
    <name>Machine_Learning</name>
    <version_id>1.0</version_id>
    <local_identifier>Machine_Learning</local_identifier>
    <submitter_name>Kiri L. Wagstaff</submitter_name>
    <definition>The Machine_Learning class is a container for all
    machine learning information in the label.
    </definition>
    <abstract_flag>false</abstract_flag>
    <element_flag>true</element_flag>
    <DD_Association>
      <identifier_reference>Trained_Machine_Learning_Model</identifier_reference>
      <reference_type>component_of</reference_type>
      <minimum_occurrences>1</minimum_occurrences>
      <maximum_occurrences>*</maximum_occurrences>
    </DD_Association>
  </DD_Class>
  
  <DD_Rule>
    <local_identifier>reference_type_check_trained_model_architecture</local_identifier>
    <rule_context>ml:Trained_Model_Architecture/pds:Internal_Reference</rule_context>
    <DD_Rule_Statement>
      <rule_type>Assert</rule_type>
      <rule_test>pds:reference_type = 'class_to_document'</rule_test>
      <rule_message>In ml:Trained_Model_Architecture, Internal_Reference.reference_type must be equal to 'class_to_document'.</rule_message>
    </DD_Rule_Statement>
  </DD_Rule>
  
</Ingest_LDD>

