[
  {
    "dataDictionary": {
      "Title": "PDS4 Data Dictionary" ,
      "IM Version": "1.20.0.0" ,
      "LDD Version": "1.2.0.0" ,
      "Date": "2023-05-19T00:10:23Z" ,
      "Description": "This document is a dump of the contents of the PDS4 Data Dictionary" ,
      "namespaces": ["pds:", "ml:"] ,
      "classDictionary": [
        {
          "class": {
            "identifier": "0001_NASA_PDS_1.ml.Augmentation_Method" ,
            "title": "Augmentation_Method" ,
            "registrationAuthorityId": "0001_NASA_PDS_1" ,
            "nameSpaceId": "ml" ,
            "steward": "img" ,
            "versionId": "1.0.0.0" ,
            "isAbstract": "false" ,
            "isDeprecated": "false" ,
            "description": "The Augmentation_Method class contains information about a data set's augmentation method."
              , "associationList": [
             {"association": {
                "identifier": "0001_NASA_PDS_1.ml.Augmentation_Method.ml.augmentation_method_name" ,
                "title": "augmentation_method_name" ,
                "assocType": "attribute_of" ,
                "isAttribute": "true" ,
                "isChoice": "false" ,
                "isAny": "false" ,
                "groupName": "null" ,
                "minimumCardinality": "1" ,
                "maximumCardinality": "*" ,
                "classOrder": "1010" ,
                "attributeId": [
                  "0001_NASA_PDS_1.ml.Augmentation_Method.ml.augmentation_method_name"
                 ]
              }
            }
           , {"association": {
                "identifier": "0001_NASA_PDS_1.ml.Augmentation_Method.ml.augmentation_method_description" ,
                "title": "augmentation_method_description" ,
                "assocType": "attribute_of" ,
                "isAttribute": "true" ,
                "isChoice": "false" ,
                "isAny": "false" ,
                "groupName": "null" ,
                "minimumCardinality": "1" ,
                "maximumCardinality": "*" ,
                "classOrder": "1020" ,
                "attributeId": [
                  "0001_NASA_PDS_1.ml.Augmentation_Method.ml.augmentation_method_description"
                 ]
              }
            }
           , {"association": {
                "identifier": "0001_NASA_PDS_1.ml.Augmentation_Method.ml.augmentation_method_parameter" ,
                "title": "augmentation_method_parameter" ,
                "assocType": "attribute_of" ,
                "isAttribute": "true" ,
                "isChoice": "false" ,
                "isAny": "false" ,
                "groupName": "null" ,
                "minimumCardinality": "0" ,
                "maximumCardinality": "*" ,
                "classOrder": "1030" ,
                "attributeId": [
                  "0001_NASA_PDS_1.ml.Augmentation_Method.ml.augmentation_method_parameter"
                 ]
              }
            }
           , {"association": {
                "identifier": "0001_NASA_PDS_1.ml.Augmentation_Method.ml.augmentation_method_parameter_value" ,
                "title": "augmentation_method_parameter_value" ,
                "assocType": "attribute_of" ,
                "isAttribute": "true" ,
                "isChoice": "false" ,
                "isAny": "false" ,
                "groupName": "null" ,
                "minimumCardinality": "0" ,
                "maximumCardinality": "*" ,
                "classOrder": "1040" ,
                "attributeId": [
                  "0001_NASA_PDS_1.ml.Augmentation_Method.ml.augmentation_method_parameter_value"
                 ]
              }
            }
           ]
          }
        }
      , {
          "class": {
            "identifier": "0001_NASA_PDS_1.ml.Calibration_Method" ,
            "title": "Calibration_Method" ,
            "registrationAuthorityId": "0001_NASA_PDS_1" ,
            "nameSpaceId": "ml" ,
            "steward": "img" ,
            "versionId": "1.0.0.0" ,
            "isAbstract": "false" ,
            "isDeprecated": "false" ,
            "description": "The Calibration_Method class is a container for classes and and attributes describing the Calibration Method. An external reference to a citation, such as a DOI, is optional."
              , "associationList": [
             {"association": {
                "identifier": "0001_NASA_PDS_1.ml.Calibration_Method.ml.calibration_method_name" ,
                "title": "calibration_method_name" ,
                "assocType": "attribute_of" ,
                "isAttribute": "true" ,
                "isChoice": "false" ,
                "isAny": "false" ,
                "groupName": "null" ,
                "minimumCardinality": "1" ,
                "maximumCardinality": "1" ,
                "classOrder": "1010" ,
                "attributeId": [
                  "0001_NASA_PDS_1.ml.Calibration_Method.ml.calibration_method_name"
                 ]
              }
            }
           , {"association": {
                "identifier": "0001_NASA_PDS_1.ml.Calibration_Method.ml.calibration_method_description" ,
                "title": "calibration_method_description" ,
                "assocType": "attribute_of" ,
                "isAttribute": "true" ,
                "isChoice": "false" ,
                "isAny": "false" ,
                "groupName": "null" ,
                "minimumCardinality": "1" ,
                "maximumCardinality": "1" ,
                "classOrder": "1020" ,
                "attributeId": [
                  "0001_NASA_PDS_1.ml.Calibration_Method.ml.calibration_method_description"
                 ]
              }
            }
           , {"association": {
                "identifier": "0001_NASA_PDS_1.ml.Calibration_Method.ml.calibration_method_parameter" ,
                "title": "calibration_method_parameter" ,
                "assocType": "attribute_of" ,
                "isAttribute": "true" ,
                "isChoice": "false" ,
                "isAny": "false" ,
                "groupName": "null" ,
                "minimumCardinality": "1" ,
                "maximumCardinality": "1" ,
                "classOrder": "1030" ,
                "attributeId": [
                  "0001_NASA_PDS_1.ml.Calibration_Method.ml.calibration_method_parameter"
                 ]
              }
            }
           , {"association": {
                "identifier": "0001_NASA_PDS_1.ml.Calibration_Method.ml.calibration_method_parameter_value" ,
                "title": "calibration_method_parameter_value" ,
                "assocType": "attribute_of" ,
                "isAttribute": "true" ,
                "isChoice": "false" ,
                "isAny": "false" ,
                "groupName": "null" ,
                "minimumCardinality": "1" ,
                "maximumCardinality": "1" ,
                "classOrder": "1040" ,
                "attributeId": [
                  "0001_NASA_PDS_1.ml.Calibration_Method.ml.calibration_method_parameter_value"
                 ]
              }
            }
           , {"association": {
                "identifier": "0001_NASA_PDS_1.ml.Calibration_Method.pds.External_Reference" ,
                "title": "External_Reference" ,
                "assocType": "component_of" ,
                "isAttribute": "false" ,
                "isChoice": "false" ,
                "isAny": "false" ,
                "groupName": "null" ,
                "minimumCardinality": "0" ,
                "maximumCardinality": "*" ,
                "classOrder": "1050" ,
                "classId": [
                  "0001_NASA_PDS_1.pds.External_Reference"
                 ]
              }
            }
           ]
          }
        }
      , {
          "class": {
            "identifier": "0001_NASA_PDS_1.ml.Data_Set" ,
            "title": "Data_Set" ,
            "registrationAuthorityId": "0001_NASA_PDS_1" ,
            "nameSpaceId": "ml" ,
            "steward": "img" ,
            "versionId": "1.0.0.0" ,
            "isAbstract": "true" ,
            "isDeprecated": "false" ,
            "description": "The Data_Set class is the container for classes and attributes describing the size and version of data sets used by the machine learning model."
              , "associationList": [
             {"association": {
                "identifier": "0001_NASA_PDS_1.ml.Data_Set.ml.data_set_version_id" ,
                "title": "data_set_version_id" ,
                "assocType": "attribute_of" ,
                "isAttribute": "true" ,
                "isChoice": "false" ,
                "isAny": "false" ,
                "groupName": "null" ,
                "minimumCardinality": "1" ,
                "maximumCardinality": "1" ,
                "classOrder": "1010" ,
                "attributeId": [
                  "0001_NASA_PDS_1.ml.Data_Set.ml.data_set_version_id"
                 ]
              }
            }
           , {"association": {
                "identifier": "0001_NASA_PDS_1.ml.Data_Set.ml.data_set_count" ,
                "title": "data_set_count" ,
                "assocType": "attribute_of" ,
                "isAttribute": "true" ,
                "isChoice": "false" ,
                "isAny": "false" ,
                "groupName": "null" ,
                "minimumCardinality": "1" ,
                "maximumCardinality": "1" ,
                "classOrder": "1020" ,
                "attributeId": [
                  "0001_NASA_PDS_1.ml.Data_Set.ml.data_set_count"
                 ]
              }
            }
           , {"association": {
                "identifier": "0001_NASA_PDS_1.ml.Data_Set.ml.Augmentation_Method" ,
                "title": "Augmentation_Method" ,
                "assocType": "component_of" ,
                "isAttribute": "false" ,
                "isChoice": "false" ,
                "isAny": "false" ,
                "groupName": "null" ,
                "minimumCardinality": "0" ,
                "maximumCardinality": "*" ,
                "classOrder": "1030" ,
                "classId": [
                  "0001_NASA_PDS_1.ml.Augmentation_Method"
                 ]
              }
            }
           , {"association": {
                "identifier": "0001_NASA_PDS_1.ml.Data_Set.ml.Preprocessing_Method" ,
                "title": "Preprocessing_Method" ,
                "assocType": "component_of" ,
                "isAttribute": "false" ,
                "isChoice": "false" ,
                "isAny": "false" ,
                "groupName": "null" ,
                "minimumCardinality": "0" ,
                "maximumCardinality": "*" ,
                "classOrder": "1040" ,
                "classId": [
                  "0001_NASA_PDS_1.ml.Preprocessing_Method"
                 ]
              }
            }
           ]
          }
        }
      , {
          "class": {
            "identifier": "0001_NASA_PDS_1.ml.Machine_Learning" ,
            "title": "Machine_Learning" ,
            "registrationAuthorityId": "0001_NASA_PDS_1" ,
            "nameSpaceId": "ml" ,
            "steward": "img" ,
            "versionId": "1.0.0.0" ,
            "isAbstract": "false" ,
            "isDeprecated": "false" ,
            "description": "The Machine_Learning class is a container for all machine learning information in the label. "
              , "associationList": [
             {"association": {
                "identifier": "0001_NASA_PDS_1.ml.Machine_Learning.ml.Trained_Machine_Learning_Model" ,
                "title": "Trained_Machine_Learning_Model" ,
                "assocType": "component_of" ,
                "isAttribute": "false" ,
                "isChoice": "false" ,
                "isAny": "false" ,
                "groupName": "null" ,
                "minimumCardinality": "1" ,
                "maximumCardinality": "*" ,
                "classOrder": "1010" ,
                "classId": [
                  "0001_NASA_PDS_1.ml.Trained_Machine_Learning_Model"
                 ]
              }
            }
           ]
          }
        }
      , {
          "class": {
            "identifier": "0001_NASA_PDS_1.ml.Machine_Learning_Algorithm" ,
            "title": "Machine_Learning_Algorithm" ,
            "registrationAuthorityId": "0001_NASA_PDS_1" ,
            "nameSpaceId": "ml" ,
            "steward": "img" ,
            "versionId": "1.0.0.0" ,
            "isAbstract": "false" ,
            "isDeprecated": "false" ,
            "description": "The Machine_Learning_Algorithm class is a container for classes and and attributes describing the algorithm type and learning style used. An external reference to a citation for the algorithm is required."
              , "associationList": [
             {"association": {
                "identifier": "0001_NASA_PDS_1.ml.Machine_Learning_Algorithm.ml.algorithm_learning_style" ,
                "title": "algorithm_learning_style" ,
                "assocType": "attribute_of" ,
                "isAttribute": "true" ,
                "isChoice": "false" ,
                "isAny": "false" ,
                "groupName": "null" ,
                "minimumCardinality": "1" ,
                "maximumCardinality": "1" ,
                "classOrder": "1010" ,
                "attributeId": [
                  "0001_NASA_PDS_1.ml.Machine_Learning_Algorithm.ml.algorithm_learning_style"
                 ]
              }
            }
           , {"association": {
                "identifier": "0001_NASA_PDS_1.ml.Machine_Learning_Algorithm.ml.algorithm_type" ,
                "title": "algorithm_type" ,
                "assocType": "attribute_of" ,
                "isAttribute": "true" ,
                "isChoice": "false" ,
                "isAny": "false" ,
                "groupName": "null" ,
                "minimumCardinality": "1" ,
                "maximumCardinality": "1" ,
                "classOrder": "1020" ,
                "attributeId": [
                  "0001_NASA_PDS_1.ml.Machine_Learning_Algorithm.ml.algorithm_type"
                 ]
              }
            }
           , {"association": {
                "identifier": "0001_NASA_PDS_1.ml.Machine_Learning_Algorithm.ml.algorithm_name" ,
                "title": "algorithm_name" ,
                "assocType": "attribute_of" ,
                "isAttribute": "true" ,
                "isChoice": "false" ,
                "isAny": "false" ,
                "groupName": "null" ,
                "minimumCardinality": "1" ,
                "maximumCardinality": "1" ,
                "classOrder": "1030" ,
                "attributeId": [
                  "0001_NASA_PDS_1.ml.Machine_Learning_Algorithm.ml.algorithm_name"
                 ]
              }
            }
           , {"association": {
                "identifier": "0001_NASA_PDS_1.ml.Machine_Learning_Algorithm.ml.trained_model_objective_function_name" ,
                "title": "trained_model_objective_function_name" ,
                "assocType": "attribute_of" ,
                "isAttribute": "true" ,
                "isChoice": "false" ,
                "isAny": "false" ,
                "groupName": "null" ,
                "minimumCardinality": "0" ,
                "maximumCardinality": "1" ,
                "classOrder": "1040" ,
                "attributeId": [
                  "0001_NASA_PDS_1.ml.Machine_Learning_Algorithm.ml.trained_model_objective_function_name"
                 ]
              }
            }
           , {"association": {
                "identifier": "0001_NASA_PDS_1.ml.Machine_Learning_Algorithm.ml.trained_model_objective_function_description" ,
                "title": "trained_model_objective_function_description" ,
                "assocType": "attribute_of" ,
                "isAttribute": "true" ,
                "isChoice": "false" ,
                "isAny": "false" ,
                "groupName": "null" ,
                "minimumCardinality": "0" ,
                "maximumCardinality": "1" ,
                "classOrder": "1050" ,
                "attributeId": [
                  "0001_NASA_PDS_1.ml.Machine_Learning_Algorithm.ml.trained_model_objective_function_description"
                 ]
              }
            }
           , {"association": {
                "identifier": "0001_NASA_PDS_1.ml.Machine_Learning_Algorithm.pds.External_Reference" ,
                "title": "External_Reference" ,
                "assocType": "component_of" ,
                "isAttribute": "false" ,
                "isChoice": "false" ,
                "isAny": "false" ,
                "groupName": "null" ,
                "minimumCardinality": "1" ,
                "maximumCardinality": "*" ,
                "classOrder": "1060" ,
                "classId": [
                  "0001_NASA_PDS_1.pds.External_Reference"
                 ]
              }
            }
           ]
          }
        }
      , {
          "class": {
            "identifier": "0001_NASA_PDS_1.ml.Optimization_Algorithm" ,
            "title": "Optimization_Algorithm" ,
            "registrationAuthorityId": "0001_NASA_PDS_1" ,
            "nameSpaceId": "ml" ,
            "steward": "img" ,
            "versionId": "1.0.0.0" ,
            "isAbstract": "false" ,
            "isDeprecated": "false" ,
            "description": "The Optimization_Algorithm class is a container for classes and and attributes describing the optimization algorithm used."
              , "associationList": [
             {"association": {
                "identifier": "0001_NASA_PDS_1.ml.Optimization_Algorithm.ml.optimization_algorithm_name" ,
                "title": "optimization_algorithm_name" ,
                "assocType": "attribute_of" ,
                "isAttribute": "true" ,
                "isChoice": "false" ,
                "isAny": "false" ,
                "groupName": "null" ,
                "minimumCardinality": "1" ,
                "maximumCardinality": "1" ,
                "classOrder": "1010" ,
                "attributeId": [
                  "0001_NASA_PDS_1.ml.Optimization_Algorithm.ml.optimization_algorithm_name"
                 ]
              }
            }
           , {"association": {
                "identifier": "0001_NASA_PDS_1.ml.Optimization_Algorithm.ml.optimization_algorithm_description" ,
                "title": "optimization_algorithm_description" ,
                "assocType": "attribute_of" ,
                "isAttribute": "true" ,
                "isChoice": "false" ,
                "isAny": "false" ,
                "groupName": "null" ,
                "minimumCardinality": "1" ,
                "maximumCardinality": "1" ,
                "classOrder": "1020" ,
                "attributeId": [
                  "0001_NASA_PDS_1.ml.Optimization_Algorithm.ml.optimization_algorithm_description"
                 ]
              }
            }
           , {"association": {
                "identifier": "0001_NASA_PDS_1.ml.Optimization_Algorithm.ml.optimization_algorithm_parameter" ,
                "title": "optimization_algorithm_parameter" ,
                "assocType": "attribute_of" ,
                "isAttribute": "true" ,
                "isChoice": "false" ,
                "isAny": "false" ,
                "groupName": "null" ,
                "minimumCardinality": "1" ,
                "maximumCardinality": "1" ,
                "classOrder": "1030" ,
                "attributeId": [
                  "0001_NASA_PDS_1.ml.Optimization_Algorithm.ml.optimization_algorithm_parameter"
                 ]
              }
            }
           , {"association": {
                "identifier": "0001_NASA_PDS_1.ml.Optimization_Algorithm.ml.optimization_algorithm_parameter_value" ,
                "title": "optimization_algorithm_parameter_value" ,
                "assocType": "attribute_of" ,
                "isAttribute": "true" ,
                "isChoice": "false" ,
                "isAny": "false" ,
                "groupName": "null" ,
                "minimumCardinality": "1" ,
                "maximumCardinality": "1" ,
                "classOrder": "1040" ,
                "attributeId": [
                  "0001_NASA_PDS_1.ml.Optimization_Algorithm.ml.optimization_algorithm_parameter_value"
                 ]
              }
            }
           ]
          }
        }
      , {
          "class": {
            "identifier": "0001_NASA_PDS_1.ml.Preprocessing_Method" ,
            "title": "Preprocessing_Method" ,
            "registrationAuthorityId": "0001_NASA_PDS_1" ,
            "nameSpaceId": "ml" ,
            "steward": "img" ,
            "versionId": "1.0.0.0" ,
            "isAbstract": "false" ,
            "isDeprecated": "false" ,
            "description": "The Preprocessing_Method class contains information about a data set's preprocessing method."
              , "associationList": [
             {"association": {
                "identifier": "0001_NASA_PDS_1.ml.Preprocessing_Method.ml.preprocessing_method_name" ,
                "title": "preprocessing_method_name" ,
                "assocType": "attribute_of" ,
                "isAttribute": "true" ,
                "isChoice": "false" ,
                "isAny": "false" ,
                "groupName": "null" ,
                "minimumCardinality": "1" ,
                "maximumCardinality": "1" ,
                "classOrder": "1010" ,
                "attributeId": [
                  "0001_NASA_PDS_1.ml.Preprocessing_Method.ml.preprocessing_method_name"
                 ]
              }
            }
           , {"association": {
                "identifier": "0001_NASA_PDS_1.ml.Preprocessing_Method.ml.preprocessing_method_description" ,
                "title": "preprocessing_method_description" ,
                "assocType": "attribute_of" ,
                "isAttribute": "true" ,
                "isChoice": "false" ,
                "isAny": "false" ,
                "groupName": "null" ,
                "minimumCardinality": "1" ,
                "maximumCardinality": "1" ,
                "classOrder": "1020" ,
                "attributeId": [
                  "0001_NASA_PDS_1.ml.Preprocessing_Method.ml.preprocessing_method_description"
                 ]
              }
            }
           , {"association": {
                "identifier": "0001_NASA_PDS_1.ml.Preprocessing_Method.ml.preprocessing_method_parameter" ,
                "title": "preprocessing_method_parameter" ,
                "assocType": "attribute_of" ,
                "isAttribute": "true" ,
                "isChoice": "false" ,
                "isAny": "false" ,
                "groupName": "null" ,
                "minimumCardinality": "0" ,
                "maximumCardinality": "*" ,
                "classOrder": "1030" ,
                "attributeId": [
                  "0001_NASA_PDS_1.ml.Preprocessing_Method.ml.preprocessing_method_parameter"
                 ]
              }
            }
           , {"association": {
                "identifier": "0001_NASA_PDS_1.ml.Preprocessing_Method.ml.preprocessing_method_parameter_value" ,
                "title": "preprocessing_method_parameter_value" ,
                "assocType": "attribute_of" ,
                "isAttribute": "true" ,
                "isChoice": "false" ,
                "isAny": "false" ,
                "groupName": "null" ,
                "minimumCardinality": "0" ,
                "maximumCardinality": "*" ,
                "classOrder": "1040" ,
                "attributeId": [
                  "0001_NASA_PDS_1.ml.Preprocessing_Method.ml.preprocessing_method_parameter_value"
                 ]
              }
            }
           ]
          }
        }
      , {
          "class": {
            "identifier": "0001_NASA_PDS_1.ml.Test_Performance" ,
            "title": "Test_Performance" ,
            "registrationAuthorityId": "0001_NASA_PDS_1" ,
            "nameSpaceId": "ml" ,
            "steward": "img" ,
            "versionId": "1.0.0.0" ,
            "isAbstract": "false" ,
            "isDeprecated": "false" ,
            "description": "The Test_Performance class contains information about a trained model's performance on the test set."
              , "associationList": [
             {"association": {
                "identifier": "0001_NASA_PDS_1.ml.Test_Performance.ml.performance_measure" ,
                "title": "performance_measure" ,
                "assocType": "attribute_of" ,
                "isAttribute": "true" ,
                "isChoice": "false" ,
                "isAny": "false" ,
                "groupName": "null" ,
                "minimumCardinality": "1" ,
                "maximumCardinality": "1" ,
                "classOrder": "1010" ,
                "attributeId": [
                  "0001_NASA_PDS_1.ml.Test_Performance.ml.performance_measure"
                 ]
              }
            }
           , {"association": {
                "identifier": "0001_NASA_PDS_1.ml.Test_Performance.ml.performance_score" ,
                "title": "performance_score" ,
                "assocType": "attribute_of" ,
                "isAttribute": "true" ,
                "isChoice": "false" ,
                "isAny": "false" ,
                "groupName": "null" ,
                "minimumCardinality": "1" ,
                "maximumCardinality": "1" ,
                "classOrder": "1020" ,
                "attributeId": [
                  "0001_NASA_PDS_1.ml.Test_Performance.ml.performance_score"
                 ]
              }
            }
           ]
          }
        }
      , {
          "class": {
            "identifier": "0001_NASA_PDS_1.ml.Test_Set" ,
            "title": "Test_Set" ,
            "registrationAuthorityId": "0001_NASA_PDS_1" ,
            "nameSpaceId": "ml" ,
            "steward": "img" ,
            "versionId": "1.0.0.0" ,
            "isAbstract": "false" ,
            "isDeprecated": "false" ,
            "description": "The Test_Set class belongs to the Data_Set class family and contains attributes describing the size and version of the data set used to test the machine learning model (i.e., in terms of generalization to previously unseen data)."
              , "associationList": [
             {"association": {
                "identifier": "0001_NASA_PDS_1.ml.Data_Set.ml.data_set_version_id" ,
                "title": "data_set_version_id" ,
                "assocType": "attribute_of" ,
                "isAttribute": "true" ,
                "isChoice": "false" ,
                "isAny": "false" ,
                "groupName": "null" ,
                "minimumCardinality": "1" ,
                "maximumCardinality": "1" ,
                "classOrder": "1010" ,
                "attributeId": [
                  "0001_NASA_PDS_1.ml.Data_Set.ml.data_set_version_id"
                 ]
              }
            }
           , {"association": {
                "identifier": "0001_NASA_PDS_1.ml.Data_Set.ml.data_set_count" ,
                "title": "data_set_count" ,
                "assocType": "attribute_of" ,
                "isAttribute": "true" ,
                "isChoice": "false" ,
                "isAny": "false" ,
                "groupName": "null" ,
                "minimumCardinality": "1" ,
                "maximumCardinality": "1" ,
                "classOrder": "1020" ,
                "attributeId": [
                  "0001_NASA_PDS_1.ml.Data_Set.ml.data_set_count"
                 ]
              }
            }
           , {"association": {
                "identifier": "0001_NASA_PDS_1.ml.Data_Set.ml.Augmentation_Method" ,
                "title": "Augmentation_Method" ,
                "assocType": "component_of" ,
                "isAttribute": "false" ,
                "isChoice": "false" ,
                "isAny": "false" ,
                "groupName": "null" ,
                "minimumCardinality": "0" ,
                "maximumCardinality": "*" ,
                "classOrder": "1030" ,
                "classId": [
                  "0001_NASA_PDS_1.ml.Augmentation_Method"
                 ]
              }
            }
           , {"association": {
                "identifier": "0001_NASA_PDS_1.ml.Data_Set.ml.Preprocessing_Method" ,
                "title": "Preprocessing_Method" ,
                "assocType": "component_of" ,
                "isAttribute": "false" ,
                "isChoice": "false" ,
                "isAny": "false" ,
                "groupName": "null" ,
                "minimumCardinality": "0" ,
                "maximumCardinality": "*" ,
                "classOrder": "1040" ,
                "classId": [
                  "0001_NASA_PDS_1.ml.Preprocessing_Method"
                 ]
              }
            }
           ]
          }
        }
      , {
          "class": {
            "identifier": "0001_NASA_PDS_1.ml.Trained_Machine_Learning_Model" ,
            "title": "Trained_Machine_Learning_Model" ,
            "registrationAuthorityId": "0001_NASA_PDS_1" ,
            "nameSpaceId": "ml" ,
            "steward": "img" ,
            "versionId": "1.0.0.0" ,
            "isAbstract": "false" ,
            "isDeprecated": "false" ,
            "description": "The Trained_Machine_Learning_Model class is a container for information about how a given model was trained and evaluated. Machine_Learning_Algorithm, Training_Set, Optimization_Algorithm, Trained_Model_Hyperparameter, and Trained_Model_File are required, while Validation_Set, Test_Set, Test_Performance, Trained_Model_Architecture, and Calibration_Method are optional."
              , "associationList": [
             {"association": {
                "identifier": "0001_NASA_PDS_1.ml.Trained_Machine_Learning_Model.ml.trained_model_version_id" ,
                "title": "trained_model_version_id" ,
                "assocType": "attribute_of" ,
                "isAttribute": "true" ,
                "isChoice": "false" ,
                "isAny": "false" ,
                "groupName": "null" ,
                "minimumCardinality": "1" ,
                "maximumCardinality": "1" ,
                "classOrder": "1010" ,
                "attributeId": [
                  "0001_NASA_PDS_1.ml.Trained_Machine_Learning_Model.ml.trained_model_version_id"
                 ]
              }
            }
           , {"association": {
                "identifier": "0001_NASA_PDS_1.ml.Trained_Machine_Learning_Model.ml.trained_model_name" ,
                "title": "trained_model_name" ,
                "assocType": "attribute_of" ,
                "isAttribute": "true" ,
                "isChoice": "false" ,
                "isAny": "false" ,
                "groupName": "null" ,
                "minimumCardinality": "1" ,
                "maximumCardinality": "1" ,
                "classOrder": "1020" ,
                "attributeId": [
                  "0001_NASA_PDS_1.ml.Trained_Machine_Learning_Model.ml.trained_model_name"
                 ]
              }
            }
           , {"association": {
                "identifier": "0001_NASA_PDS_1.ml.Trained_Machine_Learning_Model.ml.trained_model_creation_date" ,
                "title": "trained_model_creation_date" ,
                "assocType": "attribute_of" ,
                "isAttribute": "true" ,
                "isChoice": "false" ,
                "isAny": "false" ,
                "groupName": "null" ,
                "minimumCardinality": "1" ,
                "maximumCardinality": "1" ,
                "classOrder": "1030" ,
                "attributeId": [
                  "0001_NASA_PDS_1.ml.Trained_Machine_Learning_Model.ml.trained_model_creation_date"
                 ]
              }
            }
           , {"association": {
                "identifier": "0001_NASA_PDS_1.ml.Trained_Machine_Learning_Model.ml.Machine_Learning_Algorithm" ,
                "title": "Machine_Learning_Algorithm" ,
                "assocType": "component_of" ,
                "isAttribute": "false" ,
                "isChoice": "false" ,
                "isAny": "false" ,
                "groupName": "null" ,
                "minimumCardinality": "1" ,
                "maximumCardinality": "1" ,
                "classOrder": "1040" ,
                "classId": [
                  "0001_NASA_PDS_1.ml.Machine_Learning_Algorithm"
                 ]
              }
            }
           , {"association": {
                "identifier": "0001_NASA_PDS_1.ml.Trained_Machine_Learning_Model.ml.Training_Set" ,
                "title": "Training_Set" ,
                "assocType": "component_of" ,
                "isAttribute": "false" ,
                "isChoice": "false" ,
                "isAny": "false" ,
                "groupName": "null" ,
                "minimumCardinality": "1" ,
                "maximumCardinality": "1" ,
                "classOrder": "1050" ,
                "classId": [
                  "0001_NASA_PDS_1.ml.Training_Set"
                 ]
              }
            }
           , {"association": {
                "identifier": "0001_NASA_PDS_1.ml.Trained_Machine_Learning_Model.ml.Validation_Set" ,
                "title": "Validation_Set" ,
                "assocType": "component_of" ,
                "isAttribute": "false" ,
                "isChoice": "false" ,
                "isAny": "false" ,
                "groupName": "null" ,
                "minimumCardinality": "0" ,
                "maximumCardinality": "1" ,
                "classOrder": "1060" ,
                "classId": [
                  "0001_NASA_PDS_1.ml.Validation_Set"
                 ]
              }
            }
           , {"association": {
                "identifier": "0001_NASA_PDS_1.ml.Trained_Machine_Learning_Model.ml.Test_Set" ,
                "title": "Test_Set" ,
                "assocType": "component_of" ,
                "isAttribute": "false" ,
                "isChoice": "false" ,
                "isAny": "false" ,
                "groupName": "null" ,
                "minimumCardinality": "0" ,
                "maximumCardinality": "1" ,
                "classOrder": "1070" ,
                "classId": [
                  "0001_NASA_PDS_1.ml.Test_Set"
                 ]
              }
            }
           , {"association": {
                "identifier": "0001_NASA_PDS_1.ml.Trained_Machine_Learning_Model.ml.Test_Performance" ,
                "title": "Test_Performance" ,
                "assocType": "component_of" ,
                "isAttribute": "false" ,
                "isChoice": "false" ,
                "isAny": "false" ,
                "groupName": "null" ,
                "minimumCardinality": "0" ,
                "maximumCardinality": "*" ,
                "classOrder": "1080" ,
                "classId": [
                  "0001_NASA_PDS_1.ml.Test_Performance"
                 ]
              }
            }
           , {"association": {
                "identifier": "0001_NASA_PDS_1.ml.Trained_Machine_Learning_Model.ml.Optimization_Algorithm" ,
                "title": "Optimization_Algorithm" ,
                "assocType": "component_of" ,
                "isAttribute": "false" ,
                "isChoice": "false" ,
                "isAny": "false" ,
                "groupName": "null" ,
                "minimumCardinality": "1" ,
                "maximumCardinality": "*" ,
                "classOrder": "1090" ,
                "classId": [
                  "0001_NASA_PDS_1.ml.Optimization_Algorithm"
                 ]
              }
            }
           , {"association": {
                "identifier": "0001_NASA_PDS_1.ml.Trained_Machine_Learning_Model.ml.Trained_Model_Hyperparameter" ,
                "title": "Trained_Model_Hyperparameter" ,
                "assocType": "component_of" ,
                "isAttribute": "false" ,
                "isChoice": "false" ,
                "isAny": "false" ,
                "groupName": "null" ,
                "minimumCardinality": "1" ,
                "maximumCardinality": "*" ,
                "classOrder": "1100" ,
                "classId": [
                  "0001_NASA_PDS_1.ml.Trained_Model_Hyperparameter"
                 ]
              }
            }
           , {"association": {
                "identifier": "0001_NASA_PDS_1.ml.Trained_Machine_Learning_Model.ml.Trained_Model_Architecture" ,
                "title": "Trained_Model_Architecture" ,
                "assocType": "component_of" ,
                "isAttribute": "false" ,
                "isChoice": "false" ,
                "isAny": "false" ,
                "groupName": "null" ,
                "minimumCardinality": "0" ,
                "maximumCardinality": "*" ,
                "classOrder": "1110" ,
                "classId": [
                  "0001_NASA_PDS_1.ml.Trained_Model_Architecture"
                 ]
              }
            }
           , {"association": {
                "identifier": "0001_NASA_PDS_1.ml.Trained_Machine_Learning_Model.ml.Calibration_Method" ,
                "title": "Calibration_Method" ,
                "assocType": "component_of" ,
                "isAttribute": "false" ,
                "isChoice": "false" ,
                "isAny": "false" ,
                "groupName": "null" ,
                "minimumCardinality": "0" ,
                "maximumCardinality": "*" ,
                "classOrder": "1120" ,
                "classId": [
                  "0001_NASA_PDS_1.ml.Calibration_Method"
                 ]
              }
            }
           , {"association": {
                "identifier": "0001_NASA_PDS_1.ml.Trained_Machine_Learning_Model.ml.Trained_Model_File" ,
                "title": "Trained_Model_File" ,
                "assocType": "component_of" ,
                "isAttribute": "false" ,
                "isChoice": "false" ,
                "isAny": "false" ,
                "groupName": "null" ,
                "minimumCardinality": "1" ,
                "maximumCardinality": "*" ,
                "classOrder": "1130" ,
                "classId": [
                  "0001_NASA_PDS_1.ml.Trained_Model_File"
                 ]
              }
            }
           ]
          }
        }
      , {
          "class": {
            "identifier": "0001_NASA_PDS_1.ml.Trained_Model_Architecture" ,
            "title": "Trained_Model_Architecture" ,
            "registrationAuthorityId": "0001_NASA_PDS_1" ,
            "nameSpaceId": "ml" ,
            "steward": "img" ,
            "versionId": "1.0.0.0" ,
            "isAbstract": "false" ,
            "isDeprecated": "false" ,
            "description": "The Trained_Model_Architecture class is a container for classes and and attributes describing the trained model architecture. An internal reference to the architecture is optional."
              , "associationList": [
             {"association": {
                "identifier": "0001_NASA_PDS_1.ml.Trained_Model_Architecture.ml.trained_model_architecture_name" ,
                "title": "trained_model_architecture_name" ,
                "assocType": "attribute_of" ,
                "isAttribute": "true" ,
                "isChoice": "false" ,
                "isAny": "false" ,
                "groupName": "null" ,
                "minimumCardinality": "1" ,
                "maximumCardinality": "*" ,
                "classOrder": "1010" ,
                "attributeId": [
                  "0001_NASA_PDS_1.ml.Trained_Model_Architecture.ml.trained_model_architecture_name"
                 ]
              }
            }
           , {"association": {
                "identifier": "0001_NASA_PDS_1.ml.Trained_Model_Architecture.ml.trained_model_architecture_version_id" ,
                "title": "trained_model_architecture_version_id" ,
                "assocType": "attribute_of" ,
                "isAttribute": "true" ,
                "isChoice": "false" ,
                "isAny": "false" ,
                "groupName": "null" ,
                "minimumCardinality": "1" ,
                "maximumCardinality": "*" ,
                "classOrder": "1020" ,
                "attributeId": [
                  "0001_NASA_PDS_1.ml.Trained_Model_Architecture.ml.trained_model_architecture_version_id"
                 ]
              }
            }
           , {"association": {
                "identifier": "0001_NASA_PDS_1.ml.Trained_Model_Architecture.ml.trained_model_architecture_description" ,
                "title": "trained_model_architecture_description" ,
                "assocType": "attribute_of" ,
                "isAttribute": "true" ,
                "isChoice": "false" ,
                "isAny": "false" ,
                "groupName": "null" ,
                "minimumCardinality": "1" ,
                "maximumCardinality": "*" ,
                "classOrder": "1030" ,
                "attributeId": [
                  "0001_NASA_PDS_1.ml.Trained_Model_Architecture.ml.trained_model_architecture_description"
                 ]
              }
            }
           , {"association": {
                "identifier": "0001_NASA_PDS_1.ml.Trained_Model_Architecture.pds.Internal_Reference" ,
                "title": "Internal_Reference" ,
                "assocType": "component_of" ,
                "isAttribute": "false" ,
                "isChoice": "false" ,
                "isAny": "false" ,
                "groupName": "null" ,
                "minimumCardinality": "0" ,
                "maximumCardinality": "*" ,
                "classOrder": "1040" ,
                "classId": [
                  "0001_NASA_PDS_1.pds.Internal_Reference"
                 ]
              }
            }
           ]
          }
        }
      , {
          "class": {
            "identifier": "0001_NASA_PDS_1.ml.Trained_Model_File" ,
            "title": "Trained_Model_File" ,
            "registrationAuthorityId": "0001_NASA_PDS_1" ,
            "nameSpaceId": "ml" ,
            "steward": "img" ,
            "versionId": "1.0.0.0" ,
            "isAbstract": "false" ,
            "isDeprecated": "false" ,
            "description": "The Trained_Model_File class is a container for classes and and attributes describing the trained model file. An external reference for the trained model file is required."
              , "associationList": [
             {"association": {
                "identifier": "0001_NASA_PDS_1.ml.Trained_Model_File.ml.trained_model_file_name" ,
                "title": "trained_model_file_name" ,
                "assocType": "attribute_of" ,
                "isAttribute": "true" ,
                "isChoice": "false" ,
                "isAny": "false" ,
                "groupName": "null" ,
                "minimumCardinality": "1" ,
                "maximumCardinality": "1" ,
                "classOrder": "1010" ,
                "attributeId": [
                  "0001_NASA_PDS_1.ml.Trained_Model_File.ml.trained_model_file_name"
                 ]
              }
            }
           , {"association": {
                "identifier": "0001_NASA_PDS_1.ml.Trained_Model_File.ml.trained_model_file_description" ,
                "title": "trained_model_file_description" ,
                "assocType": "attribute_of" ,
                "isAttribute": "true" ,
                "isChoice": "false" ,
                "isAny": "false" ,
                "groupName": "null" ,
                "minimumCardinality": "1" ,
                "maximumCardinality": "1" ,
                "classOrder": "1020" ,
                "attributeId": [
                  "0001_NASA_PDS_1.ml.Trained_Model_File.ml.trained_model_file_description"
                 ]
              }
            }
           , {"association": {
                "identifier": "0001_NASA_PDS_1.ml.Trained_Model_File.pds.External_Reference" ,
                "title": "External_Reference" ,
                "assocType": "component_of" ,
                "isAttribute": "false" ,
                "isChoice": "false" ,
                "isAny": "false" ,
                "groupName": "null" ,
                "minimumCardinality": "1" ,
                "maximumCardinality": "*" ,
                "classOrder": "1030" ,
                "classId": [
                  "0001_NASA_PDS_1.pds.External_Reference"
                 ]
              }
            }
           ]
          }
        }
      , {
          "class": {
            "identifier": "0001_NASA_PDS_1.ml.Trained_Model_Hyperparameter" ,
            "title": "Trained_Model_Hyperparameter" ,
            "registrationAuthorityId": "0001_NASA_PDS_1" ,
            "nameSpaceId": "ml" ,
            "steward": "img" ,
            "versionId": "1.0.0.0" ,
            "isAbstract": "false" ,
            "isDeprecated": "false" ,
            "description": "The Trained_Model_Hyperparameter class is a container for classes and and attributes describing the trained model hyperparameter."
              , "associationList": [
             {"association": {
                "identifier": "0001_NASA_PDS_1.ml.Trained_Model_Hyperparameter.ml.trained_model_hyperparameter_name" ,
                "title": "trained_model_hyperparameter_name" ,
                "assocType": "attribute_of" ,
                "isAttribute": "true" ,
                "isChoice": "false" ,
                "isAny": "false" ,
                "groupName": "null" ,
                "minimumCardinality": "1" ,
                "maximumCardinality": "1" ,
                "classOrder": "1010" ,
                "attributeId": [
                  "0001_NASA_PDS_1.ml.Trained_Model_Hyperparameter.ml.trained_model_hyperparameter_name"
                 ]
              }
            }
           , {"association": {
                "identifier": "0001_NASA_PDS_1.ml.Trained_Model_Hyperparameter.ml.trained_model_hyperparameter_value" ,
                "title": "trained_model_hyperparameter_value" ,
                "assocType": "attribute_of" ,
                "isAttribute": "true" ,
                "isChoice": "false" ,
                "isAny": "false" ,
                "groupName": "null" ,
                "minimumCardinality": "1" ,
                "maximumCardinality": "1" ,
                "classOrder": "1020" ,
                "attributeId": [
                  "0001_NASA_PDS_1.ml.Trained_Model_Hyperparameter.ml.trained_model_hyperparameter_value"
                 ]
              }
            }
           ]
          }
        }
      , {
          "class": {
            "identifier": "0001_NASA_PDS_1.ml.Training_Set" ,
            "title": "Training_Set" ,
            "registrationAuthorityId": "0001_NASA_PDS_1" ,
            "nameSpaceId": "ml" ,
            "steward": "img" ,
            "versionId": "1.0.0.0" ,
            "isAbstract": "false" ,
            "isDeprecated": "false" ,
            "description": "The Training_Set class belongs to the Data_Set class family and contains attributes that describe the size and version of the data set used to train the machine learning model."
              , "associationList": [
             {"association": {
                "identifier": "0001_NASA_PDS_1.ml.Data_Set.ml.data_set_version_id" ,
                "title": "data_set_version_id" ,
                "assocType": "attribute_of" ,
                "isAttribute": "true" ,
                "isChoice": "false" ,
                "isAny": "false" ,
                "groupName": "null" ,
                "minimumCardinality": "1" ,
                "maximumCardinality": "1" ,
                "classOrder": "1010" ,
                "attributeId": [
                  "0001_NASA_PDS_1.ml.Data_Set.ml.data_set_version_id"
                 ]
              }
            }
           , {"association": {
                "identifier": "0001_NASA_PDS_1.ml.Data_Set.ml.data_set_count" ,
                "title": "data_set_count" ,
                "assocType": "attribute_of" ,
                "isAttribute": "true" ,
                "isChoice": "false" ,
                "isAny": "false" ,
                "groupName": "null" ,
                "minimumCardinality": "1" ,
                "maximumCardinality": "1" ,
                "classOrder": "1020" ,
                "attributeId": [
                  "0001_NASA_PDS_1.ml.Data_Set.ml.data_set_count"
                 ]
              }
            }
           , {"association": {
                "identifier": "0001_NASA_PDS_1.ml.Data_Set.ml.Augmentation_Method" ,
                "title": "Augmentation_Method" ,
                "assocType": "component_of" ,
                "isAttribute": "false" ,
                "isChoice": "false" ,
                "isAny": "false" ,
                "groupName": "null" ,
                "minimumCardinality": "0" ,
                "maximumCardinality": "*" ,
                "classOrder": "1030" ,
                "classId": [
                  "0001_NASA_PDS_1.ml.Augmentation_Method"
                 ]
              }
            }
           , {"association": {
                "identifier": "0001_NASA_PDS_1.ml.Data_Set.ml.Preprocessing_Method" ,
                "title": "Preprocessing_Method" ,
                "assocType": "component_of" ,
                "isAttribute": "false" ,
                "isChoice": "false" ,
                "isAny": "false" ,
                "groupName": "null" ,
                "minimumCardinality": "0" ,
                "maximumCardinality": "*" ,
                "classOrder": "1040" ,
                "classId": [
                  "0001_NASA_PDS_1.ml.Preprocessing_Method"
                 ]
              }
            }
           ]
          }
        }
      , {
          "class": {
            "identifier": "0001_NASA_PDS_1.ml.Validation_Set" ,
            "title": "Validation_Set" ,
            "registrationAuthorityId": "0001_NASA_PDS_1" ,
            "nameSpaceId": "ml" ,
            "steward": "img" ,
            "versionId": "1.0.0.0" ,
            "isAbstract": "false" ,
            "isDeprecated": "false" ,
            "description": "The Validation_Set class belongs to the Data_Set class family and contains attributes that describe the size and version of the data set used to validate the machine learning model (e.g., to choose the best hyperparameters)."
              , "associationList": [
             {"association": {
                "identifier": "0001_NASA_PDS_1.ml.Data_Set.ml.data_set_version_id" ,
                "title": "data_set_version_id" ,
                "assocType": "attribute_of" ,
                "isAttribute": "true" ,
                "isChoice": "false" ,
                "isAny": "false" ,
                "groupName": "null" ,
                "minimumCardinality": "1" ,
                "maximumCardinality": "1" ,
                "classOrder": "1010" ,
                "attributeId": [
                  "0001_NASA_PDS_1.ml.Data_Set.ml.data_set_version_id"
                 ]
              }
            }
           , {"association": {
                "identifier": "0001_NASA_PDS_1.ml.Data_Set.ml.data_set_count" ,
                "title": "data_set_count" ,
                "assocType": "attribute_of" ,
                "isAttribute": "true" ,
                "isChoice": "false" ,
                "isAny": "false" ,
                "groupName": "null" ,
                "minimumCardinality": "1" ,
                "maximumCardinality": "1" ,
                "classOrder": "1020" ,
                "attributeId": [
                  "0001_NASA_PDS_1.ml.Data_Set.ml.data_set_count"
                 ]
              }
            }
           , {"association": {
                "identifier": "0001_NASA_PDS_1.ml.Data_Set.ml.Augmentation_Method" ,
                "title": "Augmentation_Method" ,
                "assocType": "component_of" ,
                "isAttribute": "false" ,
                "isChoice": "false" ,
                "isAny": "false" ,
                "groupName": "null" ,
                "minimumCardinality": "0" ,
                "maximumCardinality": "*" ,
                "classOrder": "1030" ,
                "classId": [
                  "0001_NASA_PDS_1.ml.Augmentation_Method"
                 ]
              }
            }
           , {"association": {
                "identifier": "0001_NASA_PDS_1.ml.Data_Set.ml.Preprocessing_Method" ,
                "title": "Preprocessing_Method" ,
                "assocType": "component_of" ,
                "isAttribute": "false" ,
                "isChoice": "false" ,
                "isAny": "false" ,
                "groupName": "null" ,
                "minimumCardinality": "0" ,
                "maximumCardinality": "*" ,
                "classOrder": "1040" ,
                "classId": [
                  "0001_NASA_PDS_1.ml.Preprocessing_Method"
                 ]
              }
            }
           ]
          }
        }
      ]
    , "attributeDictionary": [
        {
          "attribute": {
            "identifier": "0001_NASA_PDS_1.ml.Augmentation_Method.ml.augmentation_method_description" ,
            "title": "augmentation_method_description" ,
            "registrationAuthorityId": "0001_NASA_PDS_1" ,
            "nameSpaceId": "ml" ,
            "steward": "img" ,
            "versionId": "1.20" ,
            "description": "The augmentation_method_description attribute describes the augmentation method in more detail." ,
            "isNillable": "true" ,
            "isEnumerated": "false" ,
            "isDeprecated": "false" ,
            "dataType": "ASCII_Short_String_Collapsed" ,
            "dataTypeId": "0001_NASA_PDS_1.pds.ASCII_Short_String_Collapsed" ,
            "minimumCharacters": "1" ,
            "maximumCharacters": "255" ,
            "minimumValue": "Unbounded" ,
            "maximumValue": "Unbounded" ,
            "pattern": "null" ,
            "unitOfMeasure": "null" ,
            "unitOfMeasureId": "null" ,
            "unitId": "null" ,
            "defaultUnitId": "null"
          }
        }
      , {
          "attribute": {
            "identifier": "0001_NASA_PDS_1.ml.Augmentation_Method.ml.augmentation_method_name" ,
            "title": "augmentation_method_name" ,
            "registrationAuthorityId": "0001_NASA_PDS_1" ,
            "nameSpaceId": "ml" ,
            "steward": "img" ,
            "versionId": "1.20" ,
            "description": "The augmentation_method_name attribute names any method by which an image was augmented, e.g. 180 degrees counterclockwise rotation; horizontal flipping; brightness adjustment." ,
            "isNillable": "true" ,
            "isEnumerated": "false" ,
            "isDeprecated": "false" ,
            "dataType": "ASCII_Short_String_Collapsed" ,
            "dataTypeId": "0001_NASA_PDS_1.pds.ASCII_Short_String_Collapsed" ,
            "minimumCharacters": "1" ,
            "maximumCharacters": "255" ,
            "minimumValue": "Unbounded" ,
            "maximumValue": "Unbounded" ,
            "pattern": "null" ,
            "unitOfMeasure": "null" ,
            "unitOfMeasureId": "null" ,
            "unitId": "null" ,
            "defaultUnitId": "null"
          }
        }
      , {
          "attribute": {
            "identifier": "0001_NASA_PDS_1.ml.Augmentation_Method.ml.augmentation_method_parameter" ,
            "title": "augmentation_method_parameter" ,
            "registrationAuthorityId": "0001_NASA_PDS_1" ,
            "nameSpaceId": "ml" ,
            "steward": "img" ,
            "versionId": "1.20" ,
            "description": "The augmentation_method_parameter attribute names any parameters, e.g. gamma." ,
            "isNillable": "true" ,
            "isEnumerated": "false" ,
            "isDeprecated": "false" ,
            "dataType": "ASCII_Short_String_Collapsed" ,
            "dataTypeId": "0001_NASA_PDS_1.pds.ASCII_Short_String_Collapsed" ,
            "minimumCharacters": "1" ,
            "maximumCharacters": "255" ,
            "minimumValue": "Unbounded" ,
            "maximumValue": "Unbounded" ,
            "pattern": "null" ,
            "unitOfMeasure": "null" ,
            "unitOfMeasureId": "null" ,
            "unitId": "null" ,
            "defaultUnitId": "null"
          }
        }
      , {
          "attribute": {
            "identifier": "0001_NASA_PDS_1.ml.Augmentation_Method.ml.augmentation_method_parameter_value" ,
            "title": "augmentation_method_parameter_value" ,
            "registrationAuthorityId": "0001_NASA_PDS_1" ,
            "nameSpaceId": "ml" ,
            "steward": "img" ,
            "versionId": "1.20" ,
            "description": "The augmentation_method_parameter_value attribute specifies the value of the named parameter, e.g. for a parameter \"gamma,\" the value could be [0.5, 1.5]." ,
            "isNillable": "true" ,
            "isEnumerated": "false" ,
            "isDeprecated": "false" ,
            "dataType": "ASCII_Short_String_Collapsed" ,
            "dataTypeId": "0001_NASA_PDS_1.pds.ASCII_Short_String_Collapsed" ,
            "minimumCharacters": "1" ,
            "maximumCharacters": "255" ,
            "minimumValue": "Unbounded" ,
            "maximumValue": "Unbounded" ,
            "pattern": "null" ,
            "unitOfMeasure": "null" ,
            "unitOfMeasureId": "null" ,
            "unitId": "null" ,
            "defaultUnitId": "null"
          }
        }
      , {
          "attribute": {
            "identifier": "0001_NASA_PDS_1.ml.Calibration_Method.ml.calibration_method_description" ,
            "title": "calibration_method_description" ,
            "registrationAuthorityId": "0001_NASA_PDS_1" ,
            "nameSpaceId": "ml" ,
            "steward": "img" ,
            "versionId": "1.20" ,
            "description": "The calibration_method_description attribute specifies any additional details about the calibration method used." ,
            "isNillable": "false" ,
            "isEnumerated": "false" ,
            "isDeprecated": "false" ,
            "dataType": "ASCII_Short_String_Collapsed" ,
            "dataTypeId": "0001_NASA_PDS_1.pds.ASCII_Short_String_Collapsed" ,
            "minimumCharacters": "1" ,
            "maximumCharacters": "255" ,
            "minimumValue": "Unbounded" ,
            "maximumValue": "Unbounded" ,
            "pattern": "null" ,
            "unitOfMeasure": "null" ,
            "unitOfMeasureId": "null" ,
            "unitId": "null" ,
            "defaultUnitId": "null"
          }
        }
      , {
          "attribute": {
            "identifier": "0001_NASA_PDS_1.ml.Calibration_Method.ml.calibration_method_name" ,
            "title": "calibration_method_name" ,
            "registrationAuthorityId": "0001_NASA_PDS_1" ,
            "nameSpaceId": "ml" ,
            "steward": "img" ,
            "versionId": "1.20" ,
            "description": "The calibration_method_name attribute specifies the name of the calibration used, e.g. \"temperature scaling.\"" ,
            "isNillable": "false" ,
            "isEnumerated": "false" ,
            "isDeprecated": "false" ,
            "dataType": "ASCII_Short_String_Collapsed" ,
            "dataTypeId": "0001_NASA_PDS_1.pds.ASCII_Short_String_Collapsed" ,
            "minimumCharacters": "1" ,
            "maximumCharacters": "255" ,
            "minimumValue": "Unbounded" ,
            "maximumValue": "Unbounded" ,
            "pattern": "null" ,
            "unitOfMeasure": "null" ,
            "unitOfMeasureId": "null" ,
            "unitId": "null" ,
            "defaultUnitId": "null"
          }
        }
      , {
          "attribute": {
            "identifier": "0001_NASA_PDS_1.ml.Calibration_Method.ml.calibration_method_parameter" ,
            "title": "calibration_method_parameter" ,
            "registrationAuthorityId": "0001_NASA_PDS_1" ,
            "nameSpaceId": "ml" ,
            "steward": "img" ,
            "versionId": "1.20" ,
            "description": "The calibration_method_parameter attribute specifies the name of the parameter used, e.g. \"temperature.\"" ,
            "isNillable": "false" ,
            "isEnumerated": "false" ,
            "isDeprecated": "false" ,
            "dataType": "ASCII_Short_String_Collapsed" ,
            "dataTypeId": "0001_NASA_PDS_1.pds.ASCII_Short_String_Collapsed" ,
            "minimumCharacters": "1" ,
            "maximumCharacters": "255" ,
            "minimumValue": "Unbounded" ,
            "maximumValue": "Unbounded" ,
            "pattern": "null" ,
            "unitOfMeasure": "null" ,
            "unitOfMeasureId": "null" ,
            "unitId": "null" ,
            "defaultUnitId": "null"
          }
        }
      , {
          "attribute": {
            "identifier": "0001_NASA_PDS_1.ml.Calibration_Method.ml.calibration_method_parameter_value" ,
            "title": "calibration_method_parameter_value" ,
            "registrationAuthorityId": "0001_NASA_PDS_1" ,
            "nameSpaceId": "ml" ,
            "steward": "img" ,
            "versionId": "1.20" ,
            "description": "The calibration_method_parameter_value attribute sepcifies the value of the named parameter, e.g. for a parameter \"temperature,\" the value could be \"1.31.\"" ,
            "isNillable": "false" ,
            "isEnumerated": "false" ,
            "isDeprecated": "false" ,
            "dataType": "ASCII_Short_String_Collapsed" ,
            "dataTypeId": "0001_NASA_PDS_1.pds.ASCII_Short_String_Collapsed" ,
            "minimumCharacters": "1" ,
            "maximumCharacters": "255" ,
            "minimumValue": "Unbounded" ,
            "maximumValue": "Unbounded" ,
            "pattern": "null" ,
            "unitOfMeasure": "null" ,
            "unitOfMeasureId": "null" ,
            "unitId": "null" ,
            "defaultUnitId": "null"
          }
        }
      , {
          "attribute": {
            "identifier": "0001_NASA_PDS_1.ml.Data_Set.ml.data_set_count" ,
            "title": "data_set_count" ,
            "registrationAuthorityId": "0001_NASA_PDS_1" ,
            "nameSpaceId": "ml" ,
            "steward": "img" ,
            "versionId": "1.20" ,
            "description": "The data_set_count attribute provides the number of items in the data set." ,
            "isNillable": "false" ,
            "isEnumerated": "false" ,
            "isDeprecated": "false" ,
            "dataType": "ASCII_NonNegative_Integer" ,
            "dataTypeId": "0001_NASA_PDS_1.pds.ASCII_NonNegative_Integer" ,
            "minimumCharacters": "Unbounded" ,
            "maximumCharacters": "Unbounded" ,
            "minimumValue": "1" ,
            "maximumValue": "18446744073709551615" ,
            "pattern": "[0-9]+" ,
            "unitOfMeasure": "null" ,
            "unitOfMeasureId": "null" ,
            "unitId": "null" ,
            "defaultUnitId": "null"
          }
        }
      , {
          "attribute": {
            "identifier": "0001_NASA_PDS_1.ml.Data_Set.ml.data_set_version_id" ,
            "title": "data_set_version_id" ,
            "registrationAuthorityId": "0001_NASA_PDS_1" ,
            "nameSpaceId": "ml" ,
            "steward": "img" ,
            "versionId": "1.20" ,
            "description": "The data_set_version_id attribute specifies the data set version number." ,
            "isNillable": "false" ,
            "isEnumerated": "false" ,
            "isDeprecated": "false" ,
            "dataType": "ASCII_VID" ,
            "dataTypeId": "0001_NASA_PDS_1.pds.ASCII_VID" ,
            "minimumCharacters": "3" ,
            "maximumCharacters": "100" ,
            "minimumValue": "Unbounded" ,
            "maximumValue": "Unbounded" ,
            "pattern": "null" ,
            "unitOfMeasure": "null" ,
            "unitOfMeasureId": "null" ,
            "unitId": "null" ,
            "defaultUnitId": "null"
          }
        }
      , {
          "attribute": {
            "identifier": "0001_NASA_PDS_1.ml.Machine_Learning_Algorithm.ml.algorithm_learning_style" ,
            "title": "algorithm_learning_style" ,
            "registrationAuthorityId": "0001_NASA_PDS_1" ,
            "nameSpaceId": "ml" ,
            "steward": "img" ,
            "versionId": "1.20" ,
            "description": "The algorithm_learning_style attribute describes the type of learning style employed by the algorithm to solve a problem. Specifically, the learning style depends on whether labeled or unlabeled data was employed to train the model. Labeled data includes observations that are associated with a desired output such as a class or numeric value." ,
            "isNillable": "false" ,
            "isEnumerated": "true" ,
            "isDeprecated": "false" ,
            "dataType": "ASCII_Short_String_Collapsed" ,
            "dataTypeId": "0001_NASA_PDS_1.pds.ASCII_Short_String_Collapsed" ,
            "minimumCharacters": "1" ,
            "maximumCharacters": "255" ,
            "minimumValue": "Unbounded" ,
            "maximumValue": "Unbounded" ,
            "pattern": "null" ,
            "unitOfMeasure": "null" ,
            "unitOfMeasureId": "null" ,
            "unitId": "null" ,
            "defaultUnitId": "null"
          , "PermissibleValueList": [
              {"PermissibleValue": {
                  "value": "Semisupervised_Learning" ,
                  "valueMeaning": "Both labeled data and unlabeled data were used to inform the model." ,
                  "isDeprecated": "false"
                }
             }
            , {"PermissibleValue": {
                  "value": "Supervised_Learning" ,
                  "valueMeaning": "Supervised_Learning indicates that labeled data has been used to train a model to yield the desired output." ,
                  "isDeprecated": "false"
                }
             }
            , {"PermissibleValue": {
                  "value": "Unsupervised_Learning" ,
                  "valueMeaning": "The algorithm did not employ any labeled data and instead discovered patterns from unlabeled data." ,
                  "isDeprecated": "false"
                }
             }
           ]
          }
        }
      , {
          "attribute": {
            "identifier": "0001_NASA_PDS_1.ml.Machine_Learning_Algorithm.ml.algorithm_name" ,
            "title": "algorithm_name" ,
            "registrationAuthorityId": "0001_NASA_PDS_1" ,
            "nameSpaceId": "ml" ,
            "steward": "img" ,
            "versionId": "1.20" ,
            "description": "The algorithm_name attribute specifies the name of the algorithm used." ,
            "isNillable": "false" ,
            "isEnumerated": "false" ,
            "isDeprecated": "false" ,
            "dataType": "ASCII_Short_String_Collapsed" ,
            "dataTypeId": "0001_NASA_PDS_1.pds.ASCII_Short_String_Collapsed" ,
            "minimumCharacters": "1" ,
            "maximumCharacters": "255" ,
            "minimumValue": "Unbounded" ,
            "maximumValue": "Unbounded" ,
            "pattern": "null" ,
            "unitOfMeasure": "null" ,
            "unitOfMeasureId": "null" ,
            "unitId": "null" ,
            "defaultUnitId": "null"
          }
        }
      , {
          "attribute": {
            "identifier": "0001_NASA_PDS_1.ml.Machine_Learning_Algorithm.ml.algorithm_type" ,
            "title": "algorithm_type" ,
            "registrationAuthorityId": "0001_NASA_PDS_1" ,
            "nameSpaceId": "ml" ,
            "steward": "img" ,
            "versionId": "1.20" ,
            "description": "The algorithm_type attribute describes the kind of algorithm used, such as a regression model, neural network, tree, etc." ,
            "isNillable": "false" ,
            "isEnumerated": "true" ,
            "isDeprecated": "false" ,
            "dataType": "ASCII_Short_String_Collapsed" ,
            "dataTypeId": "0001_NASA_PDS_1.pds.ASCII_Short_String_Collapsed" ,
            "minimumCharacters": "1" ,
            "maximumCharacters": "255" ,
            "minimumValue": "Unbounded" ,
            "maximumValue": "Unbounded" ,
            "pattern": "null" ,
            "unitOfMeasure": "null" ,
            "unitOfMeasureId": "null" ,
            "unitId": "null" ,
            "defaultUnitId": "null"
          , "PermissibleValueList": [
              {"PermissibleValue": {
                  "value": "Convolutional_Neural_Network_Classifier" ,
                  "valueMeaning": "The algorithm used for data analysis is a Convolutional Neural Network (CNN) Classifier." ,
                  "isDeprecated": "false"
                }
             }
           ]
          }
        }
      , {
          "attribute": {
            "identifier": "0001_NASA_PDS_1.ml.Machine_Learning_Algorithm.ml.trained_model_objective_function_description" ,
            "title": "trained_model_objective_function_description" ,
            "registrationAuthorityId": "0001_NASA_PDS_1" ,
            "nameSpaceId": "ml" ,
            "steward": "img" ,
            "versionId": "1.20" ,
            "description": "The trained_model_objective_function_description attribute describes the objective function used." ,
            "isNillable": "false" ,
            "isEnumerated": "false" ,
            "isDeprecated": "false" ,
            "dataType": "ASCII_Short_String_Collapsed" ,
            "dataTypeId": "0001_NASA_PDS_1.pds.ASCII_Short_String_Collapsed" ,
            "minimumCharacters": "1" ,
            "maximumCharacters": "255" ,
            "minimumValue": "Unbounded" ,
            "maximumValue": "Unbounded" ,
            "pattern": "null" ,
            "unitOfMeasure": "null" ,
            "unitOfMeasureId": "null" ,
            "unitId": "null" ,
            "defaultUnitId": "null"
          }
        }
      , {
          "attribute": {
            "identifier": "0001_NASA_PDS_1.ml.Machine_Learning_Algorithm.ml.trained_model_objective_function_name" ,
            "title": "trained_model_objective_function_name" ,
            "registrationAuthorityId": "0001_NASA_PDS_1" ,
            "nameSpaceId": "ml" ,
            "steward": "img" ,
            "versionId": "1.20" ,
            "description": "The trained_model_objective_function_name attribute specifies the name of the objective function used." ,
            "isNillable": "false" ,
            "isEnumerated": "false" ,
            "isDeprecated": "false" ,
            "dataType": "ASCII_Short_String_Collapsed" ,
            "dataTypeId": "0001_NASA_PDS_1.pds.ASCII_Short_String_Collapsed" ,
            "minimumCharacters": "1" ,
            "maximumCharacters": "255" ,
            "minimumValue": "Unbounded" ,
            "maximumValue": "Unbounded" ,
            "pattern": "null" ,
            "unitOfMeasure": "null" ,
            "unitOfMeasureId": "null" ,
            "unitId": "null" ,
            "defaultUnitId": "null"
          }
        }
      , {
          "attribute": {
            "identifier": "0001_NASA_PDS_1.ml.Optimization_Algorithm.ml.optimization_algorithm_description" ,
            "title": "optimization_algorithm_description" ,
            "registrationAuthorityId": "0001_NASA_PDS_1" ,
            "nameSpaceId": "ml" ,
            "steward": "img" ,
            "versionId": "1.20" ,
            "description": "The optimization_algorithm_description attribute specifies any additional details about the optimization algorithm." ,
            "isNillable": "false" ,
            "isEnumerated": "false" ,
            "isDeprecated": "false" ,
            "dataType": "ASCII_Short_String_Collapsed" ,
            "dataTypeId": "0001_NASA_PDS_1.pds.ASCII_Short_String_Collapsed" ,
            "minimumCharacters": "1" ,
            "maximumCharacters": "255" ,
            "minimumValue": "Unbounded" ,
            "maximumValue": "Unbounded" ,
            "pattern": "null" ,
            "unitOfMeasure": "null" ,
            "unitOfMeasureId": "null" ,
            "unitId": "null" ,
            "defaultUnitId": "null"
          }
        }
      , {
          "attribute": {
            "identifier": "0001_NASA_PDS_1.ml.Optimization_Algorithm.ml.optimization_algorithm_name" ,
            "title": "optimization_algorithm_name" ,
            "registrationAuthorityId": "0001_NASA_PDS_1" ,
            "nameSpaceId": "ml" ,
            "steward": "img" ,
            "versionId": "1.20" ,
            "description": "The optimization_algorithm_name attribute specifies the name of the operation algorithm, e.g. \"stochastic gradient descent.\"" ,
            "isNillable": "false" ,
            "isEnumerated": "false" ,
            "isDeprecated": "false" ,
            "dataType": "ASCII_Short_String_Collapsed" ,
            "dataTypeId": "0001_NASA_PDS_1.pds.ASCII_Short_String_Collapsed" ,
            "minimumCharacters": "1" ,
            "maximumCharacters": "255" ,
            "minimumValue": "Unbounded" ,
            "maximumValue": "Unbounded" ,
            "pattern": "null" ,
            "unitOfMeasure": "null" ,
            "unitOfMeasureId": "null" ,
            "unitId": "null" ,
            "defaultUnitId": "null"
          }
        }
      , {
          "attribute": {
            "identifier": "0001_NASA_PDS_1.ml.Optimization_Algorithm.ml.optimization_algorithm_parameter" ,
            "title": "optimization_algorithm_parameter" ,
            "registrationAuthorityId": "0001_NASA_PDS_1" ,
            "nameSpaceId": "ml" ,
            "steward": "img" ,
            "versionId": "1.20" ,
            "description": "The optimization_algorithm_parameter attribute specifies the name of a parameter used, e.g. \"conv1 learning rate,\" or \"weight decay.\"" ,
            "isNillable": "false" ,
            "isEnumerated": "false" ,
            "isDeprecated": "false" ,
            "dataType": "ASCII_Short_String_Collapsed" ,
            "dataTypeId": "0001_NASA_PDS_1.pds.ASCII_Short_String_Collapsed" ,
            "minimumCharacters": "1" ,
            "maximumCharacters": "255" ,
            "minimumValue": "Unbounded" ,
            "maximumValue": "Unbounded" ,
            "pattern": "null" ,
            "unitOfMeasure": "null" ,
            "unitOfMeasureId": "null" ,
            "unitId": "null" ,
            "defaultUnitId": "null"
          }
        }
      , {
          "attribute": {
            "identifier": "0001_NASA_PDS_1.ml.Optimization_Algorithm.ml.optimization_algorithm_parameter_value" ,
            "title": "optimization_algorithm_parameter_value" ,
            "registrationAuthorityId": "0001_NASA_PDS_1" ,
            "nameSpaceId": "ml" ,
            "steward": "img" ,
            "versionId": "1.20" ,
            "description": "The optimization_algorithm_parameter_value attribute specifies the value of the named parameter, e.g. for a parameter \"conv1 learning rate,\" the value could be \"0.001.\"" ,
            "isNillable": "false" ,
            "isEnumerated": "false" ,
            "isDeprecated": "false" ,
            "dataType": "ASCII_Short_String_Collapsed" ,
            "dataTypeId": "0001_NASA_PDS_1.pds.ASCII_Short_String_Collapsed" ,
            "minimumCharacters": "1" ,
            "maximumCharacters": "255" ,
            "minimumValue": "Unbounded" ,
            "maximumValue": "Unbounded" ,
            "pattern": "null" ,
            "unitOfMeasure": "null" ,
            "unitOfMeasureId": "null" ,
            "unitId": "null" ,
            "defaultUnitId": "null"
          }
        }
      , {
          "attribute": {
            "identifier": "0001_NASA_PDS_1.ml.Preprocessing_Method.ml.preprocessing_method_description" ,
            "title": "preprocessing_method_description" ,
            "registrationAuthorityId": "0001_NASA_PDS_1" ,
            "nameSpaceId": "ml" ,
            "steward": "img" ,
            "versionId": "1.20" ,
            "description": "The preprocessing_method_description attribute describes the preprocessing method in more detail." ,
            "isNillable": "true" ,
            "isEnumerated": "false" ,
            "isDeprecated": "false" ,
            "dataType": "ASCII_Short_String_Collapsed" ,
            "dataTypeId": "0001_NASA_PDS_1.pds.ASCII_Short_String_Collapsed" ,
            "minimumCharacters": "1" ,
            "maximumCharacters": "255" ,
            "minimumValue": "Unbounded" ,
            "maximumValue": "Unbounded" ,
            "pattern": "null" ,
            "unitOfMeasure": "null" ,
            "unitOfMeasureId": "null" ,
            "unitId": "null" ,
            "defaultUnitId": "null"
          }
        }
      , {
          "attribute": {
            "identifier": "0001_NASA_PDS_1.ml.Preprocessing_Method.ml.preprocessing_method_name" ,
            "title": "preprocessing_method_name" ,
            "registrationAuthorityId": "0001_NASA_PDS_1" ,
            "nameSpaceId": "ml" ,
            "steward": "img" ,
            "versionId": "1.20" ,
            "description": "The preprocessing_method_name attribute names any method by which an image was preprocessed, e.g. center cropping." ,
            "isNillable": "true" ,
            "isEnumerated": "false" ,
            "isDeprecated": "false" ,
            "dataType": "ASCII_Short_String_Collapsed" ,
            "dataTypeId": "0001_NASA_PDS_1.pds.ASCII_Short_String_Collapsed" ,
            "minimumCharacters": "1" ,
            "maximumCharacters": "255" ,
            "minimumValue": "Unbounded" ,
            "maximumValue": "Unbounded" ,
            "pattern": "null" ,
            "unitOfMeasure": "null" ,
            "unitOfMeasureId": "null" ,
            "unitId": "null" ,
            "defaultUnitId": "null"
          }
        }
      , {
          "attribute": {
            "identifier": "0001_NASA_PDS_1.ml.Preprocessing_Method.ml.preprocessing_method_parameter" ,
            "title": "preprocessing_method_parameter" ,
            "registrationAuthorityId": "0001_NASA_PDS_1" ,
            "nameSpaceId": "ml" ,
            "steward": "img" ,
            "versionId": "1.20" ,
            "description": "The preprocessing_method_parameter attribute names any preprocessing parameters." ,
            "isNillable": "true" ,
            "isEnumerated": "false" ,
            "isDeprecated": "false" ,
            "dataType": "ASCII_Short_String_Collapsed" ,
            "dataTypeId": "0001_NASA_PDS_1.pds.ASCII_Short_String_Collapsed" ,
            "minimumCharacters": "1" ,
            "maximumCharacters": "255" ,
            "minimumValue": "Unbounded" ,
            "maximumValue": "Unbounded" ,
            "pattern": "null" ,
            "unitOfMeasure": "null" ,
            "unitOfMeasureId": "null" ,
            "unitId": "null" ,
            "defaultUnitId": "null"
          }
        }
      , {
          "attribute": {
            "identifier": "0001_NASA_PDS_1.ml.Preprocessing_Method.ml.preprocessing_method_parameter_value" ,
            "title": "preprocessing_method_parameter_value" ,
            "registrationAuthorityId": "0001_NASA_PDS_1" ,
            "nameSpaceId": "ml" ,
            "steward": "img" ,
            "versionId": "1.20" ,
            "description": "The preprocessing_method_parameter_value attribute specifies the value of the named preprocessing parameter." ,
            "isNillable": "true" ,
            "isEnumerated": "false" ,
            "isDeprecated": "false" ,
            "dataType": "ASCII_Short_String_Collapsed" ,
            "dataTypeId": "0001_NASA_PDS_1.pds.ASCII_Short_String_Collapsed" ,
            "minimumCharacters": "1" ,
            "maximumCharacters": "255" ,
            "minimumValue": "Unbounded" ,
            "maximumValue": "Unbounded" ,
            "pattern": "null" ,
            "unitOfMeasure": "null" ,
            "unitOfMeasureId": "null" ,
            "unitId": "null" ,
            "defaultUnitId": "null"
          }
        }
      , {
          "attribute": {
            "identifier": "0001_NASA_PDS_1.ml.Test_Performance.ml.performance_measure" ,
            "title": "performance_measure" ,
            "registrationAuthorityId": "0001_NASA_PDS_1" ,
            "nameSpaceId": "ml" ,
            "steward": "img" ,
            "versionId": "1.20" ,
            "description": "The performance_measure attribute specifies the name of the measure (or metric) used to report performance of the model on the test set." ,
            "isNillable": "false" ,
            "isEnumerated": "false" ,
            "isDeprecated": "false" ,
            "dataType": "ASCII_Short_String_Collapsed" ,
            "dataTypeId": "0001_NASA_PDS_1.pds.ASCII_Short_String_Collapsed" ,
            "minimumCharacters": "1" ,
            "maximumCharacters": "255" ,
            "minimumValue": "Unbounded" ,
            "maximumValue": "Unbounded" ,
            "pattern": "null" ,
            "unitOfMeasure": "null" ,
            "unitOfMeasureId": "null" ,
            "unitId": "null" ,
            "defaultUnitId": "null"
          }
        }
      , {
          "attribute": {
            "identifier": "0001_NASA_PDS_1.ml.Test_Performance.ml.performance_score" ,
            "title": "performance_score" ,
            "registrationAuthorityId": "0001_NASA_PDS_1" ,
            "nameSpaceId": "ml" ,
            "steward": "img" ,
            "versionId": "1.20" ,
            "description": "The performance_score attribute reports the numeric score the model achieved using performance_measure on the test set. Values are not constrained since the measure may not be a strict metric. Examples could include accuracy, loss, runtime, memory consumption, etc." ,
            "isNillable": "false" ,
            "isEnumerated": "false" ,
            "isDeprecated": "false" ,
            "dataType": "ASCII_Real" ,
            "dataTypeId": "0001_NASA_PDS_1.pds.ASCII_Real" ,
            "minimumCharacters": "Unbounded" ,
            "maximumCharacters": "Unbounded" ,
            "minimumValue": "-1.7976931348623157e308" ,
            "maximumValue": "1.7976931348623157e308" ,
            "pattern": "null" ,
            "unitOfMeasure": "null" ,
            "unitOfMeasureId": "null" ,
            "unitId": "null" ,
            "defaultUnitId": "null"
          }
        }
      , {
          "attribute": {
            "identifier": "0001_NASA_PDS_1.ml.Trained_Machine_Learning_Model.ml.trained_model_creation_date" ,
            "title": "trained_model_creation_date" ,
            "registrationAuthorityId": "0001_NASA_PDS_1" ,
            "nameSpaceId": "ml" ,
            "steward": "img" ,
            "versionId": "1.20" ,
            "description": "The trained_model_creation_date attribute specifies the date that the model was created, in Year\/Month\/Day format." ,
            "isNillable": "false" ,
            "isEnumerated": "false" ,
            "isDeprecated": "false" ,
            "dataType": "ASCII_Date_YMD" ,
            "dataTypeId": "0001_NASA_PDS_1.pds.ASCII_Date_YMD" ,
            "minimumCharacters": "Unbounded" ,
            "maximumCharacters": "Unbounded" ,
            "minimumValue": "Unbounded" ,
            "maximumValue": "Unbounded" ,
            "pattern": "null" ,
            "unitOfMeasure": "null" ,
            "unitOfMeasureId": "null" ,
            "unitId": "null" ,
            "defaultUnitId": "null"
          }
        }
      , {
          "attribute": {
            "identifier": "0001_NASA_PDS_1.ml.Trained_Machine_Learning_Model.ml.trained_model_name" ,
            "title": "trained_model_name" ,
            "registrationAuthorityId": "0001_NASA_PDS_1" ,
            "nameSpaceId": "ml" ,
            "steward": "img" ,
            "versionId": "1.20" ,
            "description": "The trained_model_name attribute specifies the name of the model used." ,
            "isNillable": "false" ,
            "isEnumerated": "false" ,
            "isDeprecated": "false" ,
            "dataType": "ASCII_Short_String_Collapsed" ,
            "dataTypeId": "0001_NASA_PDS_1.pds.ASCII_Short_String_Collapsed" ,
            "minimumCharacters": "1" ,
            "maximumCharacters": "255" ,
            "minimumValue": "Unbounded" ,
            "maximumValue": "Unbounded" ,
            "pattern": "null" ,
            "unitOfMeasure": "null" ,
            "unitOfMeasureId": "null" ,
            "unitId": "null" ,
            "defaultUnitId": "null"
          }
        }
      , {
          "attribute": {
            "identifier": "0001_NASA_PDS_1.ml.Trained_Machine_Learning_Model.ml.trained_model_version_id" ,
            "title": "trained_model_version_id" ,
            "registrationAuthorityId": "0001_NASA_PDS_1" ,
            "nameSpaceId": "ml" ,
            "steward": "img" ,
            "versionId": "1.20" ,
            "description": "The trained_model_version_id attribute specifies the trained model version number." ,
            "isNillable": "false" ,
            "isEnumerated": "false" ,
            "isDeprecated": "false" ,
            "dataType": "ASCII_VID" ,
            "dataTypeId": "0001_NASA_PDS_1.pds.ASCII_VID" ,
            "minimumCharacters": "3" ,
            "maximumCharacters": "100" ,
            "minimumValue": "Unbounded" ,
            "maximumValue": "Unbounded" ,
            "pattern": "null" ,
            "unitOfMeasure": "null" ,
            "unitOfMeasureId": "null" ,
            "unitId": "null" ,
            "defaultUnitId": "null"
          }
        }
      , {
          "attribute": {
            "identifier": "0001_NASA_PDS_1.ml.Trained_Model_Architecture.ml.trained_model_architecture_description" ,
            "title": "trained_model_architecture_description" ,
            "registrationAuthorityId": "0001_NASA_PDS_1" ,
            "nameSpaceId": "ml" ,
            "steward": "img" ,
            "versionId": "1.20" ,
            "description": "The trained_model_architecture_description attribute specifies any additional details about the architecture." ,
            "isNillable": "false" ,
            "isEnumerated": "false" ,
            "isDeprecated": "false" ,
            "dataType": "ASCII_Short_String_Collapsed" ,
            "dataTypeId": "0001_NASA_PDS_1.pds.ASCII_Short_String_Collapsed" ,
            "minimumCharacters": "1" ,
            "maximumCharacters": "255" ,
            "minimumValue": "Unbounded" ,
            "maximumValue": "Unbounded" ,
            "pattern": "null" ,
            "unitOfMeasure": "null" ,
            "unitOfMeasureId": "null" ,
            "unitId": "null" ,
            "defaultUnitId": "null"
          }
        }
      , {
          "attribute": {
            "identifier": "0001_NASA_PDS_1.ml.Trained_Model_Architecture.ml.trained_model_architecture_name" ,
            "title": "trained_model_architecture_name" ,
            "registrationAuthorityId": "0001_NASA_PDS_1" ,
            "nameSpaceId": "ml" ,
            "steward": "img" ,
            "versionId": "1.20" ,
            "description": "The trained_model_architecture_name attribute specifies the name of the architecture, e.g. \"MSLNet.\"" ,
            "isNillable": "false" ,
            "isEnumerated": "false" ,
            "isDeprecated": "false" ,
            "dataType": "ASCII_Short_String_Collapsed" ,
            "dataTypeId": "0001_NASA_PDS_1.pds.ASCII_Short_String_Collapsed" ,
            "minimumCharacters": "1" ,
            "maximumCharacters": "255" ,
            "minimumValue": "Unbounded" ,
            "maximumValue": "Unbounded" ,
            "pattern": "null" ,
            "unitOfMeasure": "null" ,
            "unitOfMeasureId": "null" ,
            "unitId": "null" ,
            "defaultUnitId": "null"
          }
        }
      , {
          "attribute": {
            "identifier": "0001_NASA_PDS_1.ml.Trained_Model_Architecture.ml.trained_model_architecture_version_id" ,
            "title": "trained_model_architecture_version_id" ,
            "registrationAuthorityId": "0001_NASA_PDS_1" ,
            "nameSpaceId": "ml" ,
            "steward": "img" ,
            "versionId": "1.20" ,
            "description": " The trained_model_architecture_version_id attribute specifies the architecture version number." ,
            "isNillable": "false" ,
            "isEnumerated": "false" ,
            "isDeprecated": "false" ,
            "dataType": "ASCII_VID" ,
            "dataTypeId": "0001_NASA_PDS_1.pds.ASCII_VID" ,
            "minimumCharacters": "3" ,
            "maximumCharacters": "100" ,
            "minimumValue": "Unbounded" ,
            "maximumValue": "Unbounded" ,
            "pattern": "null" ,
            "unitOfMeasure": "null" ,
            "unitOfMeasureId": "null" ,
            "unitId": "null" ,
            "defaultUnitId": "null"
          }
        }
      , {
          "attribute": {
            "identifier": "0001_NASA_PDS_1.ml.Trained_Model_File.ml.trained_model_file_description" ,
            "title": "trained_model_file_description" ,
            "registrationAuthorityId": "0001_NASA_PDS_1" ,
            "nameSpaceId": "ml" ,
            "steward": "img" ,
            "versionId": "1.20" ,
            "description": "The trained_model_file_description attribute specifies any additional details about the trained model file, e.g. the file format." ,
            "isNillable": "false" ,
            "isEnumerated": "false" ,
            "isDeprecated": "false" ,
            "dataType": "ASCII_Short_String_Collapsed" ,
            "dataTypeId": "0001_NASA_PDS_1.pds.ASCII_Short_String_Collapsed" ,
            "minimumCharacters": "1" ,
            "maximumCharacters": "255" ,
            "minimumValue": "Unbounded" ,
            "maximumValue": "Unbounded" ,
            "pattern": "null" ,
            "unitOfMeasure": "null" ,
            "unitOfMeasureId": "null" ,
            "unitId": "null" ,
            "defaultUnitId": "null"
          }
        }
      , {
          "attribute": {
            "identifier": "0001_NASA_PDS_1.ml.Trained_Model_File.ml.trained_model_file_name" ,
            "title": "trained_model_file_name" ,
            "registrationAuthorityId": "0001_NASA_PDS_1" ,
            "nameSpaceId": "ml" ,
            "steward": "img" ,
            "versionId": "1.20" ,
            "description": "The trained_model_file_name attribute specifies the name of the trained model file." ,
            "isNillable": "false" ,
            "isEnumerated": "false" ,
            "isDeprecated": "false" ,
            "dataType": "ASCII_Short_String_Collapsed" ,
            "dataTypeId": "0001_NASA_PDS_1.pds.ASCII_Short_String_Collapsed" ,
            "minimumCharacters": "1" ,
            "maximumCharacters": "255" ,
            "minimumValue": "Unbounded" ,
            "maximumValue": "Unbounded" ,
            "pattern": "null" ,
            "unitOfMeasure": "null" ,
            "unitOfMeasureId": "null" ,
            "unitId": "null" ,
            "defaultUnitId": "null"
          }
        }
      , {
          "attribute": {
            "identifier": "0001_NASA_PDS_1.ml.Trained_Model_Hyperparameter.ml.trained_model_hyperparameter_name" ,
            "title": "trained_model_hyperparameter_name" ,
            "registrationAuthorityId": "0001_NASA_PDS_1" ,
            "nameSpaceId": "ml" ,
            "steward": "img" ,
            "versionId": "1.20" ,
            "description": "The trained_model_hyperparameter_name attribute specifies the name of the hyperparameter, e.g. \"batch size,\" \"normalization method,\" \"number of epochs,\" \"conv1 dropout rate,\" \"conv2 dropout rate.\"" ,
            "isNillable": "false" ,
            "isEnumerated": "false" ,
            "isDeprecated": "false" ,
            "dataType": "ASCII_Short_String_Collapsed" ,
            "dataTypeId": "0001_NASA_PDS_1.pds.ASCII_Short_String_Collapsed" ,
            "minimumCharacters": "1" ,
            "maximumCharacters": "255" ,
            "minimumValue": "Unbounded" ,
            "maximumValue": "Unbounded" ,
            "pattern": "null" ,
            "unitOfMeasure": "null" ,
            "unitOfMeasureId": "null" ,
            "unitId": "null" ,
            "defaultUnitId": "null"
          }
        }
      , {
          "attribute": {
            "identifier": "0001_NASA_PDS_1.ml.Trained_Model_Hyperparameter.ml.trained_model_hyperparameter_value" ,
            "title": "trained_model_hyperparameter_value" ,
            "registrationAuthorityId": "0001_NASA_PDS_1" ,
            "nameSpaceId": "ml" ,
            "steward": "img" ,
            "versionId": "1.20" ,
            "description": "The trained_model_hyperparameter_value attribute specifies the value of the hyperparameter named, e.g.\"z-score\" for normalization method, \"100\" for \"number of epochs.\"" ,
            "isNillable": "false" ,
            "isEnumerated": "false" ,
            "isDeprecated": "false" ,
            "dataType": "ASCII_Short_String_Collapsed" ,
            "dataTypeId": "0001_NASA_PDS_1.pds.ASCII_Short_String_Collapsed" ,
            "minimumCharacters": "1" ,
            "maximumCharacters": "255" ,
            "minimumValue": "Unbounded" ,
            "maximumValue": "Unbounded" ,
            "pattern": "null" ,
            "unitOfMeasure": "null" ,
            "unitOfMeasureId": "null" ,
            "unitId": "null" ,
            "defaultUnitId": "null"
          }
        }
      ]
    }
  }
]
