<?xml version="1.0" encoding="UTF-8"?>
<?xml-model href="http://pds.nasa.gov/pds4/pds/v1/PDS4_PDS_1F00.sch"
   schematypens="http://purl.oclc.org/dsdl/schematron"?>
<?xml-model href="https://pds.nasa.gov/pds4/disp/v1/PDS4_DISP_1F00_1500.sch" schematypens="http://purl.oclc.org/dsdl/schematron"?>

<Ingest_LDD 
	xmlns="http://pds.nasa.gov/pds4/pds/v1" 
	xmlns:xsi="http://www.w3.org/2001/XMLSchema-instance" 
    xmlns:near="http://pds.nasa.gov/pds4/mission/near/v1" 
	xsi:schemaLocation="http://pds.nasa.gov/pds4/pds/v1 https://pds.nasa.gov/pds4/pds/v1/PDS4_PDS_1I00.xsd">

	<name>NEAR Mission Dictionary</name>
    <ldd_version_id>1.0.0.0</ldd_version_id>
    <dictionary_type>Mission</dictionary_type>
	<full_name>Kristina Lopez</full_name>
	<steward_id>sbn</steward_id>
	<namespace_id>near</namespace_id>
	<comment>The mission dictionary for NEAR to support the PDS3 to 4 migration.</comment>
	<last_modification_date_time>2022-06-22Z</last_modification_date_time>

    <!-- one per entry in the attribute list -->
    <DD_Attribute>
        <name>sequence_table_ID</name>
        <version_id>1.0</version_id>
        <local_identifier>near.sequence_table_ID</local_identifier>
        <nillable_flag>false</nillable_flag>
        <submitter_name>Kristina Lopez</submitter_name>
        <definition>The sequence_table_id element provides an unique identified for the sequence table that was used for a set of observations.  The sequence table provides the image acquistion sequences that specify the camera and filter image sequencing.  It indicates the order in which cameras are shuttered and the order for which filters are used.</definition>
        <DD_Value_Domain>
            <enumeration_flag>false</enumeration_flag>
            <value_data_type>ASCII_Short_String_Collapsed</value_data_type>
        </DD_Value_Domain>
    </DD_Attribute>

    <DD_Attribute>
        <name>sequence_title</name>
        <version_id>1.0</version_id>
        <local_identifier>near.sequence_title</local_identifier>
        <nillable_flag>false</nillable_flag>
        <submitter_name>Kristina Lopez</submitter_name>
        <definition>The sequence_title element provides the title assigned to a particular observation sequence during planning or data processing.</definition>
        <DD_Value_Domain>
            <enumeration_flag>false</enumeration_flag>
            <value_data_type>ASCII_Short_String_Collapsed</value_data_type>
        </DD_Value_Domain>
    </DD_Attribute>


    <DD_Attribute>
        <name>inst_cmprs_quantz_tbl_id</name>
        <version_id>1.0</version_id>
        <local_identifier>near.inst_cmprs_quantz_tbl_id</local_identifier>
        <nillable_flag>false</nillable_flag>
        <submitter_name>Kristina Lopez</submitter_name>
        <definition>The inst_cmprs_quantz_tbl_id element identifies the reference table used for quantization in the frequency domain for on-board transform compression.  This name or code should be specific enough to allow the user of the data to have sufficient information to reference the quantization table used to compress the data.</definition>
        <DD_Value_Domain>
            <enumeration_flag>false</enumeration_flag>
            <value_data_type>ASCII_Real</value_data_type>
        </DD_Value_Domain>
    </DD_Attribute>

    <DD_Attribute>
        <name>spacecraft_clock_start_count</name>
        <version_id>1.0</version_id>
        <local_identifier>near.spacecraft_clock_start_count</local_identifier>
        <nillable_flag>false</nillable_flag>
        <submitter_name>Kristina Lopez</submitter_name>
        <definition>MET of image acquisition in seconds. MET corresponds to the last spacecraft   
            1-Hz pulse before the end of image integration, i.e., 918 ms before the end   
            of image integration. See Murchie et al. (1998) [MURCHIEETAL1998] for a       
            detailed explanation of timing of the 1 Hz pulse relative to image exposure.  </definition>
        <DD_Value_Domain>
            <enumeration_flag>false</enumeration_flag>
            <value_data_type>ASCII_Short_String_Collapsed</value_data_type>
        </DD_Value_Domain>
    </DD_Attribute>

    <DD_Attribute>
        <name>spacecraft_clock_stop_count</name>
        <version_id>1.0</version_id>
        <local_identifier>near.spacecraft_clock_stop_count</local_identifier>
        <nillable_flag>false</nillable_flag>
        <submitter_name>Kristina Lopez</submitter_name>
        <definition>MET of image acquisition in seconds. MET corresponds to the last spacecraft   
            1-Hz pulse before the end of image integration, i.e., 918 ms before the end   
            of image integration. See Murchie et al. (1998) [MURCHIEETAL1998] for a       
            detailed explanation of timing of the 1 Hz pulse relative to image exposure.  </definition>
        <DD_Value_Domain>
            <enumeration_flag>false</enumeration_flag>
            <value_data_type>ASCII_Short_String_Collapsed</value_data_type>
        </DD_Value_Domain>
    </DD_Attribute>

    <DD_Attribute>
        <name>device_temperature</name>
        <version_id>1.0</version_id>
        <local_identifier>near.device_temperature</local_identifier>
        <nillable_flag>false</nillable_flag>
        <submitter_name>Kristina Lopez</submitter_name>
        <definition>The INSTRUMENT_TEMPERATURE element provides the temperature, in degrees
            Celsius, of an instrument or some part of an instrument. </definition>
        <DD_Value_Domain>
            <enumeration_flag>false</enumeration_flag>
            <value_data_type>ASCII_Short_String_Collapsed</value_data_type>
        </DD_Value_Domain>
    </DD_Attribute>

    <DD_Attribute>
        <name>instrument_mode</name>
        <version_id>1.0</version_id>
        <local_identifier>near.instrument_mode</local_identifier>
        <nillable_flag>false</nillable_flag>
        <submitter_name>Kristina Lopez</submitter_name>
        <definition>The instrument_mode element provides the name of 
            the mode the grs instrument was operating in at the time of the observation. </definition>
        <DD_Value_Domain>
            <enumeration_flag>false</enumeration_flag>
            <value_data_type>ASCII_Short_String_Collapsed</value_data_type>
        </DD_Value_Domain>
    </DD_Attribute>


    <!-- on per entry in the class list -->
    <DD_Class>
        <name>NEAR</name>
        <version_id>1.0</version_id>
        <local_identifier>near</local_identifier>
        <submitter_name>Kristina Lopez</submitter_name>
        <definition>NEAR mission related properties</definition>
        <element_flag>true</element_flag>
        <DD_Association> <!-- one dd_association per relationship -->
            <identifier_reference>Observation_Information</identifier_reference>
            <reference_type>component_of</reference_type> <!-- attribute_of for attributes, component_of for classes -->
            <minimum_occurrences>1</minimum_occurrences>
            <maximum_occurrences>1</maximum_occurrences>
        </DD_Association>
        
    </DD_Class>
    
    <DD_Class>
        <name>Observation_Information</name>
        <version_id>1.0</version_id>
        <local_identifier>Observation_Information</local_identifier>
        <submitter_name>Kristina Lopez</submitter_name>
        <definition>Observation related properties </definition>
        <!-- uncomment if this is the top-level class -->
        <!-- <element_flag>true</element_flag> -->
        <DD_Association> <!-- one dd_association per relationship -->
            <identifier_reference>near.sequence_table_ID</identifier_reference>
            <reference_type>attribute_of</reference_type> <!-- attribute_of for attributes, component_of for classes -->
            <minimum_occurrences>0</minimum_occurrences>
            <maximum_occurrences>1</maximum_occurrences>
        </DD_Association>
        
        <DD_Association> <!-- one dd_association per relationship -->
            <identifier_reference>near.sequence_title</identifier_reference>
            <reference_type>attribute_of</reference_type> <!-- attribute_of for attributes, component_of for classes -->
            <minimum_occurrences>0</minimum_occurrences>
            <maximum_occurrences>1</maximum_occurrences>
        </DD_Association>
        
        <DD_Association> <!-- one dd_association per relationship -->
            <identifier_reference>near.inst_cmprs_quantz_tbl_id</identifier_reference>
            <reference_type>attribute_of</reference_type> <!-- attribute_of for attributes, component_of for classes -->
            <minimum_occurrences>0</minimum_occurrences>
            <maximum_occurrences>1</maximum_occurrences>
        </DD_Association>

        <DD_Association> <!-- one dd_association per relationship -->

            <identifier_reference>near.spacecraft_clock_start_count</identifier_reference>
            <reference_type>attribute_of</reference_type> <!-- attribute_of for attributes, component_of for classes -->
            <minimum_occurrences>0</minimum_occurrences>
            <maximum_occurrences>1</maximum_occurrences>
        </DD_Association>

     
        <DD_Association> <!-- one dd_association per relationship -->
            <identifier_reference>near.spacecraft_clock_stop_count</identifier_reference>
            <reference_type>attribute_of</reference_type> <!-- attribute_of for attributes, component_of for classes -->
            <minimum_occurrences>0</minimum_occurrences>
            <maximum_occurrences>1</maximum_occurrences>
        </DD_Association>
        

        <DD_Association> <!-- one dd_association per relationship -->
            <identifier_reference>near.device_temperature</identifier_reference>
            <reference_type>attribute_of</reference_type> <!-- attribute_of for attributes, component_of for classes -->
            <minimum_occurrences>0</minimum_occurrences>
            <maximum_occurrences>1</maximum_occurrences>
        </DD_Association>
    
    <DD_Association> <!-- one dd_association per relationship -->
        <identifier_reference>near.instrument_mode</identifier_reference>
        <reference_type>attribute_of</reference_type> <!-- attribute_of for attributes, component_of for classes -->
        <minimum_occurrences>0</minimum_occurrences>
        <maximum_occurrences>1</maximum_occurrences>
    </DD_Association>

</DD_Class>
    
</Ingest_LDD>
