[
  {
    "dataDictionary": {
      "Title": "PDS4 Data Dictionary" ,
      "Version": "1.11.0.0" ,
      "Date": "Thu Jun 06 15:42:29 PDT 2019" ,
      "Description": "This document is a dump of the contents of the PDS4 Data Dictionary" ,
      "classDictionary": [
        {
          "class": {
            "identifier": "0001_NASA_PDS_1.img.Telemetry_Parameters" ,
            "title": "Telemetry_Parameters" ,
            "registrationAuthorityId": "0001_NASA_PDS_1" ,
            "nameSpaceId": "img" ,
            "steward": "img" ,
            "versionId": "1.0.0.0" ,
            "isAbstract": "false" ,
            "isDeprecated": "false" ,
            "description": "The Telemetry_Parameters class contains downlink-related attributes used primarily during mission operations."
              , "associationList": [
             {"association": {
                "identifier": "0001_NASA_PDS_1.img.Telemetry_Parameters.img.application_process_id" ,
                "title": "application_process_id" ,
                "assocType": "attribute_of" ,
                "isAttribute": "true" ,
                "isChoice": "false" ,
                "isAny": "false" ,
                "groupName": "null" ,
                "minimumCardinality": "0" ,
                "maximumCardinality": "1" ,
                "classOrder": "1010" ,
                "attributeId": [
                  "0001_NASA_PDS_1.img.Telemetry_Parameters.img.application_process_id"
                 ]
              }
            }
           , {"association": {
                "identifier": "0001_NASA_PDS_1.img.Telemetry_Parameters.img.application_process_name" ,
                "title": "application_process_name" ,
                "assocType": "attribute_of" ,
                "isAttribute": "true" ,
                "isChoice": "false" ,
                "isAny": "false" ,
                "groupName": "null" ,
                "minimumCardinality": "0" ,
                "maximumCardinality": "1" ,
                "classOrder": "1020" ,
                "attributeId": [
                  "0001_NASA_PDS_1.img.Telemetry_Parameters.img.application_process_name"
                 ]
              }
            }
           , {"association": {
                "identifier": "0001_NASA_PDS_1.img.Telemetry_Parameters.img.earth_received_start_date_time" ,
                "title": "earth_received_start_date_time" ,
                "assocType": "attribute_of" ,
                "isAttribute": "true" ,
                "isChoice": "false" ,
                "isAny": "false" ,
                "groupName": "null" ,
                "minimumCardinality": "0" ,
                "maximumCardinality": "1" ,
                "classOrder": "1030" ,
                "attributeId": [
                  "0001_NASA_PDS_1.img.Telemetry_Parameters.img.earth_received_start_date_time"
                 ]
              }
            }
           , {"association": {
                "identifier": "0001_NASA_PDS_1.img.Telemetry_Parameters.img.earth_received_stop_date_time" ,
                "title": "earth_received_stop_date_time" ,
                "assocType": "attribute_of" ,
                "isAttribute": "true" ,
                "isChoice": "false" ,
                "isAny": "false" ,
                "groupName": "null" ,
                "minimumCardinality": "0" ,
                "maximumCardinality": "1" ,
                "classOrder": "1040" ,
                "attributeId": [
                  "0001_NASA_PDS_1.img.Telemetry_Parameters.img.earth_received_stop_date_time"
                 ]
              }
            }
           , {"association": {
                "identifier": "0001_NASA_PDS_1.img.Telemetry_Parameters.img.expected_packets" ,
                "title": "expected_packets" ,
                "assocType": "attribute_of" ,
                "isAttribute": "true" ,
                "isChoice": "false" ,
                "isAny": "false" ,
                "groupName": "null" ,
                "minimumCardinality": "0" ,
                "maximumCardinality": "1" ,
                "classOrder": "1050" ,
                "attributeId": [
                  "0001_NASA_PDS_1.img.Telemetry_Parameters.img.expected_packets"
                 ]
              }
            }
           , {"association": {
                "identifier": "0001_NASA_PDS_1.img.Telemetry_Parameters.img.packet_map_mask" ,
                "title": "packet_map_mask" ,
                "assocType": "attribute_of" ,
                "isAttribute": "true" ,
                "isChoice": "false" ,
                "isAny": "false" ,
                "groupName": "null" ,
                "minimumCardinality": "0" ,
                "maximumCardinality": "1" ,
                "classOrder": "1060" ,
                "attributeId": [
                  "0001_NASA_PDS_1.img.Telemetry_Parameters.img.packet_map_mask"
                 ]
              }
            }
           , {"association": {
                "identifier": "0001_NASA_PDS_1.img.Telemetry_Parameters.img.received_packets" ,
                "title": "received_packets" ,
                "assocType": "attribute_of" ,
                "isAttribute": "true" ,
                "isChoice": "false" ,
                "isAny": "false" ,
                "groupName": "null" ,
                "minimumCardinality": "0" ,
                "maximumCardinality": "1" ,
                "classOrder": "1070" ,
                "attributeId": [
                  "0001_NASA_PDS_1.img.Telemetry_Parameters.img.received_packets"
                 ]
              }
            }
           , {"association": {
                "identifier": "0001_NASA_PDS_1.img.Telemetry_Parameters.img.spice_file_name" ,
                "title": "spice_file_name" ,
                "assocType": "attribute_of" ,
                "isAttribute": "true" ,
                "isChoice": "false" ,
                "isAny": "false" ,
                "groupName": "null" ,
                "minimumCardinality": "0" ,
                "maximumCardinality": "1" ,
                "classOrder": "1080" ,
                "attributeId": [
                  "0001_NASA_PDS_1.img.Telemetry_Parameters.img.spice_file_name"
                 ]
              }
            }
           , {"association": {
                "identifier": "0001_NASA_PDS_1.img.Telemetry_Parameters.img.telemetry_format_id" ,
                "title": "telemetry_format_id" ,
                "assocType": "attribute_of" ,
                "isAttribute": "true" ,
                "isChoice": "false" ,
                "isAny": "false" ,
                "groupName": "null" ,
                "minimumCardinality": "0" ,
                "maximumCardinality": "1" ,
                "classOrder": "1090" ,
                "attributeId": [
                  "0001_NASA_PDS_1.img.Telemetry_Parameters.img.telemetry_format_id"
                 ]
              }
            }
           , {"association": {
                "identifier": "0001_NASA_PDS_1.img.Telemetry_Parameters.img.telemetry_provider_id" ,
                "title": "telemetry_provider_id" ,
                "assocType": "attribute_of" ,
                "isAttribute": "true" ,
                "isChoice": "false" ,
                "isAny": "false" ,
                "groupName": "null" ,
                "minimumCardinality": "0" ,
                "maximumCardinality": "1" ,
                "classOrder": "1100" ,
                "attributeId": [
                  "0001_NASA_PDS_1.img.Telemetry_Parameters.img.telemetry_provider_id"
                 ]
              }
            }
           , {"association": {
                "identifier": "0001_NASA_PDS_1.img.Telemetry_Parameters.img.telemetry_source_name" ,
                "title": "telemetry_source_name" ,
                "assocType": "attribute_of" ,
                "isAttribute": "true" ,
                "isChoice": "false" ,
                "isAny": "false" ,
                "groupName": "null" ,
                "minimumCardinality": "0" ,
                "maximumCardinality": "1" ,
                "classOrder": "1110" ,
                "attributeId": [
                  "0001_NASA_PDS_1.img.Telemetry_Parameters.img.telemetry_source_name"
                 ]
              }
            }
           , {"association": {
                "identifier": "0001_NASA_PDS_1.img.Telemetry_Parameters.img.telemetry_source_type" ,
                "title": "telemetry_source_type" ,
                "assocType": "attribute_of" ,
                "isAttribute": "true" ,
                "isChoice": "false" ,
                "isAny": "false" ,
                "groupName": "null" ,
                "minimumCardinality": "0" ,
                "maximumCardinality": "1" ,
                "classOrder": "1120" ,
                "attributeId": [
                  "0001_NASA_PDS_1.img.Telemetry_Parameters.img.telemetry_source_type"
                 ]
              }
            }
           ]
          }
        }
      ]
    , "attributeDictionary": [
        {
          "attribute": {
            "identifier": "0001_NASA_PDS_1.img.Telemetry_Parameters.img.application_process_id" ,
            "title": "application_process_id" ,
            "registrationAuthorityId": "0001_NASA_PDS_1" ,
            "nameSpaceId": "img" ,
            "steward": "img" ,
            "versionId": "1.11" ,
            "description": "The application_process_id attribute identifies the process, or source, which created the data." ,
            "isNillable": "false" ,
            "isEnumerated": "false" ,
            "isDeprecated": "false" ,
            "dataType": "ASCII_Integer" ,
            "dataTypeId": "0001_NASA_PDS_1.pds.ASCII_Integer" ,
            "minimumCharacters": "Unbounded" ,
            "maximumCharacters": "Unbounded" ,
            "minimumValue": "0" ,
            "maximumValue": "9223372036854775807" ,
            "pattern": "null" ,
            "unitOfMeasure": "null" ,
            "unitOfMeasureId": "null" ,
            "unitId": "null" ,
            "defaultUnitId": "null"
          }
        }
      , {
          "attribute": {
            "identifier": "0001_NASA_PDS_1.img.Telemetry_Parameters.img.application_process_name" ,
            "title": "application_process_name" ,
            "registrationAuthorityId": "0001_NASA_PDS_1" ,
            "nameSpaceId": "img" ,
            "steward": "img" ,
            "versionId": "1.11" ,
            "description": "The application_process_name attribute provides the name associated with the source or process which created the data." ,
            "isNillable": "false" ,
            "isEnumerated": "false" ,
            "isDeprecated": "false" ,
            "dataType": "ASCII_Short_String_Collapsed" ,
            "dataTypeId": "0001_NASA_PDS_1.pds.ASCII_Short_String_Collapsed" ,
            "minimumCharacters": "1" ,
            "maximumCharacters": "127" ,
            "minimumValue": "Unbounded" ,
            "maximumValue": "Unbounded" ,
            "pattern": "null" ,
            "unitOfMeasure": "null" ,
            "unitOfMeasureId": "null" ,
            "unitId": "null" ,
            "defaultUnitId": "null"
          }
        }
      , {
          "attribute": {
            "identifier": "0001_NASA_PDS_1.img.Telemetry_Parameters.img.earth_received_start_date_time" ,
            "title": "earth_received_start_date_time" ,
            "registrationAuthorityId": "0001_NASA_PDS_1" ,
            "nameSpaceId": "img" ,
            "steward": "img" ,
            "versionId": "1.11" ,
            "description": "The earth_received_start_date_time attribute provides the earliest time at which any component telemetry data for a particular product was received." ,
            "isNillable": "false" ,
            "isEnumerated": "false" ,
            "isDeprecated": "false" ,
            "dataType": "ASCII_Date_Time_UTC" ,
            "dataTypeId": "0001_NASA_PDS_1.pds.ASCII_Date_Time_UTC" ,
            "minimumCharacters": "Unbounded" ,
            "maximumCharacters": "Unbounded" ,
            "minimumValue": "Unbounded" ,
            "maximumValue": "Unbounded" ,
            "pattern": "null" ,
            "unitOfMeasure": "null" ,
            "unitOfMeasureId": "null" ,
            "unitId": "null" ,
            "defaultUnitId": "null"
          }
        }
      , {
          "attribute": {
            "identifier": "0001_NASA_PDS_1.img.Telemetry_Parameters.img.earth_received_stop_date_time" ,
            "title": "earth_received_stop_date_time" ,
            "registrationAuthorityId": "0001_NASA_PDS_1" ,
            "nameSpaceId": "img" ,
            "steward": "img" ,
            "versionId": "1.11" ,
            "description": "The earth_received_stop_date_time attribute provides the latest time at which any component telemetry data for a particular product was received." ,
            "isNillable": "false" ,
            "isEnumerated": "false" ,
            "isDeprecated": "false" ,
            "dataType": "ASCII_Date_Time_UTC" ,
            "dataTypeId": "0001_NASA_PDS_1.pds.ASCII_Date_Time_UTC" ,
            "minimumCharacters": "Unbounded" ,
            "maximumCharacters": "Unbounded" ,
            "minimumValue": "Unbounded" ,
            "maximumValue": "Unbounded" ,
            "pattern": "null" ,
            "unitOfMeasure": "null" ,
            "unitOfMeasureId": "null" ,
            "unitId": "null" ,
            "defaultUnitId": "null"
          }
        }
      , {
          "attribute": {
            "identifier": "0001_NASA_PDS_1.img.Telemetry_Parameters.img.expected_packets" ,
            "title": "expected_packets" ,
            "registrationAuthorityId": "0001_NASA_PDS_1" ,
            "nameSpaceId": "img" ,
            "steward": "img" ,
            "versionId": "1.11" ,
            "description": "The expected_packets attribute provides the total number of telemetry packets which constitute a complete data product, i.e., a data product without missing data." ,
            "isNillable": "false" ,
            "isEnumerated": "false" ,
            "isDeprecated": "false" ,
            "dataType": "ASCII_Integer" ,
            "dataTypeId": "0001_NASA_PDS_1.pds.ASCII_Integer" ,
            "minimumCharacters": "Unbounded" ,
            "maximumCharacters": "Unbounded" ,
            "minimumValue": "0" ,
            "maximumValue": "9223372036854775807" ,
            "pattern": "null" ,
            "unitOfMeasure": "null" ,
            "unitOfMeasureId": "null" ,
            "unitId": "null" ,
            "defaultUnitId": "null"
          }
        }
      , {
          "attribute": {
            "identifier": "0001_NASA_PDS_1.img.Telemetry_Parameters.img.packet_map_mask" ,
            "title": "packet_map_mask" ,
            "registrationAuthorityId": "0001_NASA_PDS_1" ,
            "nameSpaceId": "img" ,
            "steward": "img" ,
            "versionId": "1.11" ,
            "description": "The packet_map_mask attribute is a binary or hexadecimal number identifying which of a data file's expected packets were actually received.  The digits correspond positionally with the relative packet numbers of the data file.  The bits are to be read left to right; i.e., the first (left-most) digit of the number corresponds to the first packet of the data file.  A bit value of 1 indicates that the packet was received; a value of 0 indicates that it was not received." ,
            "isNillable": "false" ,
            "isEnumerated": "false" ,
            "isDeprecated": "false" ,
            "dataType": "ASCII_Numeric_Base16" ,
            "dataTypeId": "0001_NASA_PDS_1.pds.ASCII_Numeric_Base16" ,
            "minimumCharacters": "1" ,
            "maximumCharacters": "255" ,
            "minimumValue": "Unbounded" ,
            "maximumValue": "Unbounded" ,
            "pattern": "null" ,
            "unitOfMeasure": "null" ,
            "unitOfMeasureId": "null" ,
            "unitId": "null" ,
            "defaultUnitId": "null"
          }
        }
      , {
          "attribute": {
            "identifier": "0001_NASA_PDS_1.img.Telemetry_Parameters.img.received_packets" ,
            "title": "received_packets" ,
            "registrationAuthorityId": "0001_NASA_PDS_1" ,
            "nameSpaceId": "img" ,
            "steward": "img" ,
            "versionId": "1.11" ,
            "description": "The received_packets attribute provides the total number of telemetry packets which constitute a reconstructed data product, cf. expected_packets." ,
            "isNillable": "false" ,
            "isEnumerated": "false" ,
            "isDeprecated": "false" ,
            "dataType": "ASCII_Integer" ,
            "dataTypeId": "0001_NASA_PDS_1.pds.ASCII_Integer" ,
            "minimumCharacters": "Unbounded" ,
            "maximumCharacters": "Unbounded" ,
            "minimumValue": "0" ,
            "maximumValue": "9223372036854775807" ,
            "pattern": "null" ,
            "unitOfMeasure": "null" ,
            "unitOfMeasureId": "null" ,
            "unitId": "null" ,
            "defaultUnitId": "null"
          }
        }
      , {
          "attribute": {
            "identifier": "0001_NASA_PDS_1.img.Telemetry_Parameters.img.spice_file_name" ,
            "title": "spice_file_name" ,
            "registrationAuthorityId": "0001_NASA_PDS_1" ,
            "nameSpaceId": "img" ,
            "steward": "img" ,
            "versionId": "1.11" ,
            "description": "The spice_file_name attribute provides the names of the SPICE files used in processing the data." ,
            "isNillable": "false" ,
            "isEnumerated": "false" ,
            "isDeprecated": "false" ,
            "dataType": "ASCII_Short_String_Collapsed" ,
            "dataTypeId": "0001_NASA_PDS_1.pds.ASCII_Short_String_Collapsed" ,
            "minimumCharacters": "1" ,
            "maximumCharacters": "255" ,
            "minimumValue": "Unbounded" ,
            "maximumValue": "Unbounded" ,
            "pattern": "null" ,
            "unitOfMeasure": "null" ,
            "unitOfMeasureId": "null" ,
            "unitId": "null" ,
            "defaultUnitId": "null"
          }
        }
      , {
          "attribute": {
            "identifier": "0001_NASA_PDS_1.img.Telemetry_Parameters.img.telemetry_format_id" ,
            "title": "telemetry_format_id" ,
            "registrationAuthorityId": "0001_NASA_PDS_1" ,
            "nameSpaceId": "img" ,
            "steward": "img" ,
            "versionId": "1.11" ,
            "description": "The telemetry_format_id attribute supplies a telemetry format code." ,
            "isNillable": "false" ,
            "isEnumerated": "false" ,
            "isDeprecated": "false" ,
            "dataType": "ASCII_Short_String_Collapsed" ,
            "dataTypeId": "0001_NASA_PDS_1.pds.ASCII_Short_String_Collapsed" ,
            "minimumCharacters": "1" ,
            "maximumCharacters": "4" ,
            "minimumValue": "Unbounded" ,
            "maximumValue": "Unbounded" ,
            "pattern": "null" ,
            "unitOfMeasure": "null" ,
            "unitOfMeasureId": "null" ,
            "unitId": "null" ,
            "defaultUnitId": "null"
          }
        }
      , {
          "attribute": {
            "identifier": "0001_NASA_PDS_1.img.Telemetry_Parameters.img.telemetry_provider_id" ,
            "title": "telemetry_provider_id" ,
            "registrationAuthorityId": "0001_NASA_PDS_1" ,
            "nameSpaceId": "img" ,
            "steward": "img" ,
            "versionId": "1.11" ,
            "description": "The telemetry_provider_id attribute identifies the provider and or version of the telemetry data used in the generation of this data." ,
            "isNillable": "false" ,
            "isEnumerated": "false" ,
            "isDeprecated": "false" ,
            "dataType": "ASCII_Short_String_Collapsed" ,
            "dataTypeId": "0001_NASA_PDS_1.pds.ASCII_Short_String_Collapsed" ,
            "minimumCharacters": "1" ,
            "maximumCharacters": "20" ,
            "minimumValue": "Unbounded" ,
            "maximumValue": "Unbounded" ,
            "pattern": "null" ,
            "unitOfMeasure": "null" ,
            "unitOfMeasureId": "null" ,
            "unitId": "null" ,
            "defaultUnitId": "null"
          }
        }
      , {
          "attribute": {
            "identifier": "0001_NASA_PDS_1.img.Telemetry_Parameters.img.telemetry_source_name" ,
            "title": "telemetry_source_name" ,
            "registrationAuthorityId": "0001_NASA_PDS_1" ,
            "nameSpaceId": "img" ,
            "steward": "img" ,
            "versionId": "1.11" ,
            "description": "The telemetry_source_name attribute identifies the telemetry source used in creation of a data set." ,
            "isNillable": "false" ,
            "isEnumerated": "false" ,
            "isDeprecated": "false" ,
            "dataType": "ASCII_Short_String_Collapsed" ,
            "dataTypeId": "0001_NASA_PDS_1.pds.ASCII_Short_String_Collapsed" ,
            "minimumCharacters": "1" ,
            "maximumCharacters": "60" ,
            "minimumValue": "Unbounded" ,
            "maximumValue": "Unbounded" ,
            "pattern": "null" ,
            "unitOfMeasure": "null" ,
            "unitOfMeasureId": "null" ,
            "unitId": "null" ,
            "defaultUnitId": "null"
          }
        }
      , {
          "attribute": {
            "identifier": "0001_NASA_PDS_1.img.Telemetry_Parameters.img.telemetry_source_type" ,
            "title": "telemetry_source_type" ,
            "registrationAuthorityId": "0001_NASA_PDS_1" ,
            "nameSpaceId": "img" ,
            "steward": "img" ,
            "versionId": "1.11" ,
            "description": "The telemetry_source_type attribute classifies the source of the telemetry used in creation of this data collection." ,
            "isNillable": "false" ,
            "isEnumerated": "true" ,
            "isDeprecated": "false" ,
            "dataType": "ASCII_Short_String_Collapsed" ,
            "dataTypeId": "0001_NASA_PDS_1.pds.ASCII_Short_String_Collapsed" ,
            "minimumCharacters": "1" ,
            "maximumCharacters": "255" ,
            "minimumValue": "Unbounded" ,
            "maximumValue": "Unbounded" ,
            "pattern": "null" ,
            "unitOfMeasure": "Units_of_None" ,
            "unitOfMeasureId": "0001_NASA_PDS_1.pds.Units_of_None" ,
            "unitId": "none" ,
            "defaultUnitId": "null"
          , "PermissibleValueList": [
              {"PermissibleValue": {
                  "value": "DATA_PRODUCT" ,
                  "valueMeaning": "The telemetry source is a data product." ,
                  "isDeprecated": "false"
                }
             }
            , {"PermissibleValue": {
                  "value": "SFDU" ,
                  "valueMeaning": "The telemetry source is an SFDU" ,
                  "isDeprecated": "false"
                }
             }
           ]
          }
        }
      ]
    }
  }
]
