"Sort Key","Type","Name","Version","Name Space Id","Description","Steward","Value Type","Minimum Cardinality","Maximum Cardinality","Minimum Value","Maximum Value","Minimum Characters","Maximum Characters","Unit of Measure Type","Specified Unit Id","Attribute Concept","Conceptual Domain"
"clipper:Observation_Information:1       ","Class","Observation_Information","1.0.0.0","clipper","The Observation_Information class provides information about a science observation.","img","","","","","","","","","","",""
"clipper:Observation_Information:2        clipper:mission_phase_name:1            ","Attribute","mission_phase_name","n/a","clipper","The mission_phase_name identifies a time period within the mission.","img","ASCII_Short_String_Preserved","0","1","Unbounded","Unbounded","1","255","Units_of_None","none","TBD_classConcept","SHORT_STRING"
"clipper:Observation_Information:2        clipper:mission_phase_name:2             Value:Arrival","Value","Arrival","","","This phase starts three months prior to JOI and includes two sub-phases: Jupiter Approach and Jupiter Orbit Capture. Activities include navigation maneuvers to achieve Jupiter orbit capture. "
"clipper:Observation_Information:2        clipper:mission_phase_name:2             Value:Disposal","Value","Disposal","","","This phase starts 30 days after the last targeted closest approach of Europa. Activities include preparation for impact with Jupiter. "
"clipper:Observation_Information:2        clipper:mission_phase_name:2             Value:Interplanetary Cruis","Value","Interplanetary Cruise","","","This phase starts one day after launch and includes two sub-phases: Inner Cruise and Outer Cruise. Activity includes flight system characterization and navigating to the Mars and Earth gravity assists along with periodic maintenance, calibrations, and navigation activities. "
"clipper:Observation_Information:2        clipper:mission_phase_name:2             Value:Launch","Value","Launch","","","This phase includes include launch, initial acquisition, solar array deployment, establishment of power-positive attitude, and re-establishing telemetry. "
"clipper:Observation_Information:2        clipper:mission_phase_name:2             Value:Prelaunch","Value","Prelaunch","","","This phase covers the time period prior to launch. This may be used to describe ground calibration files or data created prior to launch to support post-launch activities. "
"clipper:Observation_Information:2        clipper:mission_phase_name:2             Value:Tour","Value","Tour","","","This phase starts eight hours after perijove and includes four sub-phases: Transition to Europa Campaign 1, Europa Campaign 1, Transition to Europa Campaign 2 and Europa Campaign 2. Activities include positioning for and execution of close flybys of Europa, Ganymede and Callisto. "
"clipper:Observation_Information:2        clipper:orbit_number:1                  ","Attribute","orbit_number","n/a","clipper","The orbit_number attribute identifies the number of the orbital revolution of the spacecraft around Jupiter. Prior to JOI (i.e., from launch through cruise including gravity assists), the orbit value will be 0. After JOI, starting with the first apojove, the value will increase by 1 with each revolution around Jupiter incrementing at each subsequent apojove. ","img","ASCII_Integer","0","1","0","511","Unbounded","Unbounded","Units_of_None","none","TBD_classConcept","INTEGER"
"clipper:Observation_Information:2        clipper:encounter_id:1                  ","Attribute","encounter_id","n/a","clipper","The Playback and Flyby periods together comprise an Encounter, defined as the period of time during the Tour beginning two days before the targeted closest approach of a Jovian moon, and ending two days before the next targeted closest approach of a Jovian moon. While most Jupiter orbits include a targeted flyby, there are some phasing orbits without a targeted flyby; in these cases, an encounter will span more than one orbit. Valid values consist of a three-character identifier (e.g., EO1, G02, etc.) where ""E01"" indicates the first encounter with Europa and ""G02"" indicates the second encounter with Ganymede and so on. There is one more additional special value of ""XXX"" representing data collected during cruise up until the first encounter. ","img","ASCII_Short_String_Collapsed","0","1","Unbounded","Unbounded","3","3","Units_of_None","none","TBD_classConcept","SHORT_STRING"
"clipper:Observation_Information:2        clipper:aid:1                           ","Attribute","aid","n/a","clipper","A hexadecimal representation of the Accountability Identifier (AID) which serves as a globally unique identifier across all instruments and mission phases for an observational activity onboard the spacecraft. Data tagged with a given AID is collected into an Accountable Data Product (ADP) on the ground and will result in one or more associated PDS data products in the archive. The AID is a 32-bit unsigned integer which contains three fields: Instrument ID (4-bits), Orbit Number (9-bits) and Data Acquisition ID (19-bits). The hexadecimal string value is prefixed with “0x”.","img","ASCII_Short_String_Collapsed","0","*","Unbounded","Unbounded","1","255","Units_of_None","none","TBD_classConcept","SHORT_STRING"
"clipper:Observation_Information:2        clipper:product_type:1                  ","Attribute","product_type","n/a","clipper","The product_type attribute indicates the processing level of an individual data product.","img","ASCII_Short_String_Collapsed","0","1","Unbounded","Unbounded","1","255","Units_of_None","none","TBD_classConcept","SHORT_STRING"
"clipper:Observation_Information:2        clipper:product_type:2                   Value:Calibrated","Value","Calibrated","","","Data converted to physical units, which makes values independent of the instrument. "
"clipper:Observation_Information:2        clipper:product_type:2                   Value:Derived","Value","Derived","","","Results that have been distilled from one or more calibrated data products (for example, maps, gravity or magnetic fields, or ring particle size distributions). Supplementary data, such as calibration tables or tables of viewing geometry, used to interpret observational data should also be classified as ""derived"" data if not easily matched to one of the other categories. "
"clipper:Observation_Information:2        clipper:product_type:2                   Value:Partially Processed","Value","Partially Processed","","","Data that have been processed beyond the raw level but which have not yet reached calibrated status. "
"clipper:Observation_Information:2        clipper:product_type:2                   Value:Raw","Value","Raw","","","Original data from an instrument. If compression, reformatting, packetization, or other translation has been applied to facilitate data transmission or storage, those processes will be reversed so that the archived data are in a PDS approved archive format. "
"clipper:Observation_Information:2        clipper:product_version_id:1            ","Attribute","product_version_id","n/a","clipper","The product_version_id attribute identifies the version of an individual data product. ","img","ASCII_Short_String_Collapsed","0","1","Unbounded","Unbounded","1","255","Units_of_None","none","TBD_classConcept","SHORT_STRING"
"clipper:Observation_Information:2        clipper:producer_institution_name:1     ","Attribute","producer_institution_name","n/a","clipper","The producer_institution_name attribute identifies a university, research center, NASA center, or other institution associated with the production of a data product. ","img","ASCII_Short_String_Collapsed","0","1","Unbounded","Unbounded","1","255","Units_of_None","none","TBD_classConcept","SHORT_STRING"
"clipper:Observation_Information:2        clipper:release_number:1                ","Attribute","release_number","n/a","clipper","Release_number is the number of a scheduled release of data from PDS. The first data release would be Release 1. The release_number for a given product is always the first release in which it appears, and does not change if the product is revised later.","img","ASCII_Integer","0","1","1","9223372036854775807","Unbounded","Unbounded","Units_of_None","none","TBD_classConcept","INTEGER"
"clipper:Observation_Information:2        clipper:spacecraft_clock_start_count:1  ","Attribute","spacecraft_clock_start_count","n/a","clipper","The spacecraft_clock_start_count attribute provides the value of the spacecraft clock at the actual start of image acquisition. There may be small inconsistencies with start_date_time due to varying correlation between UTC and the spacecraft clock. For purposes of data analysis the spacecraft clock value should be used. The format of this field is compatible with the NAIF Toolkit software where s = seconds converted from the clock's coarse counter and m = seconds converted from the clock's fine counter.","img","ASCII_Short_String_Collapsed","0","1","Unbounded","Unbounded","1","255","Units_of_None","none","TBD_classConcept","SHORT_STRING"
"clipper:Observation_Information:2        clipper:spacecraft_clock_stop_count:1   ","Attribute","spacecraft_clock_stop_count","n/a","clipper","The spacecraft_clock_stop_count attribute provides the value of the spacecraft clock at the actual end of image acquisition. There may be small inconsistencies with stop_date_time due to varying correlation between UTC and the spacecraft clock. For purposes of data analysis the spacecraft clock value should be used. The format of this field is compatible with the NAIF Toolkit software where s = seconds converted from the clock's coarse counter and m = seconds converted from the clock's fine counter.","img","ASCII_Short_String_Collapsed","0","1","Unbounded","Unbounded","1","255","Units_of_None","none","TBD_classConcept","SHORT_STRING"
"clipper:Observation_Information:2        clipper:spacecraft_clock_count_partition:1","Attribute","spacecraft_clock_count_partition","n/a","clipper","The spacecraft_clock_count_partition attribute indicates the clock partition active for the spacecraft_clock_start_count and spacecraft_clock_stop_count attributes. ","img","ASCII_NonNegative_Integer","0","1","0","18446744073709551615","Unbounded","Unbounded","Units_of_None","none","TBD_classConcept","INTEGER"
"clipper:Observation_Information:2        clipper:rationale_desc:1                ","Attribute","rationale_desc","n/a","clipper","The rationale_desc attribute describes the rationale for performing a particular observation.","img","ASCII_Short_String_Collapsed","0","1","Unbounded","Unbounded","1","255","Units_of_None","none","TBD_classConcept","SHORT_STRING"
"clipper:Observation_Information:2        clipper:data_quality_id:1               ","Attribute","data_quality_id","n/a","clipper","The data_quality_id attribute provides a numeric key which identifies the quality of data available for a particular time period. The data_quality_id scheme is unique to a given instrument and is described by the associated data_quality_desc attribute. ","img","ASCII_Short_String_Collapsed","0","1","Unbounded","Unbounded","1","255","Units_of_None","none","TBD_classConcept","SHORT_STRING"
"clipper:Observation_Information:2        clipper:data_quality_desc:1             ","Attribute","data_quality_desc","n/a","clipper","The data_quality_desc attribute describes the data qualities associated with a data_quality_id attribute. ","img","ASCII_Text_Collapsed","0","1","Unbounded","Unbounded","1","Unbounded","Units_of_None","none","TBD_classConcept","TEXT"
"clipper:EIS_Parameters:1                ","Class","EIS_Parameters","1.0.0.0","clipper","The class contains all the instrument specific attributes for the EIS WAC and NAC.","img","","","","","","","","","","",""
"clipper:EIS_Parameters:2                 clipper:upload_id:1                     ","Attribute","upload_id","n/a","clipper","The upload_id attribute describes a spacecraft command set that is associated with the given data product.","img","ASCII_Short_String_Collapsed","0","1","Unbounded","Unbounded","1","255","Units_of_None","none","TBD_classConcept","SHORT_STRING"
"clipper:EIS_Parameters:2                 clipper:mode:1                          ","Attribute","mode","n/a","clipper","Indicates whether the EIS detector was commanded to take images in framing or pushbroom mode.","img","ASCII_Short_String_Collapsed","0","1","Unbounded","Unbounded","1","255","Units_of_None","none","TBD_classConcept","SHORT_STRING"
"clipper:EIS_Parameters:2                 clipper:mode:2                           Value:FRAMING","Value","FRAMING","","","EIS commanded to take images in framing mode."
"clipper:EIS_Parameters:2                 clipper:mode:2                           Value:PUSHBROOM","Value","PUSHBROOM","","","EIS commanded to take images in pushbroom mode."
"clipper:EIS_Parameters:2                 clipper:gain:1                          ","Attribute","gain","n/a","clipper","Gain state of the EIS detector when the image was taken.","img","ASCII_Short_String_Collapsed","0","1","Unbounded","Unbounded","1","255","Units_of_None","none","TBD_classConcept","SHORT_STRING"
"clipper:EIS_Parameters:2                 clipper:gain:2                           Value:HIGH","Value","HIGH","","","EIS in high gain state."
"clipper:EIS_Parameters:2                 clipper:gain:2                           Value:LOW","Value","LOW","","","EIS in low gain state."
"clipper:EIS_Parameters:2                 clipper:detector_temp:1                 ","Attribute","detector_temp","n/a","clipper","measurement obtained by EIS detector temperature sensor","img","ASCII_Real","0","1","-1.7976931348623157e308","1.7976931348623157e308","Unbounded","Unbounded","Units_of_Temperature","none","TBD_classConcept","REAL"
"clipper:EIS_Parameters:2                 clipper:fpm_temp1:1                     ","Attribute","fpm_temp1","n/a","clipper","measurement obtained by EIS focal plane module (FPM) temperature sensor 1","img","ASCII_Real","0","1","-1.7976931348623157e308","1.7976931348623157e308","Unbounded","Unbounded","Units_of_Temperature","none","TBD_classConcept","REAL"
"clipper:EIS_Parameters:2                 clipper:fpm_temp2:1                     ","Attribute","fpm_temp2","n/a","clipper","measurement obtained by EIS focal plane module (FPM) temperature sensor 2","img","ASCII_Real","0","1","-1.7976931348623157e308","1.7976931348623157e308","Unbounded","Unbounded","Units_of_Temperature","none","TBD_classConcept","REAL"
"clipper:EIS_Parameters:2                 clipper:frame_capture_start_count:1     ","Attribute","frame_capture_start_count","n/a","clipper","timestamp of the EIS Digital board (DB) receipt of the first detector line read out for a given frame. The detector can read out lines from multiple colors in the same frame and send each color to a separate TDI collection in memory where each TDI collection is associated with a unique AID. However, each AID packet will have the same frame_capture_start_count for a given frame. Thus, need this value to derive the actual starttime for a given TDI row.","img","ASCII_Short_String_Collapsed","0","1","Unbounded","Unbounded","1","255","Units_of_None","none","TBD_classConcept","SHORT_STRING"
"clipper:EIS_Parameters:2                 clipper:begin_temperature_fpa:1         ","Attribute","begin_temperature_fpa","n/a","clipper","_TBD","img","ASCII_Real","0","1","-1.7976931348623157e308","1.7976931348623157e308","Unbounded","Unbounded","Units_of_Temperature","none","TBD_classConcept","REAL"
"clipper:EIS_Parameters:2                 clipper:middle_temperature_fpa:1        ","Attribute","middle_temperature_fpa","n/a","clipper","_TBD","img","ASCII_Real","0","1","-1.7976931348623157e308","1.7976931348623157e308","Unbounded","Unbounded","Units_of_Temperature","none","TBD_classConcept","REAL"
"clipper:EIS_Parameters:2                 clipper:end_temperature_fpa:1           ","Attribute","end_temperature_fpa","n/a","clipper","_TBD","img","ASCII_Real","0","1","-1.7976931348623157e308","1.7976931348623157e308","Unbounded","Unbounded","Units_of_Temperature","none","TBD_classConcept","REAL"
"clipper:EIS_Parameters:2                 clipper:begin_temperature_scs_raw:1     ","Attribute","begin_temperature_scs_raw","n/a","clipper","_TBD","img","ASCII_Integer","0","1","-9223372036854775808","9223372036854775807","Unbounded","Unbounded","Units_of_Temperature","none","TBD_classConcept","INTEGER"
"clipper:EIS_Parameters:2                 clipper:middle_temperature_scs_raw:1    ","Attribute","middle_temperature_scs_raw","n/a","clipper","_TBD","img","ASCII_Integer","0","1","-9223372036854775808","9223372036854775807","Unbounded","Unbounded","Units_of_None","none","TBD_classConcept","INTEGER"
"clipper:EIS_Parameters:2                 clipper:end_temperature_scs_raw:1       ","Attribute","end_temperature_scs_raw","n/a","clipper","_TBD","img","ASCII_Integer","0","1","-9223372036854775808","9223372036854775807","Unbounded","Unbounded","Units_of_None","none","TBD_classConcept","INTEGER"
"clipper:EIS_Parameters:2                 clipper:begin_temperature_fpa_raw:1     ","Attribute","begin_temperature_fpa_raw","n/a","clipper","_TBD","img","ASCII_Integer","0","1","-9223372036854775808","9223372036854775807","Unbounded","Unbounded","Units_of_None","none","TBD_classConcept","INTEGER"
"clipper:EIS_Parameters:2                 clipper:middle_temperature_fpa_raw:1    ","Attribute","middle_temperature_fpa_raw","n/a","clipper","_TBD","img","ASCII_Integer","0","1","-9223372036854775808","9223372036854775807","Unbounded","Unbounded","Units_of_None","none","TBD_classConcept","INTEGER"
"clipper:EIS_Parameters:2                 clipper:end_temperature_fpa_raw:1       ","Attribute","end_temperature_fpa_raw","n/a","clipper","_TBD","img","ASCII_Integer","0","1","-9223372036854775808","9223372036854775807","Unbounded","Unbounded","Units_of_None","none","TBD_classConcept","INTEGER"
"clipper:EIS_Parameters:2                 clipper:temperature_scs:1               ","Attribute","temperature_scs","n/a","clipper","_TBD","img","ASCII_Real","0","1","-1.7976931348623157e308","1.7976931348623157e308","Unbounded","Unbounded","Units_of_Temperature","none","TBD_classConcept","REAL"
"clipper:EIS_Parameters:2                 clipper:temperature_fpa:1               ","Attribute","temperature_fpa","n/a","clipper","_TBD","img","ASCII_Real","0","1","-1.7976931348623157e308","1.7976931348623157e308","Unbounded","Unbounded","Units_of_Temperature","none","TBD_classConcept","REAL"
"clipper:EIS_Parameters:2                 clipper:temperature_fpga:1              ","Attribute","temperature_fpga","n/a","clipper","_TBD","img","ASCII_Real","0","1","-1.7976931348623157e308","1.7976931348623157e308","Unbounded","Unbounded","Units_of_Temperature","none","TBD_classConcept","REAL"
"clipper:EIS_Parameters:2                 clipper:temperature_telescope:1         ","Attribute","temperature_telescope","n/a","clipper","_TBD","img","ASCII_Real","0","1","-1.7976931348623157e308","1.7976931348623157e308","Unbounded","Unbounded","Units_of_Temperature","none","TBD_classConcept","REAL"
"clipper:EIS_Parameters:2                 clipper:temperature_scs_raw:1           ","Attribute","temperature_scs_raw","n/a","clipper","_TBD","img","ASCII_Integer","0","1","-9223372036854775808","9223372036854775807","Unbounded","Unbounded","Units_of_None","none","TBD_classConcept","INTEGER"
"clipper:EIS_Parameters:2                 clipper:temperature_fpa_raw:1           ","Attribute","temperature_fpa_raw","n/a","clipper","_TBD","img","ASCII_Integer","0","1","-9223372036854775808","9223372036854775807","Unbounded","Unbounded","Units_of_None","none","TBD_classConcept","INTEGER"
"clipper:EIS_Parameters:2                 clipper:temperature_fpga_raw:1          ","Attribute","temperature_fpga_raw","n/a","clipper","_TBD","img","ASCII_Integer","0","1","-9223372036854775808","9223372036854775807","Unbounded","Unbounded","Units_of_None","none","TBD_classConcept","INTEGER"
"clipper:EIS_Parameters:2                 clipper:temperature_telescope_raw:1     ","Attribute","temperature_telescope_raw","n/a","clipper","_TBD","img","ASCII_Integer","0","1","-9223372036854775808","9223372036854775807","Unbounded","Unbounded","Units_of_None","none","TBD_classConcept","INTEGER"
"clipper:EIS_Parameters:2                 clipper:compression_flag:1              ","Attribute","compression_flag","n/a","clipper","Indicates if lossless compression was commanded (0=no, 1=yes)","img","ASCII_Integer","0","1","0","1","Unbounded","Unbounded","Units_of_None","none","TBD_classConcept","INTEGER"
"clipper:EIS_Parameters:2                 clipper:mode:1                          ","Attribute","mode","n/a","clipper","Indicates whether the EIS detector was commanded to take images in framing or pushbroom mode.","img","ASCII_Short_String_Collapsed","0","1","Unbounded","Unbounded","1","255","Units_of_None","none","TBD_classConcept","SHORT_STRING"
"clipper:EIS_Parameters:2                 clipper:mode:2                           Value:FRAMING","Value","FRAMING","","","EIS commanded to take images in framing mode."
"clipper:EIS_Parameters:2                 clipper:mode:2                           Value:PUSHBROOM","Value","PUSHBROOM","","","EIS commanded to take images in pushbroom mode."
"clipper:EIS_Parameters:2                 clipper:filter_used:1                   ","Attribute","filter_used","n/a","clipper","Indicates the region of the detector that was used to generate an EIS image. This includes the clear and color stripe filters as well as the clear framing area of the detector. ","img","ASCII_Short_String_Collapsed","0","1","Unbounded","Unbounded","1","255","Units_of_None","none","TBD_classConcept","SHORT_STRING"
"clipper:EIS_Parameters:2                 clipper:filter_used:2                    Value:BLUE","Value","BLUE","","","Blue filter region of the detector."
"clipper:EIS_Parameters:2                 clipper:filter_used:2                    Value:CLEAR","Value","CLEAR","","","Clear filter region of the detector."
"clipper:EIS_Parameters:2                 clipper:filter_used:2                    Value:FRAMING_AREA","Value","FRAMING_AREA","","","Panchromatic framing area region of the detector."
"clipper:EIS_Parameters:2                 clipper:filter_used:2                    Value:GREEN","Value","GREEN","","","Green filter region of the detector."
"clipper:EIS_Parameters:2                 clipper:filter_used:2                    Value:IR1","Value","IR1","","","IR 1 filter region of the detector."
"clipper:EIS_Parameters:2                 clipper:filter_used:2                    Value:MASK","Value","MASK","","","Masked region of the detector."
"clipper:EIS_Parameters:2                 clipper:filter_used:2                    Value:NEARUV","Value","NEARUV","","","Near UV filter region of the detector."
"clipper:EIS_Parameters:2                 clipper:filter_used:2                    Value:ONEMU","Value","ONEMU","","","One micron filter region of the detector."
"clipper:EIS_Parameters:2                 clipper:filter_used:2                    Value:RED","Value","RED","","","Red filter region of the detector."
"clipper:EIS_Parameters:2                 clipper:nframes:1                       ","Attribute","nframes","n/a","clipper","Records the commanded number of frames for an EIS observation. A single observation may consist of multiple images with the same detector settings, therefore number of frames collected may not necessarily correlate to the number of rows in the image. ","img","ASCII_Integer","0","1","-9223372036854775808","9223372036854775807","Unbounded","Unbounded","Units_of_None","none","TBD_classConcept","INTEGER"
"clipper:EIS_Parameters:2                 clipper:gimbal_alongtrack:1             ","Attribute","gimbal_alongtrack","n/a","clipper","Gimbal motor position in steps in the along-track direction of spacecraft motion. This is measured as an offset from the ""home"" position. 0.046875 degrees per step. ","img","ASCII_Integer","0","1","-649","661","Unbounded","Unbounded","Units_of_None","none","TBD_classConcept","INTEGER"
"clipper:EIS_Parameters:2                 clipper:gimbal_crosstrack:1             ","Attribute","gimbal_crosstrack","n/a","clipper","Gimbal motor position in steps in the cross-track direction of spacecraft motion. This is measured as an offset from the ""home"" position. 0.046875 degrees per step. ","img","ASCII_Integer","0","1","-651","651","Unbounded","Unbounded","Units_of_None","none","TBD_classConcept","INTEGER"
"clipper:EIS_Parameters:2                 clipper:row_time_padding:1              ","Attribute","row_time_padding","n/a","clipper","Additional time that the detector readout state machine will wait before moving to the next line. This value affects image exposure time. ","img","ASCII_NonNegative_Integer","0","1","0","18446744073709551615","Unbounded","Unbounded","Units_of_None","none","TBD_classConcept","INTEGER"
"clipper:EIS_Parameters:2                 clipper:row_offset:1                    ","Attribute","row_offset","n/a","clipper","Number of readout rows to wait before reading out a given row to refresh the accumulation of photons on a given row in the detector. This allows for shorter exposure times than would normally occur if the detector waits until all rows are read out once before refreshing a given row. This value affects image exposure time. ","img","ASCII_NonNegative_Integer","0","1","0","18446744073709551615","Unbounded","Unbounded","Units_of_None","none","TBD_classConcept","INTEGER"
"clipper:EIS_Parameters:2                 clipper:tdi_rows:1                      ","Attribute","tdi_rows","n/a","clipper","Number of detector rows added together by the DPU in order to perform digital time delay integration, resulting in one TDI row in the output image.","img","ASCII_NonNegative_Integer","0","1","0","18446744073709551615","Unbounded","Unbounded","Units_of_None","none","TBD_classConcept","INTEGER"
"clipper:Detector_Region:1               ","Class","Detector_Region","1.0.0.0","clipper","The class contains the start/end readout rows, start/end readout columns, and row step size describing the region of the detector that is contained in an EIS image. For example, raw masked row images, where the top and bottom regions of the detector are read out in a single framing image. One instance of this object should be provided for each region that is contained in the image. ","img","","","","","","","","","","",""
"clipper:Detector_Region:2                clipper:readout_start_row:1             ","Attribute","readout_start_row","n/a","clipper","For a framing image this is the starting row of the detector to be read out, For a TDI image this is the start of the TDI rows to be summed together. ","img","ASCII_Integer","0","1","0","2047","Unbounded","Unbounded","Units_of_None","none","TBD_classConcept","INTEGER"
"clipper:Detector_Region:2                clipper:readout_end_row:1               ","Attribute","readout_end_row","n/a","clipper","For a framing image this is the end row of the detector to be read out, For a TDI image this is the end row of the TDI rows to be summed together. ","img","ASCII_Integer","0","1","0","2047","Unbounded","Unbounded","Units_of_None","none","TBD_classConcept","INTEGER"
"clipper:Detector_Region:2                clipper:row_step_size:1                 ","Attribute","row_step_size","n/a","clipper","Row increment step size when reading from readout_start_row to readout_end_row. For a step size of 1 the detector rows are contiguous. For a step size of 2 the detector skips the readout of every other row. The value can be negative in which case the readout_start_row must be greater than the readout_end_row. The step size will be inclusive of the readout_end_row. For example, if the readout_start_row is 1 and readout_end_row is 5 and row_step_size is 2 then the rows read out are 1, 3, 5. ","img","ASCII_Integer","0","1","0","50","Unbounded","Unbounded","Units_of_None","none","TBD_classConcept","INTEGER"
"clipper:Detector_Region:2                clipper:readout_start_col:1             ","Attribute","readout_start_col","n/a","clipper","The EIS detector can be commanded to read out portions of the detector in pre-defined 256 column sections known as ports. This keyword defines the starting column of the detector to be read out. Index starts at column 0 and ends at column 4095. All rows in a given EIS image will start at this column in the detector. ","img","ASCII_Integer","0","1","0","4095","Unbounded","Unbounded","Units_of_None","none","TBD_classConcept","INTEGER"
"clipper:Detector_Region:2                clipper:readout_end_col:1               ","Attribute","readout_end_col","n/a","clipper","The EIS detector can be commanded to read out portions of the detector in pre-defined 256 column sections known as ports. This keyword defines the ending column of the detector to be read out. Index starts at column 0 and ends at column 4095. All rows in a given EIS image will end at this column in the detector. ","img","ASCII_Integer","0","1","0","4095","Unbounded","Unbounded","Units_of_None","none","TBD_classConcept","INTEGER"
"clipper:Checkline_Row:1                 ","Class","Checkline_Row","1.0.0.0","clipper","Defines the detector row and readout order for a checklines image. A Checkline_Row class is created for every detector row used as a checkline. For example, if there were 3 checklines readout for a given checklines image then this class would appear three times in the framing image label to define each checklines row. This class does NOT appear in the label for the checklines image. Instead there is a Detector_Region class for each checkline. ","img","","","","","","","","","","",""
"clipper:Checkline_Row:2                  clipper:detector_row:1                  ","Attribute","detector_row","n/a","clipper","Part of the Checkline_Row class. Identifies the detector row used in the checkline image. This row is readout multiple times in a checklines image and is used for jitter correction. ","img","ASCII_Integer","1","1","0","2047","Unbounded","Unbounded","Units_of_None","none","TBD_classConcept","INTEGER"
"clipper:Checkline_Row:2                  clipper:readout_order:1                 ","Attribute","readout_order","n/a","clipper","Part of the Checkline_Row class. Provides an ordering of the detector rows that are used to generate the checklines image. The Checkline_Row with the lowest valued readout_order is read first, followed by the next higher readout_order, and so on. After the Checkline_Row with the highest valued readout_order is read out the instrument goes back to the lowest valued readout_order. ","img","ASCII_Integer","1","1","0","9223372036854775807","Unbounded","Unbounded","Units_of_None","none","TBD_classConcept","INTEGER"
"clipper:SUDA_Parameters:1               ","Class","SUDA_Parameters","1.0.0.0","clipper","The class contains all the instrument specific attributes for the SUDA instrument. ","img","","","","","","","","","","",""
"clipper:SUDA_Parameters:2                clipper:event_count:1                   ","Attribute","event_count","n/a","clipper","Number of events contained within a given AID.","img","ASCII_Integer","0","1","1","9223372036854775807","Unbounded","Unbounded","Units_of_None","none","TBD_classConcept","INTEGER"
"clipper:SUDA_Parameters:2                clipper:epoch:1                         ","Attribute","epoch","n/a","clipper","Epoch defining the zero point of relative times in year month day UTC. For example: ""YYYY-MM-DDThh:mm:ss.ssssssZ""","img","ASCII_Date_Time_YMD_UTC","0","1","Unbounded","Unbounded","Unbounded","Unbounded","Units_of_None","none","TBD_classConcept","SHORT_STRING"
"clipper:SUDA_Parameters:2                clipper:start_time:1                    ","Attribute","start_time","n/a","clipper","Milliseconds of the first event within this AID (time in milliseconds since epoch). ","img","ASCII_Real","0","1","-1.7976931348623157e308","1.7976931348623157e308","Unbounded","Unbounded","Units_of_Time","none","TBD_classConcept","REAL"
"clipper:SUDA_Parameters:2                clipper:end_time:1                      ","Attribute","end_time","n/a","clipper","Milliseconds of the last event within this AID (time in milliseconds since epoch). ","img","ASCII_Real","0","1","-1.7976931348623157e308","1.7976931348623157e308","Unbounded","Unbounded","Units_of_Time","none","TBD_classConcept","REAL"
"clipper:SUDA_Event:1                    ","Class","SUDA_Event","1.0.0.0","clipper","The class contains all the events for SUDA instrument. ","img","","","","","","","","","","",""
"clipper:SUDA_Event:2                     clipper:event_id:1                      ","Attribute","event_id","n/a","clipper","Event-specific event identifier from the FPGA Header.","img","ASCII_Integer","0","1","-9223372036854775808","9223372036854775807","Unbounded","Unbounded","Units_of_None","none","TBD_classConcept","INTEGER"
"clipper:SUDA_Event:2                     clipper:event_time:1                    ","Attribute","event_time","n/a","clipper","FPGA event time (time of event trigger in milliseconds since epoch). ","img","ASCII_Real","0","1","-1.7976931348623157e308","1.7976931348623157e308","Unbounded","Unbounded","Units_of_Time","none","TBD_classConcept","REAL"
"clipper:SUDA_Event:2                     clipper:category:1                      ","Attribute","category","n/a","clipper","Category determined by Flight Software Processing.","img","ASCII_Integer","0","1","-9223372036854775808","9223372036854775807","Unbounded","Unbounded","Units_of_None","none","TBD_classConcept","INTEGER"
"clipper:SUDA_Event:2                     clipper:aid:1                           ","Attribute","aid","n/a","clipper","A hexadecimal representation of the Accountability Identifier (AID) which serves as a globally unique identifier across all instruments and mission phases for an observational activity onboard the spacecraft. Data tagged with a given AID is collected into an Accountable Data Product (ADP) on the ground and will result in one or more associated PDS data products in the archive. The AID is a 32-bit unsigned integer which contains three fields: Instrument ID (4-bits), Orbit Number (9-bits) and Data Acquisition ID (19-bits). The hexadecimal string value is prefixed with “0x”.","img","ASCII_Short_String_Collapsed","0","*","Unbounded","Unbounded","1","255","Units_of_None","none","TBD_classConcept","SHORT_STRING"
"clipper:SUDA_Event:2                     clipper:tof_peak_count:1                ","Attribute","tof_peak_count","n/a","clipper","Total number of TOF peaks found.","img","ASCII_Integer","0","1","-9223372036854775808","9223372036854775807","Unbounded","Unbounded","Units_of_None","none","TBD_classConcept","INTEGER"
"clipper:SUDA_Event:2                     clipper:tof_mean:1                      ","Attribute","tof_mean","n/a","clipper","Selected TOF waveform mean.","img","ASCII_Real","0","1","-1.7976931348623157e308","1.7976931348623157e308","Unbounded","Unbounded","Units_of_None","none","TBD_classConcept","REAL"
"clipper:SUDA_Event:2                     clipper:tof_var:1                       ","Attribute","tof_var","n/a","clipper","Signal to Noise ratio squared of selected TOF waveform.","img","ASCII_Real","0","1","-1.7976931348623157e308","1.7976931348623157e308","Unbounded","Unbounded","Units_of_None","none","TBD_classConcept","REAL"
"clipper:SUDA_Event:2                     clipper:qv_max_amplitude:1              ","Attribute","qv_max_amplitude","n/a","clipper","Maximum amplitude (raw value) for velocity waveform (QV).","img","ASCII_Real","0","1","-1.7976931348623157e308","1.7976931348623157e308","Unbounded","Unbounded","Units_of_Misc","none","TBD_classConcept","REAL"
"clipper:SUDA_Event:2                     clipper:qv_mean:1                       ","Attribute","qv_mean","n/a","clipper","Mean of selected velocity waveform data (QV).","img","ASCII_Real","0","1","-1.7976931348623157e308","1.7976931348623157e308","Unbounded","Unbounded","Units_of_None","none","TBD_classConcept","REAL"
"clipper:SUDA_Event:2                     clipper:qv_var:1                        ","Attribute","qv_var","n/a","clipper","Signal to Noise ratio squared for velocity waveform (QV).","img","ASCII_Real","0","1","-1.7976931348623157e308","1.7976931348623157e308","Unbounded","Unbounded","Units_of_None","none","TBD_classConcept","REAL"
"clipper:SUDA_Event:2                     clipper:qt_max_amplitude:1              ","Attribute","qt_max_amplitude","n/a","clipper","Maximum amplitude (raw value) for target waveform (QT).","img","ASCII_Real","0","1","-1.7976931348623157e308","1.7976931348623157e308","Unbounded","Unbounded","Units_of_Misc","none","TBD_classConcept","REAL"
"clipper:SUDA_Event:2                     clipper:qt_mean:1                       ","Attribute","qt_mean","n/a","clipper","Mean of selected target data (QT).","img","ASCII_Real","0","1","-1.7976931348623157e308","1.7976931348623157e308","Unbounded","Unbounded","Units_of_None","none","TBD_classConcept","REAL"
"clipper:SUDA_Event:2                     clipper:qt_var:1                        ","Attribute","qt_var","n/a","clipper","Signal to Noise ratio squared for target (QT).","img","ASCII_Real","0","1","-1.7976931348623157e308","1.7976931348623157e308","Unbounded","Unbounded","Units_of_None","none","TBD_classConcept","REAL"
"clipper:SUDA_Event:2                     clipper:qt_mean:1                       ","Attribute","qt_mean","n/a","clipper","Mean of selected target data (QT).","img","ASCII_Real","0","1","-1.7976931348623157e308","1.7976931348623157e308","Unbounded","Unbounded","Units_of_None","none","TBD_classConcept","REAL"
"clipper:SUDA_Event:2                     clipper:qi_max_amplitude:1              ","Attribute","qi_max_amplitude","n/a","clipper","Maximum amplitude (raw value) for ion waveform (QI).","img","ASCII_Real","0","1","-1.7976931348623157e308","1.7976931348623157e308","Unbounded","Unbounded","Units_of_Misc","none","TBD_classConcept","REAL"
"clipper:SUDA_Event:2                     clipper:qi_mean:1                       ","Attribute","qi_mean","n/a","clipper","Mean of selected ion data (QI).","img","ASCII_Real","0","1","-1.7976931348623157e308","1.7976931348623157e308","Unbounded","Unbounded","Units_of_None","none","TBD_classConcept","REAL"
"clipper:SUDA_Event:2                     clipper:qi_var:1                        ","Attribute","qi_var","n/a","clipper","Signal to Noise ratio squared for ion data (QI).","img","ASCII_Real","0","1","-1.7976931348623157e308","1.7976931348623157e308","Unbounded","Unbounded","Units_of_None","none","TBD_classConcept","REAL"
