[
  {
    "dataDictionary": {
      "Title": "PDS4 Data Dictionary" ,
      "IM Version": "1.17.0.0" ,
      "LDD Version": "1.2.2.0" ,
      "Date": "Mon Nov 01 16:38:38 UTC 2021" ,
      "Description": "This document is a dump of the contents of the PDS4 Data Dictionary" ,
      "namespaces": ["pds:", "msn_surface:"] ,
      "classDictionary": [
        {
          "class": {
            "identifier": "0001_NASA_PDS_1.msn_surface.Command_Execution" ,
            "title": "Command_Execution" ,
            "registrationAuthorityId": "0001_NASA_PDS_1" ,
            "nameSpaceId": "msn_surface" ,
            "steward": "img" ,
            "versionId": "1.0.0.0" ,
            "isAbstract": "false" ,
            "isDeprecated": "false" ,
            "description": "The Command_Execution class contains information about how the command that acquired this data was executed, such as sequence or activity."
              , "associationList": [
             {"association": {
                "identifier": "0001_NASA_PDS_1.msn_surface.Command_Execution.msn_surface.sequence_id" ,
                "title": "sequence_id" ,
                "assocType": "attribute_of" ,
                "isAttribute": "true" ,
                "isChoice": "false" ,
                "isAny": "false" ,
                "groupName": "null" ,
                "minimumCardinality": "0" ,
                "maximumCardinality": "1" ,
                "classOrder": "1010" ,
                "attributeId": [
                  "0001_NASA_PDS_1.msn_surface.Command_Execution.msn_surface.sequence_id"
                 ]
              }
            }
           , {"association": {
                "identifier": "0001_NASA_PDS_1.msn_surface.Command_Execution.msn_surface.sequence_version_id" ,
                "title": "sequence_version_id" ,
                "assocType": "attribute_of" ,
                "isAttribute": "true" ,
                "isChoice": "false" ,
                "isAny": "false" ,
                "groupName": "null" ,
                "minimumCardinality": "0" ,
                "maximumCardinality": "1" ,
                "classOrder": "1020" ,
                "attributeId": [
                  "0001_NASA_PDS_1.msn_surface.Command_Execution.msn_surface.sequence_version_id"
                 ]
              }
            }
           , {"association": {
                "identifier": "0001_NASA_PDS_1.msn_surface.Command_Execution.msn_surface.sequence_execution_count" ,
                "title": "sequence_execution_count" ,
                "assocType": "attribute_of" ,
                "isAttribute": "true" ,
                "isChoice": "false" ,
                "isAny": "false" ,
                "groupName": "null" ,
                "minimumCardinality": "0" ,
                "maximumCardinality": "1" ,
                "classOrder": "1030" ,
                "attributeId": [
                  "0001_NASA_PDS_1.msn_surface.Command_Execution.msn_surface.sequence_execution_count"
                 ]
              }
            }
           , {"association": {
                "identifier": "0001_NASA_PDS_1.msn_surface.Command_Execution.msn_surface.command_sequence_number" ,
                "title": "command_sequence_number" ,
                "assocType": "attribute_of" ,
                "isAttribute": "true" ,
                "isChoice": "false" ,
                "isAny": "false" ,
                "groupName": "null" ,
                "minimumCardinality": "0" ,
                "maximumCardinality": "1" ,
                "classOrder": "1040" ,
                "attributeId": [
                  "0001_NASA_PDS_1.msn_surface.Command_Execution.msn_surface.command_sequence_number"
                 ]
              }
            }
           , {"association": {
                "identifier": "0001_NASA_PDS_1.msn_surface.Command_Execution.msn_surface.command_source_id" ,
                "title": "command_source_id" ,
                "assocType": "attribute_of" ,
                "isAttribute": "true" ,
                "isChoice": "false" ,
                "isAny": "false" ,
                "groupName": "null" ,
                "minimumCardinality": "0" ,
                "maximumCardinality": "1" ,
                "classOrder": "1050" ,
                "attributeId": [
                  "0001_NASA_PDS_1.msn_surface.Command_Execution.msn_surface.command_source_id"
                 ]
              }
            }
           , {"association": {
                "identifier": "0001_NASA_PDS_1.msn_surface.Command_Execution.msn_surface.command_dispatch_sclk" ,
                "title": "command_dispatch_sclk" ,
                "assocType": "attribute_of" ,
                "isAttribute": "true" ,
                "isChoice": "false" ,
                "isAny": "false" ,
                "groupName": "null" ,
                "minimumCardinality": "0" ,
                "maximumCardinality": "1" ,
                "classOrder": "1060" ,
                "attributeId": [
                  "0001_NASA_PDS_1.msn_surface.Command_Execution.msn_surface.command_dispatch_sclk"
                 ]
              }
            }
           , {"association": {
                "identifier": "0001_NASA_PDS_1.msn_surface.Command_Execution.msn_surface.observation_id" ,
                "title": "observation_id" ,
                "assocType": "attribute_of" ,
                "isAttribute": "true" ,
                "isChoice": "false" ,
                "isAny": "false" ,
                "groupName": "null" ,
                "minimumCardinality": "0" ,
                "maximumCardinality": "1" ,
                "classOrder": "1070" ,
                "attributeId": [
                  "0001_NASA_PDS_1.msn_surface.Command_Execution.msn_surface.observation_id"
                 ]
              }
            }
           , {"association": {
                "identifier": "0001_NASA_PDS_1.msn_surface.Command_Execution.msn_surface.request_id" ,
                "title": "request_id" ,
                "assocType": "attribute_of" ,
                "isAttribute": "true" ,
                "isChoice": "false" ,
                "isAny": "false" ,
                "groupName": "null" ,
                "minimumCardinality": "0" ,
                "maximumCardinality": "1" ,
                "classOrder": "1080" ,
                "attributeId": [
                  "0001_NASA_PDS_1.msn_surface.Command_Execution.msn_surface.request_id"
                 ]
              }
            }
           , {"association": {
                "identifier": "0001_NASA_PDS_1.msn_surface.Command_Execution.msn_surface.boot_counter" ,
                "title": "boot_counter" ,
                "assocType": "attribute_of" ,
                "isAttribute": "true" ,
                "isChoice": "false" ,
                "isAny": "false" ,
                "groupName": "null" ,
                "minimumCardinality": "0" ,
                "maximumCardinality": "1" ,
                "classOrder": "1090" ,
                "attributeId": [
                  "0001_NASA_PDS_1.msn_surface.Command_Execution.msn_surface.boot_counter"
                 ]
              }
            }
           , {"association": {
                "identifier": "0001_NASA_PDS_1.msn_surface.Command_Execution.msn_surface.rtt_version" ,
                "title": "rtt_version" ,
                "assocType": "attribute_of" ,
                "isAttribute": "true" ,
                "isChoice": "false" ,
                "isAny": "false" ,
                "groupName": "null" ,
                "minimumCardinality": "0" ,
                "maximumCardinality": "1" ,
                "classOrder": "1100" ,
                "attributeId": [
                  "0001_NASA_PDS_1.msn_surface.Command_Execution.msn_surface.rtt_version"
                 ]
              }
            }
           ]
          }
        }
      , {
          "class": {
            "identifier": "0001_NASA_PDS_1.msn_surface.Commanded_Parameters" ,
            "title": "Commanded_Parameters" ,
            "registrationAuthorityId": "0001_NASA_PDS_1" ,
            "nameSpaceId": "msn_surface" ,
            "steward": "img" ,
            "versionId": "1.0.0.0" ,
            "isAbstract": "false" ,
            "isDeprecated": "false" ,
            "description": "The Commanded_Parameters class contains attributes used to identify or describe the commands sent to a spacecraft to perform one or more actions resulting in the acquisition of the current data product. These are distinct from similar values in the root Surface_Mission_Information class which indicate the state of the data as acquired."
              , "associationList": [
             {"association": {
                "identifier": "0001_NASA_PDS_1.msn_surface.Commanded_Parameters.msn_surface.download_priority" ,
                "title": "download_priority" ,
                "assocType": "attribute_of" ,
                "isAttribute": "true" ,
                "isChoice": "false" ,
                "isAny": "false" ,
                "groupName": "null" ,
                "minimumCardinality": "0" ,
                "maximumCardinality": "1" ,
                "classOrder": "1010" ,
                "attributeId": [
                  "0001_NASA_PDS_1.msn_surface.Commanded_Parameters.msn_surface.download_priority"
                 ]
              }
            }
           ]
          }
        }
      , {
          "class": {
            "identifier": "0001_NASA_PDS_1.msn_surface.Observational_Intent" ,
            "title": "Observational_Intent" ,
            "registrationAuthorityId": "0001_NASA_PDS_1" ,
            "nameSpaceId": "msn_surface" ,
            "steward": "img" ,
            "versionId": "1.0.0.0" ,
            "isAbstract": "false" ,
            "isDeprecated": "false" ,
            "description": "Describes the intent and context of the observation."
              , "associationList": [
             {"association": {
                "identifier": "0001_NASA_PDS_1.msn_surface.Observational_Intent.msn_surface.campaign" ,
                "title": "campaign" ,
                "assocType": "attribute_of" ,
                "isAttribute": "true" ,
                "isChoice": "false" ,
                "isAny": "false" ,
                "groupName": "null" ,
                "minimumCardinality": "0" ,
                "maximumCardinality": "1" ,
                "classOrder": "1010" ,
                "attributeId": [
                  "0001_NASA_PDS_1.msn_surface.Observational_Intent.msn_surface.campaign"
                 ]
              }
            }
           , {"association": {
                "identifier": "0001_NASA_PDS_1.msn_surface.Observational_Intent.msn_surface.goal" ,
                "title": "goal" ,
                "assocType": "attribute_of" ,
                "isAttribute": "true" ,
                "isChoice": "false" ,
                "isAny": "false" ,
                "groupName": "null" ,
                "minimumCardinality": "0" ,
                "maximumCardinality": "1" ,
                "classOrder": "1020" ,
                "attributeId": [
                  "0001_NASA_PDS_1.msn_surface.Observational_Intent.msn_surface.goal"
                 ]
              }
            }
           , {"association": {
                "identifier": "0001_NASA_PDS_1.msn_surface.Observational_Intent.msn_surface.task" ,
                "title": "task" ,
                "assocType": "attribute_of" ,
                "isAttribute": "true" ,
                "isChoice": "false" ,
                "isAny": "false" ,
                "groupName": "null" ,
                "minimumCardinality": "0" ,
                "maximumCardinality": "1" ,
                "classOrder": "1030" ,
                "attributeId": [
                  "0001_NASA_PDS_1.msn_surface.Observational_Intent.msn_surface.task"
                 ]
              }
            }
           , {"association": {
                "identifier": "0001_NASA_PDS_1.msn_surface.Observational_Intent.msn_surface.activity_notes" ,
                "title": "activity_notes" ,
                "assocType": "attribute_of" ,
                "isAttribute": "true" ,
                "isChoice": "false" ,
                "isAny": "false" ,
                "groupName": "null" ,
                "minimumCardinality": "0" ,
                "maximumCardinality": "1" ,
                "classOrder": "1040" ,
                "attributeId": [
                  "0001_NASA_PDS_1.msn_surface.Observational_Intent.msn_surface.activity_notes"
                 ]
              }
            }
           , {"association": {
                "identifier": "0001_NASA_PDS_1.msn_surface.Observational_Intent.msn_surface.keyword" ,
                "title": "keyword" ,
                "assocType": "attribute_of" ,
                "isAttribute": "true" ,
                "isChoice": "false" ,
                "isAny": "false" ,
                "groupName": "null" ,
                "minimumCardinality": "0" ,
                "maximumCardinality": "1" ,
                "classOrder": "1050" ,
                "attributeId": [
                  "0001_NASA_PDS_1.msn_surface.Observational_Intent.msn_surface.keyword"
                 ]
              }
            }
           , {"association": {
                "identifier": "0001_NASA_PDS_1.msn_surface.Observational_Intent.msn_surface.activity_id" ,
                "title": "activity_id" ,
                "assocType": "attribute_of" ,
                "isAttribute": "true" ,
                "isChoice": "false" ,
                "isAny": "false" ,
                "groupName": "null" ,
                "minimumCardinality": "0" ,
                "maximumCardinality": "1" ,
                "classOrder": "1060" ,
                "attributeId": [
                  "0001_NASA_PDS_1.msn_surface.Observational_Intent.msn_surface.activity_id"
                 ]
              }
            }
           , {"association": {
                "identifier": "0001_NASA_PDS_1.msn_surface.Observational_Intent.msn_surface.target_id" ,
                "title": "target_id" ,
                "assocType": "attribute_of" ,
                "isAttribute": "true" ,
                "isChoice": "false" ,
                "isAny": "false" ,
                "groupName": "null" ,
                "minimumCardinality": "0" ,
                "maximumCardinality": "1" ,
                "classOrder": "1070" ,
                "attributeId": [
                  "0001_NASA_PDS_1.msn_surface.Observational_Intent.msn_surface.target_id"
                 ]
              }
            }
           ]
          }
        }
      , {
          "class": {
            "identifier": "0001_NASA_PDS_1.msn_surface.Surface_Mission_Information" ,
            "title": "Surface_Mission_Information" ,
            "registrationAuthorityId": "0001_NASA_PDS_1" ,
            "nameSpaceId": "msn_surface" ,
            "steward": "img" ,
            "versionId": "1.0.0.0" ,
            "isAbstract": "false" ,
            "isDeprecated": "false" ,
            "description": "The Surface_Mission_Information class contains attributes specific to surface missions which apply across instrument types."
              , "associationList": [
             {"association": {
                "identifier": "0001_NASA_PDS_1.msn_surface.Surface_Mission_Information.msn_surface.surface_gravity" ,
                "title": "surface_gravity" ,
                "assocType": "attribute_of" ,
                "isAttribute": "true" ,
                "isChoice": "false" ,
                "isAny": "false" ,
                "groupName": "null" ,
                "minimumCardinality": "0" ,
                "maximumCardinality": "1" ,
                "classOrder": "1040" ,
                "attributeId": [
                  "0001_NASA_PDS_1.msn_surface.Surface_Mission_Information.msn_surface.surface_gravity"
                 ]
              }
            }
           , {"association": {
                "identifier": "0001_NASA_PDS_1.msn_surface.Surface_Mission_Information.msn_surface.Command_Execution" ,
                "title": "Command_Execution" ,
                "assocType": "component_of" ,
                "isAttribute": "false" ,
                "isChoice": "false" ,
                "isAny": "false" ,
                "groupName": "null" ,
                "minimumCardinality": "0" ,
                "maximumCardinality": "1" ,
                "classOrder": "1010" ,
                "classId": [
                  "0001_NASA_PDS_1.msn_surface.Command_Execution"
                 ]
              }
            }
           , {"association": {
                "identifier": "0001_NASA_PDS_1.msn_surface.Surface_Mission_Information.msn_surface.Telemetry" ,
                "title": "Telemetry" ,
                "assocType": "component_of" ,
                "isAttribute": "false" ,
                "isChoice": "false" ,
                "isAny": "false" ,
                "groupName": "null" ,
                "minimumCardinality": "0" ,
                "maximumCardinality": "1" ,
                "classOrder": "1020" ,
                "classId": [
                  "0001_NASA_PDS_1.msn_surface.Telemetry"
                 ]
              }
            }
           , {"association": {
                "identifier": "0001_NASA_PDS_1.msn_surface.Surface_Mission_Information.msn_surface.Observational_Intent" ,
                "title": "Observational_Intent" ,
                "assocType": "component_of" ,
                "isAttribute": "false" ,
                "isChoice": "false" ,
                "isAny": "false" ,
                "groupName": "null" ,
                "minimumCardinality": "0" ,
                "maximumCardinality": "1" ,
                "classOrder": "1030" ,
                "classId": [
                  "0001_NASA_PDS_1.msn_surface.Observational_Intent"
                 ]
              }
            }
           , {"association": {
                "identifier": "0001_NASA_PDS_1.msn_surface.Surface_Mission_Information.msn_surface.Commanded_Parameters" ,
                "title": "Commanded_Parameters" ,
                "assocType": "component_of" ,
                "isAttribute": "false" ,
                "isChoice": "false" ,
                "isAny": "false" ,
                "groupName": "null" ,
                "minimumCardinality": "0" ,
                "maximumCardinality": "1" ,
                "classOrder": "1050" ,
                "classId": [
                  "0001_NASA_PDS_1.msn_surface.Commanded_Parameters"
                 ]
              }
            }
           ]
          }
        }
      , {
          "class": {
            "identifier": "0001_NASA_PDS_1.msn_surface.Telemetry" ,
            "title": "Telemetry" ,
            "registrationAuthorityId": "0001_NASA_PDS_1" ,
            "nameSpaceId": "msn_surface" ,
            "steward": "img" ,
            "versionId": "1.0.0.0" ,
            "isAbstract": "false" ,
            "isDeprecated": "false" ,
            "description": "The Telemetry class contains downlink-related attributes used primarily during mission operations."
              , "associationList": [
             {"association": {
                "identifier": "0001_NASA_PDS_1.msn_surface.Telemetry.msn_surface.application_id" ,
                "title": "application_id" ,
                "assocType": "attribute_of" ,
                "isAttribute": "true" ,
                "isChoice": "false" ,
                "isAny": "false" ,
                "groupName": "null" ,
                "minimumCardinality": "0" ,
                "maximumCardinality": "1" ,
                "classOrder": "1010" ,
                "attributeId": [
                  "0001_NASA_PDS_1.msn_surface.Telemetry.msn_surface.application_id"
                 ]
              }
            }
           , {"association": {
                "identifier": "0001_NASA_PDS_1.msn_surface.Telemetry.msn_surface.application_subtype_id" ,
                "title": "application_subtype_id" ,
                "assocType": "attribute_of" ,
                "isAttribute": "true" ,
                "isChoice": "false" ,
                "isAny": "false" ,
                "groupName": "null" ,
                "minimumCardinality": "0" ,
                "maximumCardinality": "1" ,
                "classOrder": "1020" ,
                "attributeId": [
                  "0001_NASA_PDS_1.msn_surface.Telemetry.msn_surface.application_subtype_id"
                 ]
              }
            }
           , {"association": {
                "identifier": "0001_NASA_PDS_1.msn_surface.Telemetry.msn_surface.application_name" ,
                "title": "application_name" ,
                "assocType": "attribute_of" ,
                "isAttribute": "true" ,
                "isChoice": "false" ,
                "isAny": "false" ,
                "groupName": "null" ,
                "minimumCardinality": "0" ,
                "maximumCardinality": "1" ,
                "classOrder": "1030" ,
                "attributeId": [
                  "0001_NASA_PDS_1.msn_surface.Telemetry.msn_surface.application_name"
                 ]
              }
            }
           , {"association": {
                "identifier": "0001_NASA_PDS_1.msn_surface.Telemetry.msn_surface.provider_id" ,
                "title": "provider_id" ,
                "assocType": "attribute_of" ,
                "isAttribute": "true" ,
                "isChoice": "false" ,
                "isAny": "false" ,
                "groupName": "null" ,
                "minimumCardinality": "0" ,
                "maximumCardinality": "1" ,
                "classOrder": "1040" ,
                "attributeId": [
                  "0001_NASA_PDS_1.msn_surface.Telemetry.msn_surface.provider_id"
                 ]
              }
            }
           , {"association": {
                "identifier": "0001_NASA_PDS_1.msn_surface.Telemetry.msn_surface.flight_software_version_id" ,
                "title": "flight_software_version_id" ,
                "assocType": "attribute_of" ,
                "isAttribute": "true" ,
                "isChoice": "false" ,
                "isAny": "false" ,
                "groupName": "null" ,
                "minimumCardinality": "0" ,
                "maximumCardinality": "1" ,
                "classOrder": "1050" ,
                "attributeId": [
                  "0001_NASA_PDS_1.msn_surface.Telemetry.msn_surface.flight_software_version_id"
                 ]
              }
            }
           , {"association": {
                "identifier": "0001_NASA_PDS_1.msn_surface.Telemetry.msn_surface.telemetry_source_name" ,
                "title": "telemetry_source_name" ,
                "assocType": "attribute_of" ,
                "isAttribute": "true" ,
                "isChoice": "false" ,
                "isAny": "false" ,
                "groupName": "null" ,
                "minimumCardinality": "0" ,
                "maximumCardinality": "1" ,
                "classOrder": "1060" ,
                "attributeId": [
                  "0001_NASA_PDS_1.msn_surface.Telemetry.msn_surface.telemetry_source_name"
                 ]
              }
            }
           , {"association": {
                "identifier": "0001_NASA_PDS_1.msn_surface.Telemetry.msn_surface.telemetry_alternate_name" ,
                "title": "telemetry_alternate_name" ,
                "assocType": "attribute_of" ,
                "isAttribute": "true" ,
                "isChoice": "false" ,
                "isAny": "false" ,
                "groupName": "null" ,
                "minimumCardinality": "0" ,
                "maximumCardinality": "1" ,
                "classOrder": "1070" ,
                "attributeId": [
                  "0001_NASA_PDS_1.msn_surface.Telemetry.msn_surface.telemetry_alternate_name"
                 ]
              }
            }
           , {"association": {
                "identifier": "0001_NASA_PDS_1.msn_surface.Telemetry.msn_surface.transport_protocol" ,
                "title": "transport_protocol" ,
                "assocType": "attribute_of" ,
                "isAttribute": "true" ,
                "isChoice": "false" ,
                "isAny": "false" ,
                "groupName": "null" ,
                "minimumCardinality": "0" ,
                "maximumCardinality": "1" ,
                "classOrder": "1080" ,
                "attributeId": [
                  "0001_NASA_PDS_1.msn_surface.Telemetry.msn_surface.transport_protocol"
                 ]
              }
            }
           , {"association": {
                "identifier": "0001_NASA_PDS_1.msn_surface.Telemetry.msn_surface.communication_session_id" ,
                "title": "communication_session_id" ,
                "assocType": "attribute_of" ,
                "isAttribute": "true" ,
                "isChoice": "false" ,
                "isAny": "false" ,
                "groupName": "null" ,
                "minimumCardinality": "0" ,
                "maximumCardinality": "1" ,
                "classOrder": "1090" ,
                "attributeId": [
                  "0001_NASA_PDS_1.msn_surface.Telemetry.msn_surface.communication_session_id"
                 ]
              }
            }
           , {"association": {
                "identifier": "0001_NASA_PDS_1.msn_surface.Telemetry.msn_surface.telemetry_source_start_time" ,
                "title": "telemetry_source_start_time" ,
                "assocType": "attribute_of" ,
                "isAttribute": "true" ,
                "isChoice": "false" ,
                "isAny": "false" ,
                "groupName": "null" ,
                "minimumCardinality": "0" ,
                "maximumCardinality": "1" ,
                "classOrder": "1100" ,
                "attributeId": [
                  "0001_NASA_PDS_1.msn_surface.Telemetry.msn_surface.telemetry_source_start_time"
                 ]
              }
            }
           , {"association": {
                "identifier": "0001_NASA_PDS_1.msn_surface.Telemetry.msn_surface.telemetry_source_sclk_start" ,
                "title": "telemetry_source_sclk_start" ,
                "assocType": "attribute_of" ,
                "isAttribute": "true" ,
                "isChoice": "false" ,
                "isAny": "false" ,
                "groupName": "null" ,
                "minimumCardinality": "0" ,
                "maximumCardinality": "1" ,
                "classOrder": "1110" ,
                "attributeId": [
                  "0001_NASA_PDS_1.msn_surface.Telemetry.msn_surface.telemetry_source_sclk_start"
                 ]
              }
            }
           , {"association": {
                "identifier": "0001_NASA_PDS_1.msn_surface.Telemetry.msn_surface.product_completion_status" ,
                "title": "product_completion_status" ,
                "assocType": "attribute_of" ,
                "isAttribute": "true" ,
                "isChoice": "false" ,
                "isAny": "false" ,
                "groupName": "null" ,
                "minimumCardinality": "0" ,
                "maximumCardinality": "1" ,
                "classOrder": "1120" ,
                "attributeId": [
                  "0001_NASA_PDS_1.msn_surface.Telemetry.msn_surface.product_completion_status"
                 ]
              }
            }
           , {"association": {
                "identifier": "0001_NASA_PDS_1.msn_surface.Telemetry.msn_surface.earth_received_start_date_time" ,
                "title": "earth_received_start_date_time" ,
                "assocType": "attribute_of" ,
                "isAttribute": "true" ,
                "isChoice": "false" ,
                "isAny": "false" ,
                "groupName": "null" ,
                "minimumCardinality": "0" ,
                "maximumCardinality": "1" ,
                "classOrder": "1130" ,
                "attributeId": [
                  "0001_NASA_PDS_1.msn_surface.Telemetry.msn_surface.earth_received_start_date_time"
                 ]
              }
            }
           , {"association": {
                "identifier": "0001_NASA_PDS_1.msn_surface.Telemetry.msn_surface.earth_received_stop_date_time" ,
                "title": "earth_received_stop_date_time" ,
                "assocType": "attribute_of" ,
                "isAttribute": "true" ,
                "isChoice": "false" ,
                "isAny": "false" ,
                "groupName": "null" ,
                "minimumCardinality": "0" ,
                "maximumCardinality": "1" ,
                "classOrder": "1140" ,
                "attributeId": [
                  "0001_NASA_PDS_1.msn_surface.Telemetry.msn_surface.earth_received_stop_date_time"
                 ]
              }
            }
           , {"association": {
                "identifier": "0001_NASA_PDS_1.msn_surface.Telemetry.msn_surface.download_priority" ,
                "title": "download_priority" ,
                "assocType": "attribute_of" ,
                "isAttribute": "true" ,
                "isChoice": "false" ,
                "isAny": "false" ,
                "groupName": "null" ,
                "minimumCardinality": "0" ,
                "maximumCardinality": "1" ,
                "classOrder": "1150" ,
                "attributeId": [
                  "0001_NASA_PDS_1.msn_surface.Telemetry.msn_surface.download_priority"
                 ]
              }
            }
           , {"association": {
                "identifier": "0001_NASA_PDS_1.msn_surface.Telemetry.msn_surface.data_size" ,
                "title": "data_size" ,
                "assocType": "attribute_of" ,
                "isAttribute": "true" ,
                "isChoice": "false" ,
                "isAny": "false" ,
                "groupName": "null" ,
                "minimumCardinality": "0" ,
                "maximumCardinality": "1" ,
                "classOrder": "1160" ,
                "attributeId": [
                  "0001_NASA_PDS_1.msn_surface.Telemetry.msn_surface.data_size"
                 ]
              }
            }
           , {"association": {
                "identifier": "0001_NASA_PDS_1.msn_surface.Telemetry.msn_surface.expected_packets" ,
                "title": "expected_packets" ,
                "assocType": "attribute_of" ,
                "isAttribute": "true" ,
                "isChoice": "false" ,
                "isAny": "false" ,
                "groupName": "null" ,
                "minimumCardinality": "0" ,
                "maximumCardinality": "1" ,
                "classOrder": "1170" ,
                "attributeId": [
                  "0001_NASA_PDS_1.msn_surface.Telemetry.msn_surface.expected_packets"
                 ]
              }
            }
           , {"association": {
                "identifier": "0001_NASA_PDS_1.msn_surface.Telemetry.msn_surface.received_packets" ,
                "title": "received_packets" ,
                "assocType": "attribute_of" ,
                "isAttribute": "true" ,
                "isChoice": "false" ,
                "isAny": "false" ,
                "groupName": "null" ,
                "minimumCardinality": "0" ,
                "maximumCardinality": "1" ,
                "classOrder": "1180" ,
                "attributeId": [
                  "0001_NASA_PDS_1.msn_surface.Telemetry.msn_surface.received_packets"
                 ]
              }
            }
           , {"association": {
                "identifier": "0001_NASA_PDS_1.msn_surface.Telemetry.msn_surface.telemetry_source_host_name" ,
                "title": "telemetry_source_host_name" ,
                "assocType": "attribute_of" ,
                "isAttribute": "true" ,
                "isChoice": "false" ,
                "isAny": "false" ,
                "groupName": "null" ,
                "minimumCardinality": "0" ,
                "maximumCardinality": "1" ,
                "classOrder": "1190" ,
                "attributeId": [
                  "0001_NASA_PDS_1.msn_surface.Telemetry.msn_surface.telemetry_source_host_name"
                 ]
              }
            }
           , {"association": {
                "identifier": "0001_NASA_PDS_1.msn_surface.Telemetry.msn_surface.expected_transmission_path" ,
                "title": "expected_transmission_path" ,
                "assocType": "attribute_of" ,
                "isAttribute": "true" ,
                "isChoice": "false" ,
                "isAny": "false" ,
                "groupName": "null" ,
                "minimumCardinality": "0" ,
                "maximumCardinality": "1" ,
                "classOrder": "1200" ,
                "attributeId": [
                  "0001_NASA_PDS_1.msn_surface.Telemetry.msn_surface.expected_transmission_path"
                 ]
              }
            }
           , {"association": {
                "identifier": "0001_NASA_PDS_1.msn_surface.Telemetry.msn_surface.transmission_path" ,
                "title": "transmission_path" ,
                "assocType": "attribute_of" ,
                "isAttribute": "true" ,
                "isChoice": "false" ,
                "isAny": "false" ,
                "groupName": "null" ,
                "minimumCardinality": "0" ,
                "maximumCardinality": "1" ,
                "classOrder": "1210" ,
                "attributeId": [
                  "0001_NASA_PDS_1.msn_surface.Telemetry.msn_surface.transmission_path"
                 ]
              }
            }
           , {"association": {
                "identifier": "0001_NASA_PDS_1.msn_surface.Telemetry.msn_surface.flight_software_mode" ,
                "title": "flight_software_mode" ,
                "assocType": "attribute_of" ,
                "isAttribute": "true" ,
                "isChoice": "false" ,
                "isAny": "false" ,
                "groupName": "null" ,
                "minimumCardinality": "0" ,
                "maximumCardinality": "1" ,
                "classOrder": "1220" ,
                "attributeId": [
                  "0001_NASA_PDS_1.msn_surface.Telemetry.msn_surface.flight_software_mode"
                 ]
              }
            }
           , {"association": {
                "identifier": "0001_NASA_PDS_1.msn_surface.Telemetry.msn_surface.telemetry_source_size" ,
                "title": "telemetry_source_size" ,
                "assocType": "attribute_of" ,
                "isAttribute": "true" ,
                "isChoice": "false" ,
                "isAny": "false" ,
                "groupName": "null" ,
                "minimumCardinality": "0" ,
                "maximumCardinality": "1" ,
                "classOrder": "1230" ,
                "attributeId": [
                  "0001_NASA_PDS_1.msn_surface.Telemetry.msn_surface.telemetry_source_size"
                 ]
              }
            }
           , {"association": {
                "identifier": "0001_NASA_PDS_1.msn_surface.Telemetry.msn_surface.telemetry_source_checksum" ,
                "title": "telemetry_source_checksum" ,
                "assocType": "attribute_of" ,
                "isAttribute": "true" ,
                "isChoice": "false" ,
                "isAny": "false" ,
                "groupName": "null" ,
                "minimumCardinality": "0" ,
                "maximumCardinality": "1" ,
                "classOrder": "1240" ,
                "attributeId": [
                  "0001_NASA_PDS_1.msn_surface.Telemetry.msn_surface.telemetry_source_checksum"
                 ]
              }
            }
           , {"association": {
                "identifier": "0001_NASA_PDS_1.msn_surface.Telemetry.msn_surface.auto_delete_flag" ,
                "title": "auto_delete_flag" ,
                "assocType": "attribute_of" ,
                "isAttribute": "true" ,
                "isChoice": "false" ,
                "isAny": "false" ,
                "groupName": "null" ,
                "minimumCardinality": "0" ,
                "maximumCardinality": "1" ,
                "classOrder": "1250" ,
                "attributeId": [
                  "0001_NASA_PDS_1.msn_surface.Telemetry.msn_surface.auto_delete_flag"
                 ]
              }
            }
           , {"association": {
                "identifier": "0001_NASA_PDS_1.msn_surface.Telemetry.msn_surface.virtual_channel_id" ,
                "title": "virtual_channel_id" ,
                "assocType": "attribute_of" ,
                "isAttribute": "true" ,
                "isChoice": "false" ,
                "isAny": "false" ,
                "groupName": "null" ,
                "minimumCardinality": "0" ,
                "maximumCardinality": "1" ,
                "classOrder": "1260" ,
                "attributeId": [
                  "0001_NASA_PDS_1.msn_surface.Telemetry.msn_surface.virtual_channel_id"
                 ]
              }
            }
           ]
          }
        }
      ]
    , "attributeDictionary": [
        {
          "attribute": {
            "identifier": "0001_NASA_PDS_1.msn_surface.Command_Execution.msn_surface.boot_counter" ,
            "title": "boot_counter" ,
            "registrationAuthorityId": "0001_NASA_PDS_1" ,
            "nameSpaceId": "msn_surface" ,
            "steward": "img" ,
            "versionId": "1.17" ,
            "description": "Counter indicating the number of times the spacecraft flight software has been booted. The intent is that this is a global counter that can uniquely identify the current FSW boot, so other counters that reset at boot time can be disambiguated." ,
            "isNillable": "false" ,
            "isEnumerated": "false" ,
            "isDeprecated": "false" ,
            "dataType": "ASCII_Short_String_Collapsed" ,
            "dataTypeId": "0001_NASA_PDS_1.pds.ASCII_Short_String_Collapsed" ,
            "minimumCharacters": "1" ,
            "maximumCharacters": "255" ,
            "minimumValue": "Unbounded" ,
            "maximumValue": "Unbounded" ,
            "pattern": "null" ,
            "unitOfMeasure": "null" ,
            "unitOfMeasureId": "null" ,
            "unitId": "null" ,
            "defaultUnitId": "null"
          }
        }
      , {
          "attribute": {
            "identifier": "0001_NASA_PDS_1.msn_surface.Command_Execution.msn_surface.command_dispatch_sclk" ,
            "title": "command_dispatch_sclk" ,
            "registrationAuthorityId": "0001_NASA_PDS_1" ,
            "nameSpaceId": "msn_surface" ,
            "steward": "img" ,
            "versionId": "1.17" ,
            "description": "Specifies the spacecraft clock time at which the command execution was started." ,
            "isNillable": "false" ,
            "isEnumerated": "false" ,
            "isDeprecated": "false" ,
            "dataType": "ASCII_Short_String_Collapsed" ,
            "dataTypeId": "0001_NASA_PDS_1.pds.ASCII_Short_String_Collapsed" ,
            "minimumCharacters": "1" ,
            "maximumCharacters": "255" ,
            "minimumValue": "Unbounded" ,
            "maximumValue": "Unbounded" ,
            "pattern": "null" ,
            "unitOfMeasure": "null" ,
            "unitOfMeasureId": "null" ,
            "unitId": "null" ,
            "defaultUnitId": "null"
          }
        }
      , {
          "attribute": {
            "identifier": "0001_NASA_PDS_1.msn_surface.Command_Execution.msn_surface.command_sequence_number" ,
            "title": "command_sequence_number" ,
            "registrationAuthorityId": "0001_NASA_PDS_1" ,
            "nameSpaceId": "msn_surface" ,
            "steward": "img" ,
            "versionId": "1.17" ,
            "description": "The command_sequence_number attribute provides a numeric identifier for a sequence of commands sent to a spacecraft or instrument." ,
            "isNillable": "false" ,
            "isEnumerated": "false" ,
            "isDeprecated": "false" ,
            "dataType": "ASCII_NonNegative_Integer" ,
            "dataTypeId": "0001_NASA_PDS_1.pds.ASCII_NonNegative_Integer" ,
            "minimumCharacters": "Unbounded" ,
            "maximumCharacters": "Unbounded" ,
            "minimumValue": "0" ,
            "maximumValue": "18446744073709551615" ,
            "pattern": "[0-9]+" ,
            "unitOfMeasure": "null" ,
            "unitOfMeasureId": "null" ,
            "unitId": "null" ,
            "defaultUnitId": "null"
          }
        }
      , {
          "attribute": {
            "identifier": "0001_NASA_PDS_1.msn_surface.Command_Execution.msn_surface.command_source_id" ,
            "title": "command_source_id" ,
            "registrationAuthorityId": "0001_NASA_PDS_1" ,
            "nameSpaceId": "msn_surface" ,
            "steward": "img" ,
            "versionId": "1.17" ,
            "description": "Specifies where the command that triggered acquisition of this data came from. This may be \"GROUND\" for ground commanding, or the name of a flight software module that initiated the request." ,
            "isNillable": "false" ,
            "isEnumerated": "false" ,
            "isDeprecated": "false" ,
            "dataType": "ASCII_Short_String_Collapsed" ,
            "dataTypeId": "0001_NASA_PDS_1.pds.ASCII_Short_String_Collapsed" ,
            "minimumCharacters": "1" ,
            "maximumCharacters": "255" ,
            "minimumValue": "Unbounded" ,
            "maximumValue": "Unbounded" ,
            "pattern": "null" ,
            "unitOfMeasure": "null" ,
            "unitOfMeasureId": "null" ,
            "unitId": "null" ,
            "defaultUnitId": "null"
          }
        }
      , {
          "attribute": {
            "identifier": "0001_NASA_PDS_1.msn_surface.Command_Execution.msn_surface.observation_id" ,
            "title": "observation_id" ,
            "registrationAuthorityId": "0001_NASA_PDS_1" ,
            "nameSpaceId": "msn_surface" ,
            "steward": "img" ,
            "versionId": "1.17" ,
            "description": "The observation_id specifies a unique identifier for a scientific observation within a data set." ,
            "isNillable": "true" ,
            "isEnumerated": "false" ,
            "isDeprecated": "false" ,
            "dataType": "ASCII_Short_String_Collapsed" ,
            "dataTypeId": "0001_NASA_PDS_1.pds.ASCII_Short_String_Collapsed" ,
            "minimumCharacters": "1" ,
            "maximumCharacters": "255" ,
            "minimumValue": "Unbounded" ,
            "maximumValue": "Unbounded" ,
            "pattern": "null" ,
            "unitOfMeasure": "null" ,
            "unitOfMeasureId": "null" ,
            "unitId": "null" ,
            "defaultUnitId": "null"
          }
        }
      , {
          "attribute": {
            "identifier": "0001_NASA_PDS_1.msn_surface.Command_Execution.msn_surface.request_id" ,
            "title": "request_id" ,
            "registrationAuthorityId": "0001_NASA_PDS_1" ,
            "nameSpaceId": "msn_surface" ,
            "steward": "img" ,
            "versionId": "1.17" ,
            "description": "The request_id is used to group related datasets together by science or engineering application or theme, such as frames in a mosaic." ,
            "isNillable": "true" ,
            "isEnumerated": "false" ,
            "isDeprecated": "false" ,
            "dataType": "ASCII_Short_String_Collapsed" ,
            "dataTypeId": "0001_NASA_PDS_1.pds.ASCII_Short_String_Collapsed" ,
            "minimumCharacters": "1" ,
            "maximumCharacters": "255" ,
            "minimumValue": "Unbounded" ,
            "maximumValue": "Unbounded" ,
            "pattern": "null" ,
            "unitOfMeasure": "null" ,
            "unitOfMeasureId": "null" ,
            "unitId": "null" ,
            "defaultUnitId": "null"
          }
        }
      , {
          "attribute": {
            "identifier": "0001_NASA_PDS_1.msn_surface.Command_Execution.msn_surface.rtt_version" ,
            "title": "rtt_version" ,
            "registrationAuthorityId": "0001_NASA_PDS_1" ,
            "nameSpaceId": "msn_surface" ,
            "steward": "img" ,
            "versionId": "1.17" ,
            "description": "Identifies the version of the Round-Trip Tracking (RTT) system used to create metadata in this observation" ,
            "isNillable": "false" ,
            "isEnumerated": "false" ,
            "isDeprecated": "false" ,
            "dataType": "ASCII_Short_String_Collapsed" ,
            "dataTypeId": "0001_NASA_PDS_1.pds.ASCII_Short_String_Collapsed" ,
            "minimumCharacters": "1" ,
            "maximumCharacters": "255" ,
            "minimumValue": "Unbounded" ,
            "maximumValue": "Unbounded" ,
            "pattern": "null" ,
            "unitOfMeasure": "null" ,
            "unitOfMeasureId": "null" ,
            "unitId": "null" ,
            "defaultUnitId": "null"
          }
        }
      , {
          "attribute": {
            "identifier": "0001_NASA_PDS_1.msn_surface.Command_Execution.msn_surface.sequence_execution_count" ,
            "title": "sequence_execution_count" ,
            "registrationAuthorityId": "0001_NASA_PDS_1" ,
            "nameSpaceId": "msn_surface" ,
            "steward": "img" ,
            "versionId": "1.17" ,
            "description": "The sequence_execution_count specifies how many times this sequence has executed since the last reset of the flight computer." ,
            "isNillable": "false" ,
            "isEnumerated": "false" ,
            "isDeprecated": "false" ,
            "dataType": "ASCII_NonNegative_Integer" ,
            "dataTypeId": "0001_NASA_PDS_1.pds.ASCII_NonNegative_Integer" ,
            "minimumCharacters": "Unbounded" ,
            "maximumCharacters": "Unbounded" ,
            "minimumValue": "0" ,
            "maximumValue": "18446744073709551615" ,
            "pattern": "[0-9]+" ,
            "unitOfMeasure": "null" ,
            "unitOfMeasureId": "null" ,
            "unitId": "null" ,
            "defaultUnitId": "null"
          }
        }
      , {
          "attribute": {
            "identifier": "0001_NASA_PDS_1.msn_surface.Command_Execution.msn_surface.sequence_id" ,
            "title": "sequence_id" ,
            "registrationAuthorityId": "0001_NASA_PDS_1" ,
            "nameSpaceId": "msn_surface" ,
            "steward": "img" ,
            "versionId": "1.17" ,
            "description": "The sequence_id identifies the command sequence used to acquire this product." ,
            "isNillable": "false" ,
            "isEnumerated": "false" ,
            "isDeprecated": "false" ,
            "dataType": "ASCII_Short_String_Collapsed" ,
            "dataTypeId": "0001_NASA_PDS_1.pds.ASCII_Short_String_Collapsed" ,
            "minimumCharacters": "1" ,
            "maximumCharacters": "255" ,
            "minimumValue": "Unbounded" ,
            "maximumValue": "Unbounded" ,
            "pattern": "null" ,
            "unitOfMeasure": "null" ,
            "unitOfMeasureId": "null" ,
            "unitId": "null" ,
            "defaultUnitId": "null"
          }
        }
      , {
          "attribute": {
            "identifier": "0001_NASA_PDS_1.msn_surface.Command_Execution.msn_surface.sequence_version_id" ,
            "title": "sequence_version_id" ,
            "registrationAuthorityId": "0001_NASA_PDS_1" ,
            "nameSpaceId": "msn_surface" ,
            "steward": "img" ,
            "versionId": "1.17" ,
            "description": "The sequence_version_id identifies which of potentially several versions of a sequence_id were used to acquire this product." ,
            "isNillable": "false" ,
            "isEnumerated": "false" ,
            "isDeprecated": "false" ,
            "dataType": "ASCII_Short_String_Collapsed" ,
            "dataTypeId": "0001_NASA_PDS_1.pds.ASCII_Short_String_Collapsed" ,
            "minimumCharacters": "1" ,
            "maximumCharacters": "255" ,
            "minimumValue": "Unbounded" ,
            "maximumValue": "Unbounded" ,
            "pattern": "null" ,
            "unitOfMeasure": "null" ,
            "unitOfMeasureId": "null" ,
            "unitId": "null" ,
            "defaultUnitId": "null"
          }
        }
      , {
          "attribute": {
            "identifier": "0001_NASA_PDS_1.msn_surface.Commanded_Parameters.msn_surface.download_priority" ,
            "title": "download_priority" ,
            "registrationAuthorityId": "0001_NASA_PDS_1" ,
            "nameSpaceId": "msn_surface" ,
            "steward": "img" ,
            "versionId": "1.17" ,
            "description": "The download_priority attribute specifies which data to downlink\/transmit, based on order of importance. The ranking and meaning of specific values will vary depending on the mission, and should be defined in the mission software interface specification (SIS)." ,
            "isNillable": "false" ,
            "isEnumerated": "false" ,
            "isDeprecated": "false" ,
            "dataType": "ASCII_NonNegative_Integer" ,
            "dataTypeId": "0001_NASA_PDS_1.pds.ASCII_NonNegative_Integer" ,
            "minimumCharacters": "Unbounded" ,
            "maximumCharacters": "Unbounded" ,
            "minimumValue": "0" ,
            "maximumValue": "18446744073709551615" ,
            "pattern": "[0-9]+" ,
            "unitOfMeasure": "null" ,
            "unitOfMeasureId": "null" ,
            "unitId": "null" ,
            "defaultUnitId": "null"
          }
        }
      , {
          "attribute": {
            "identifier": "0001_NASA_PDS_1.msn_surface.Observational_Intent.msn_surface.activity_id" ,
            "title": "activity_id" ,
            "registrationAuthorityId": "0001_NASA_PDS_1" ,
            "nameSpaceId": "msn_surface" ,
            "steward": "img" ,
            "versionId": "1.17" ,
            "description": "Identifier specifying the activity this observation is a part of." ,
            "isNillable": "false" ,
            "isEnumerated": "false" ,
            "isDeprecated": "false" ,
            "dataType": "ASCII_Short_String_Collapsed" ,
            "dataTypeId": "0001_NASA_PDS_1.pds.ASCII_Short_String_Collapsed" ,
            "minimumCharacters": "1" ,
            "maximumCharacters": "255" ,
            "minimumValue": "Unbounded" ,
            "maximumValue": "Unbounded" ,
            "pattern": "null" ,
            "unitOfMeasure": "null" ,
            "unitOfMeasureId": "null" ,
            "unitId": "null" ,
            "defaultUnitId": "null"
          }
        }
      , {
          "attribute": {
            "identifier": "0001_NASA_PDS_1.msn_surface.Observational_Intent.msn_surface.activity_notes" ,
            "title": "activity_notes" ,
            "registrationAuthorityId": "0001_NASA_PDS_1" ,
            "nameSpaceId": "msn_surface" ,
            "steward": "img" ,
            "versionId": "1.17" ,
            "description": "Provides additional notes regarding the activity." ,
            "isNillable": "false" ,
            "isEnumerated": "false" ,
            "isDeprecated": "false" ,
            "dataType": "ASCII_Text_Preserved" ,
            "dataTypeId": "0001_NASA_PDS_1.pds.ASCII_Text_Preserved" ,
            "minimumCharacters": "1" ,
            "maximumCharacters": "Unbounded" ,
            "minimumValue": "Unbounded" ,
            "maximumValue": "Unbounded" ,
            "pattern": "null" ,
            "unitOfMeasure": "null" ,
            "unitOfMeasureId": "null" ,
            "unitId": "null" ,
            "defaultUnitId": "null"
          }
        }
      , {
          "attribute": {
            "identifier": "0001_NASA_PDS_1.msn_surface.Observational_Intent.msn_surface.campaign" ,
            "title": "campaign" ,
            "registrationAuthorityId": "0001_NASA_PDS_1" ,
            "nameSpaceId": "msn_surface" ,
            "steward": "img" ,
            "versionId": "1.17" ,
            "description": "Identifies the long-term observational campaign of which this observation is a part." ,
            "isNillable": "false" ,
            "isEnumerated": "false" ,
            "isDeprecated": "false" ,
            "dataType": "ASCII_Text_Preserved" ,
            "dataTypeId": "0001_NASA_PDS_1.pds.ASCII_Text_Preserved" ,
            "minimumCharacters": "1" ,
            "maximumCharacters": "Unbounded" ,
            "minimumValue": "Unbounded" ,
            "maximumValue": "Unbounded" ,
            "pattern": "null" ,
            "unitOfMeasure": "null" ,
            "unitOfMeasureId": "null" ,
            "unitId": "null" ,
            "defaultUnitId": "null"
          }
        }
      , {
          "attribute": {
            "identifier": "0001_NASA_PDS_1.msn_surface.Observational_Intent.msn_surface.goal" ,
            "title": "goal" ,
            "registrationAuthorityId": "0001_NASA_PDS_1" ,
            "nameSpaceId": "msn_surface" ,
            "steward": "img" ,
            "versionId": "1.17" ,
            "description": "Identifies the goal of this observation." ,
            "isNillable": "false" ,
            "isEnumerated": "false" ,
            "isDeprecated": "false" ,
            "dataType": "ASCII_Text_Preserved" ,
            "dataTypeId": "0001_NASA_PDS_1.pds.ASCII_Text_Preserved" ,
            "minimumCharacters": "1" ,
            "maximumCharacters": "Unbounded" ,
            "minimumValue": "Unbounded" ,
            "maximumValue": "Unbounded" ,
            "pattern": "null" ,
            "unitOfMeasure": "null" ,
            "unitOfMeasureId": "null" ,
            "unitId": "null" ,
            "defaultUnitId": "null"
          }
        }
      , {
          "attribute": {
            "identifier": "0001_NASA_PDS_1.msn_surface.Observational_Intent.msn_surface.keyword" ,
            "title": "keyword" ,
            "registrationAuthorityId": "0001_NASA_PDS_1" ,
            "nameSpaceId": "msn_surface" ,
            "steward": "img" ,
            "versionId": "1.17" ,
            "description": "Identifies geological characteristics of a feature or target." ,
            "isNillable": "false" ,
            "isEnumerated": "false" ,
            "isDeprecated": "false" ,
            "dataType": "ASCII_Text_Preserved" ,
            "dataTypeId": "0001_NASA_PDS_1.pds.ASCII_Text_Preserved" ,
            "minimumCharacters": "1" ,
            "maximumCharacters": "Unbounded" ,
            "minimumValue": "Unbounded" ,
            "maximumValue": "Unbounded" ,
            "pattern": "null" ,
            "unitOfMeasure": "null" ,
            "unitOfMeasureId": "null" ,
            "unitId": "null" ,
            "defaultUnitId": "null"
          }
        }
      , {
          "attribute": {
            "identifier": "0001_NASA_PDS_1.msn_surface.Observational_Intent.msn_surface.target_id" ,
            "title": "target_id" ,
            "registrationAuthorityId": "0001_NASA_PDS_1" ,
            "nameSpaceId": "msn_surface" ,
            "steward": "img" ,
            "versionId": "1.17" ,
            "description": "Identifier specifying the name or identifier of the primary target this observation is observing. This is distinct from the pds:Target class in that pds:Target typically refers to a large entity such as a planet or satellite, whereas this keyword is intended to capture much finer target information, for example a rock name or even a specific location on a rock." ,
            "isNillable": "false" ,
            "isEnumerated": "false" ,
            "isDeprecated": "false" ,
            "dataType": "ASCII_Short_String_Collapsed" ,
            "dataTypeId": "0001_NASA_PDS_1.pds.ASCII_Short_String_Collapsed" ,
            "minimumCharacters": "1" ,
            "maximumCharacters": "255" ,
            "minimumValue": "Unbounded" ,
            "maximumValue": "Unbounded" ,
            "pattern": "null" ,
            "unitOfMeasure": "null" ,
            "unitOfMeasureId": "null" ,
            "unitId": "null" ,
            "defaultUnitId": "null"
          }
        }
      , {
          "attribute": {
            "identifier": "0001_NASA_PDS_1.msn_surface.Observational_Intent.msn_surface.task" ,
            "title": "task" ,
            "registrationAuthorityId": "0001_NASA_PDS_1" ,
            "nameSpaceId": "msn_surface" ,
            "steward": "img" ,
            "versionId": "1.17" ,
            "description": "Identifies the specific task for this observation." ,
            "isNillable": "false" ,
            "isEnumerated": "false" ,
            "isDeprecated": "false" ,
            "dataType": "ASCII_Text_Preserved" ,
            "dataTypeId": "0001_NASA_PDS_1.pds.ASCII_Text_Preserved" ,
            "minimumCharacters": "1" ,
            "maximumCharacters": "Unbounded" ,
            "minimumValue": "Unbounded" ,
            "maximumValue": "Unbounded" ,
            "pattern": "null" ,
            "unitOfMeasure": "null" ,
            "unitOfMeasureId": "null" ,
            "unitId": "null" ,
            "defaultUnitId": "null"
          }
        }
      , {
          "attribute": {
            "identifier": "0001_NASA_PDS_1.msn_surface.Surface_Mission_Information.msn_surface.surface_gravity" ,
            "title": "surface_gravity" ,
            "registrationAuthorityId": "0001_NASA_PDS_1" ,
            "nameSpaceId": "msn_surface" ,
            "steward": "img" ,
            "versionId": "1.17" ,
            "description": "The surface_gravity attribute specifies the acceleration of gravity (magnitude, not direction)." ,
            "isNillable": "false" ,
            "isEnumerated": "false" ,
            "isDeprecated": "false" ,
            "dataType": "ASCII_Real" ,
            "dataTypeId": "0001_NASA_PDS_1.pds.ASCII_Real" ,
            "minimumCharacters": "Unbounded" ,
            "maximumCharacters": "Unbounded" ,
            "minimumValue": "0.0" ,
            "maximumValue": "1.7976931348623157e308" ,
            "pattern": "null" ,
            "unitOfMeasure": "Units_of_Acceleration" ,
            "unitOfMeasureId": "0001_NASA_PDS_1.pds.Units_of_Acceleration" ,
            "unitId": "cm\/s**2, km\/s**2, m\/s**2" ,
            "defaultUnitId": "null"
          }
        }
      , {
          "attribute": {
            "identifier": "0001_NASA_PDS_1.msn_surface.Telemetry.msn_surface.application_id" ,
            "title": "application_id" ,
            "registrationAuthorityId": "0001_NASA_PDS_1" ,
            "nameSpaceId": "msn_surface" ,
            "steward": "img" ,
            "versionId": "1.17" ,
            "description": "The application_id (often abbreviated APID) attribute identifies the process, or source, which created the data. This can include information such as an identification of the instrument which generated the telemetry stream, its operating mode at the time of data acquisition, and any onboard compression of the data." ,
            "isNillable": "false" ,
            "isEnumerated": "false" ,
            "isDeprecated": "false" ,
            "dataType": "ASCII_NonNegative_Integer" ,
            "dataTypeId": "0001_NASA_PDS_1.pds.ASCII_NonNegative_Integer" ,
            "minimumCharacters": "Unbounded" ,
            "maximumCharacters": "Unbounded" ,
            "minimumValue": "0" ,
            "maximumValue": "18446744073709551615" ,
            "pattern": "[0-9]+" ,
            "unitOfMeasure": "null" ,
            "unitOfMeasureId": "null" ,
            "unitId": "null" ,
            "defaultUnitId": "null"
          }
        }
      , {
          "attribute": {
            "identifier": "0001_NASA_PDS_1.msn_surface.Telemetry.msn_surface.application_name" ,
            "title": "application_name" ,
            "registrationAuthorityId": "0001_NASA_PDS_1" ,
            "nameSpaceId": "msn_surface" ,
            "steward": "img" ,
            "versionId": "1.17" ,
            "description": "The application_name attribute provides the name associated with the source or process which created the data." ,
            "isNillable": "false" ,
            "isEnumerated": "false" ,
            "isDeprecated": "false" ,
            "dataType": "ASCII_Short_String_Collapsed" ,
            "dataTypeId": "0001_NASA_PDS_1.pds.ASCII_Short_String_Collapsed" ,
            "minimumCharacters": "1" ,
            "maximumCharacters": "255" ,
            "minimumValue": "Unbounded" ,
            "maximumValue": "Unbounded" ,
            "pattern": "null" ,
            "unitOfMeasure": "null" ,
            "unitOfMeasureId": "null" ,
            "unitId": "null" ,
            "defaultUnitId": "null"
          }
        }
      , {
          "attribute": {
            "identifier": "0001_NASA_PDS_1.msn_surface.Telemetry.msn_surface.application_subtype_id" ,
            "title": "application_subtype_id" ,
            "registrationAuthorityId": "0001_NASA_PDS_1" ,
            "nameSpaceId": "msn_surface" ,
            "steward": "img" ,
            "versionId": "1.17" ,
            "description": "The application_subtype_id attribute provides further distinction (i.e., greater specificity) among application_id types." ,
            "isNillable": "false" ,
            "isEnumerated": "false" ,
            "isDeprecated": "false" ,
            "dataType": "ASCII_Short_String_Collapsed" ,
            "dataTypeId": "0001_NASA_PDS_1.pds.ASCII_Short_String_Collapsed" ,
            "minimumCharacters": "1" ,
            "maximumCharacters": "255" ,
            "minimumValue": "Unbounded" ,
            "maximumValue": "Unbounded" ,
            "pattern": "null" ,
            "unitOfMeasure": "null" ,
            "unitOfMeasureId": "null" ,
            "unitId": "null" ,
            "defaultUnitId": "null"
          }
        }
      , {
          "attribute": {
            "identifier": "0001_NASA_PDS_1.msn_surface.Telemetry.msn_surface.auto_delete_flag" ,
            "title": "auto_delete_flag" ,
            "registrationAuthorityId": "0001_NASA_PDS_1" ,
            "nameSpaceId": "msn_surface" ,
            "steward": "img" ,
            "versionId": "1.17" ,
            "description": "Indicates if the product was to be automatically deleted onboard after it is transmitted." ,
            "isNillable": "false" ,
            "isEnumerated": "false" ,
            "isDeprecated": "false" ,
            "dataType": "ASCII_Boolean" ,
            "dataTypeId": "0001_NASA_PDS_1.pds.ASCII_Boolean" ,
            "minimumCharacters": "Unbounded" ,
            "maximumCharacters": "Unbounded" ,
            "minimumValue": "Unbounded" ,
            "maximumValue": "Unbounded" ,
            "pattern": "null" ,
            "unitOfMeasure": "null" ,
            "unitOfMeasureId": "null" ,
            "unitId": "null" ,
            "defaultUnitId": "null"
          }
        }
      , {
          "attribute": {
            "identifier": "0001_NASA_PDS_1.msn_surface.Telemetry.msn_surface.communication_session_id" ,
            "title": "communication_session_id" ,
            "registrationAuthorityId": "0001_NASA_PDS_1" ,
            "nameSpaceId": "msn_surface" ,
            "steward": "img" ,
            "versionId": "1.17" ,
            "description": "Identifies the communication session used to acquire this data." ,
            "isNillable": "false" ,
            "isEnumerated": "false" ,
            "isDeprecated": "false" ,
            "dataType": "ASCII_Short_String_Collapsed" ,
            "dataTypeId": "0001_NASA_PDS_1.pds.ASCII_Short_String_Collapsed" ,
            "minimumCharacters": "1" ,
            "maximumCharacters": "255" ,
            "minimumValue": "Unbounded" ,
            "maximumValue": "Unbounded" ,
            "pattern": "null" ,
            "unitOfMeasure": "null" ,
            "unitOfMeasureId": "null" ,
            "unitId": "null" ,
            "defaultUnitId": "null"
          }
        }
      , {
          "attribute": {
            "identifier": "0001_NASA_PDS_1.msn_surface.Telemetry.msn_surface.data_size" ,
            "title": "data_size" ,
            "registrationAuthorityId": "0001_NASA_PDS_1" ,
            "nameSpaceId": "msn_surface" ,
            "steward": "img" ,
            "versionId": "1.17" ,
            "description": "The data_size specifies number of bytes in the compressed data stream, not including headers." ,
            "isNillable": "false" ,
            "isEnumerated": "false" ,
            "isDeprecated": "false" ,
            "dataType": "ASCII_NonNegative_Integer" ,
            "dataTypeId": "0001_NASA_PDS_1.pds.ASCII_NonNegative_Integer" ,
            "minimumCharacters": "Unbounded" ,
            "maximumCharacters": "Unbounded" ,
            "minimumValue": "0" ,
            "maximumValue": "18446744073709551615" ,
            "pattern": "[0-9]+" ,
            "unitOfMeasure": "null" ,
            "unitOfMeasureId": "null" ,
            "unitId": "null" ,
            "defaultUnitId": "null"
          }
        }
      , {
          "attribute": {
            "identifier": "0001_NASA_PDS_1.msn_surface.Telemetry.msn_surface.download_priority" ,
            "title": "download_priority" ,
            "registrationAuthorityId": "0001_NASA_PDS_1" ,
            "nameSpaceId": "msn_surface" ,
            "steward": "img" ,
            "versionId": "1.17" ,
            "description": "The download_priority attribute specifies which data to downlink\/transmit, based on order of importance. The ranking and meaning of specific values will vary depending on the mission, and should be defined in the mission software interface specification (SIS)." ,
            "isNillable": "false" ,
            "isEnumerated": "false" ,
            "isDeprecated": "false" ,
            "dataType": "ASCII_NonNegative_Integer" ,
            "dataTypeId": "0001_NASA_PDS_1.pds.ASCII_NonNegative_Integer" ,
            "minimumCharacters": "Unbounded" ,
            "maximumCharacters": "Unbounded" ,
            "minimumValue": "0" ,
            "maximumValue": "18446744073709551615" ,
            "pattern": "[0-9]+" ,
            "unitOfMeasure": "null" ,
            "unitOfMeasureId": "null" ,
            "unitId": "null" ,
            "defaultUnitId": "null"
          }
        }
      , {
          "attribute": {
            "identifier": "0001_NASA_PDS_1.msn_surface.Telemetry.msn_surface.earth_received_start_date_time" ,
            "title": "earth_received_start_date_time" ,
            "registrationAuthorityId": "0001_NASA_PDS_1" ,
            "nameSpaceId": "msn_surface" ,
            "steward": "img" ,
            "versionId": "1.17" ,
            "description": "The earth_received_start_date_time attribute provides the earliest time at which any component telemetry data for a particular product was received." ,
            "isNillable": "false" ,
            "isEnumerated": "false" ,
            "isDeprecated": "false" ,
            "dataType": "ASCII_Date_Time_YMD_UTC" ,
            "dataTypeId": "0001_NASA_PDS_1.pds.ASCII_Date_Time_YMD_UTC" ,
            "minimumCharacters": "Unbounded" ,
            "maximumCharacters": "Unbounded" ,
            "minimumValue": "Unbounded" ,
            "maximumValue": "Unbounded" ,
            "pattern": "null" ,
            "unitOfMeasure": "null" ,
            "unitOfMeasureId": "null" ,
            "unitId": "null" ,
            "defaultUnitId": "null"
          }
        }
      , {
          "attribute": {
            "identifier": "0001_NASA_PDS_1.msn_surface.Telemetry.msn_surface.earth_received_stop_date_time" ,
            "title": "earth_received_stop_date_time" ,
            "registrationAuthorityId": "0001_NASA_PDS_1" ,
            "nameSpaceId": "msn_surface" ,
            "steward": "img" ,
            "versionId": "1.17" ,
            "description": "The earth_received_stop_date_time attribute provides the latest time at which any component telemetry data for a particular product was received." ,
            "isNillable": "false" ,
            "isEnumerated": "false" ,
            "isDeprecated": "false" ,
            "dataType": "ASCII_Date_Time_YMD_UTC" ,
            "dataTypeId": "0001_NASA_PDS_1.pds.ASCII_Date_Time_YMD_UTC" ,
            "minimumCharacters": "Unbounded" ,
            "maximumCharacters": "Unbounded" ,
            "minimumValue": "Unbounded" ,
            "maximumValue": "Unbounded" ,
            "pattern": "null" ,
            "unitOfMeasure": "null" ,
            "unitOfMeasureId": "null" ,
            "unitId": "null" ,
            "defaultUnitId": "null"
          }
        }
      , {
          "attribute": {
            "identifier": "0001_NASA_PDS_1.msn_surface.Telemetry.msn_surface.expected_packets" ,
            "title": "expected_packets" ,
            "registrationAuthorityId": "0001_NASA_PDS_1" ,
            "nameSpaceId": "msn_surface" ,
            "steward": "img" ,
            "versionId": "1.17" ,
            "description": "The expected_packets attribute provides the total number of telemetry packets which constitute a complete data product, i.e., a data product without missing data." ,
            "isNillable": "false" ,
            "isEnumerated": "false" ,
            "isDeprecated": "false" ,
            "dataType": "ASCII_NonNegative_Integer" ,
            "dataTypeId": "0001_NASA_PDS_1.pds.ASCII_NonNegative_Integer" ,
            "minimumCharacters": "Unbounded" ,
            "maximumCharacters": "Unbounded" ,
            "minimumValue": "0" ,
            "maximumValue": "18446744073709551615" ,
            "pattern": "[0-9]+" ,
            "unitOfMeasure": "null" ,
            "unitOfMeasureId": "null" ,
            "unitId": "null" ,
            "defaultUnitId": "null"
          }
        }
      , {
          "attribute": {
            "identifier": "0001_NASA_PDS_1.msn_surface.Telemetry.msn_surface.expected_transmission_path" ,
            "title": "expected_transmission_path" ,
            "registrationAuthorityId": "0001_NASA_PDS_1" ,
            "nameSpaceId": "msn_surface" ,
            "steward": "img" ,
            "versionId": "1.17" ,
            "description": "Specifies the planned transmission path (route) for the telemetry data. See also transmission_path and communication_session_id." ,
            "isNillable": "false" ,
            "isEnumerated": "false" ,
            "isDeprecated": "false" ,
            "dataType": "ASCII_Short_String_Collapsed" ,
            "dataTypeId": "0001_NASA_PDS_1.pds.ASCII_Short_String_Collapsed" ,
            "minimumCharacters": "1" ,
            "maximumCharacters": "255" ,
            "minimumValue": "Unbounded" ,
            "maximumValue": "Unbounded" ,
            "pattern": "null" ,
            "unitOfMeasure": "null" ,
            "unitOfMeasureId": "null" ,
            "unitId": "null" ,
            "defaultUnitId": "null"
          }
        }
      , {
          "attribute": {
            "identifier": "0001_NASA_PDS_1.msn_surface.Telemetry.msn_surface.flight_software_mode" ,
            "title": "flight_software_mode" ,
            "registrationAuthorityId": "0001_NASA_PDS_1" ,
            "nameSpaceId": "msn_surface" ,
            "steward": "img" ,
            "versionId": "1.17" ,
            "description": "Specifies the active flight software mode at the time of data product creation. Interpretation of specific modes is mission-dependent." ,
            "isNillable": "false" ,
            "isEnumerated": "false" ,
            "isDeprecated": "false" ,
            "dataType": "ASCII_Short_String_Collapsed" ,
            "dataTypeId": "0001_NASA_PDS_1.pds.ASCII_Short_String_Collapsed" ,
            "minimumCharacters": "1" ,
            "maximumCharacters": "255" ,
            "minimumValue": "Unbounded" ,
            "maximumValue": "Unbounded" ,
            "pattern": "null" ,
            "unitOfMeasure": "null" ,
            "unitOfMeasureId": "null" ,
            "unitId": "null" ,
            "defaultUnitId": "null"
          }
        }
      , {
          "attribute": {
            "identifier": "0001_NASA_PDS_1.msn_surface.Telemetry.msn_surface.flight_software_version_id" ,
            "title": "flight_software_version_id" ,
            "registrationAuthorityId": "0001_NASA_PDS_1" ,
            "nameSpaceId": "msn_surface" ,
            "steward": "img" ,
            "versionId": "1.17" ,
            "description": "The flight_software_version_id attribute identifies the version of the instrument flight software used to acquire the image." ,
            "isNillable": "false" ,
            "isEnumerated": "false" ,
            "isDeprecated": "false" ,
            "dataType": "ASCII_Short_String_Collapsed" ,
            "dataTypeId": "0001_NASA_PDS_1.pds.ASCII_Short_String_Collapsed" ,
            "minimumCharacters": "1" ,
            "maximumCharacters": "255" ,
            "minimumValue": "Unbounded" ,
            "maximumValue": "Unbounded" ,
            "pattern": "null" ,
            "unitOfMeasure": "null" ,
            "unitOfMeasureId": "null" ,
            "unitId": "null" ,
            "defaultUnitId": "null"
          }
        }
      , {
          "attribute": {
            "identifier": "0001_NASA_PDS_1.msn_surface.Telemetry.msn_surface.product_completion_status" ,
            "title": "product_completion_status" ,
            "registrationAuthorityId": "0001_NASA_PDS_1" ,
            "nameSpaceId": "msn_surface" ,
            "steward": "img" ,
            "versionId": "1.17" ,
            "description": "The product_completion_status attribute indicates whether or not a product is complete or is in one of a number of incomplete states. Sample values might indicate that all portions of the product have been downlinked and received correctly, that all portions have not yet been received, or that the product contains transmission errors. The specific values are mission-dependent." ,
            "isNillable": "false" ,
            "isEnumerated": "false" ,
            "isDeprecated": "false" ,
            "dataType": "ASCII_Short_String_Collapsed" ,
            "dataTypeId": "0001_NASA_PDS_1.pds.ASCII_Short_String_Collapsed" ,
            "minimumCharacters": "1" ,
            "maximumCharacters": "255" ,
            "minimumValue": "Unbounded" ,
            "maximumValue": "Unbounded" ,
            "pattern": "null" ,
            "unitOfMeasure": "null" ,
            "unitOfMeasureId": "null" ,
            "unitId": "null" ,
            "defaultUnitId": "null"
          , "PermissibleValueList": [
              {"PermissibleValue": {
                  "value": "COMPLETE" ,
                  "valueMeaning": "complete downlinked product" ,
                  "isDeprecated": "false"
                }
             }
            , {"PermissibleValue": {
                  "value": "PARTIAL" ,
                  "valueMeaning": "partially downlinked product" ,
                  "isDeprecated": "false"
                }
             }
           ]
          }
        }
      , {
          "attribute": {
            "identifier": "0001_NASA_PDS_1.msn_surface.Telemetry.msn_surface.provider_id" ,
            "title": "provider_id" ,
            "registrationAuthorityId": "0001_NASA_PDS_1" ,
            "nameSpaceId": "msn_surface" ,
            "steward": "img" ,
            "versionId": "1.17" ,
            "description": "The provider_id attribute identifies the organization or subsystem that supplied the telemetry data product to the producer of the raw (EDR) PDS data product. This is typically (but not always) the organization responsible for reassembling packetized data into a single product. These may vary by mission so the permissible values should be set by the mission dictionaries. " ,
            "isNillable": "false" ,
            "isEnumerated": "false" ,
            "isDeprecated": "false" ,
            "dataType": "ASCII_Short_String_Collapsed" ,
            "dataTypeId": "0001_NASA_PDS_1.pds.ASCII_Short_String_Collapsed" ,
            "minimumCharacters": "1" ,
            "maximumCharacters": "255" ,
            "minimumValue": "Unbounded" ,
            "maximumValue": "Unbounded" ,
            "pattern": "null" ,
            "unitOfMeasure": "null" ,
            "unitOfMeasureId": "null" ,
            "unitId": "null" ,
            "defaultUnitId": "null"
          }
        }
      , {
          "attribute": {
            "identifier": "0001_NASA_PDS_1.msn_surface.Telemetry.msn_surface.received_packets" ,
            "title": "received_packets" ,
            "registrationAuthorityId": "0001_NASA_PDS_1" ,
            "nameSpaceId": "msn_surface" ,
            "steward": "img" ,
            "versionId": "1.17" ,
            "description": "The received_packets attribute provides the total number of telemetry packets actually used to construct this data product. cf. expected_packets." ,
            "isNillable": "false" ,
            "isEnumerated": "false" ,
            "isDeprecated": "false" ,
            "dataType": "ASCII_NonNegative_Integer" ,
            "dataTypeId": "0001_NASA_PDS_1.pds.ASCII_NonNegative_Integer" ,
            "minimumCharacters": "Unbounded" ,
            "maximumCharacters": "Unbounded" ,
            "minimumValue": "0" ,
            "maximumValue": "18446744073709551615" ,
            "pattern": "[0-9]+" ,
            "unitOfMeasure": "null" ,
            "unitOfMeasureId": "null" ,
            "unitId": "null" ,
            "defaultUnitId": "null"
          }
        }
      , {
          "attribute": {
            "identifier": "0001_NASA_PDS_1.msn_surface.Telemetry.msn_surface.telemetry_alternate_name" ,
            "title": "telemetry_alternate_name" ,
            "registrationAuthorityId": "0001_NASA_PDS_1" ,
            "nameSpaceId": "msn_surface" ,
            "steward": "img" ,
            "versionId": "1.17" ,
            "description": "The telemetry_alternate_name is similar to telemetry_source_name but specifies an alternate name that may be used to additionally identify the source of the telemetry data in the parent class." ,
            "isNillable": "false" ,
            "isEnumerated": "false" ,
            "isDeprecated": "false" ,
            "dataType": "ASCII_Short_String_Collapsed" ,
            "dataTypeId": "0001_NASA_PDS_1.pds.ASCII_Short_String_Collapsed" ,
            "minimumCharacters": "1" ,
            "maximumCharacters": "255" ,
            "minimumValue": "Unbounded" ,
            "maximumValue": "Unbounded" ,
            "pattern": "null" ,
            "unitOfMeasure": "null" ,
            "unitOfMeasureId": "null" ,
            "unitId": "null" ,
            "defaultUnitId": "null"
          }
        }
      , {
          "attribute": {
            "identifier": "0001_NASA_PDS_1.msn_surface.Telemetry.msn_surface.telemetry_source_checksum" ,
            "title": "telemetry_source_checksum" ,
            "registrationAuthorityId": "0001_NASA_PDS_1" ,
            "nameSpaceId": "msn_surface" ,
            "steward": "img" ,
            "versionId": "1.17" ,
            "description": "Specifies the checksum for the telemetry stream from which this product was derived." ,
            "isNillable": "false" ,
            "isEnumerated": "false" ,
            "isDeprecated": "false" ,
            "dataType": "ASCII_Integer" ,
            "dataTypeId": "0001_NASA_PDS_1.pds.ASCII_Integer" ,
            "minimumCharacters": "Unbounded" ,
            "maximumCharacters": "Unbounded" ,
            "minimumValue": "-9223372036854775808" ,
            "maximumValue": "9223372036854775807" ,
            "pattern": "null" ,
            "unitOfMeasure": "null" ,
            "unitOfMeasureId": "null" ,
            "unitId": "null" ,
            "defaultUnitId": "null"
          }
        }
      , {
          "attribute": {
            "identifier": "0001_NASA_PDS_1.msn_surface.Telemetry.msn_surface.telemetry_source_host_name" ,
            "title": "telemetry_source_host_name" ,
            "registrationAuthorityId": "0001_NASA_PDS_1" ,
            "nameSpaceId": "msn_surface" ,
            "steward": "img" ,
            "versionId": "1.17" ,
            "description": "Specifies the name of the host venue that provided the telemetry source data used in the creation of this data set." ,
            "isNillable": "false" ,
            "isEnumerated": "false" ,
            "isDeprecated": "false" ,
            "dataType": "ASCII_Short_String_Collapsed" ,
            "dataTypeId": "0001_NASA_PDS_1.pds.ASCII_Short_String_Collapsed" ,
            "minimumCharacters": "1" ,
            "maximumCharacters": "255" ,
            "minimumValue": "Unbounded" ,
            "maximumValue": "Unbounded" ,
            "pattern": "null" ,
            "unitOfMeasure": "null" ,
            "unitOfMeasureId": "null" ,
            "unitId": "null" ,
            "defaultUnitId": "null"
          }
        }
      , {
          "attribute": {
            "identifier": "0001_NASA_PDS_1.msn_surface.Telemetry.msn_surface.telemetry_source_name" ,
            "title": "telemetry_source_name" ,
            "registrationAuthorityId": "0001_NASA_PDS_1" ,
            "nameSpaceId": "msn_surface" ,
            "steward": "img" ,
            "versionId": "1.17" ,
            "description": "The telemetry_source_name specifies the name source of the telemetry data described in the parent class." ,
            "isNillable": "false" ,
            "isEnumerated": "false" ,
            "isDeprecated": "false" ,
            "dataType": "ASCII_Short_String_Collapsed" ,
            "dataTypeId": "0001_NASA_PDS_1.pds.ASCII_Short_String_Collapsed" ,
            "minimumCharacters": "1" ,
            "maximumCharacters": "255" ,
            "minimumValue": "Unbounded" ,
            "maximumValue": "Unbounded" ,
            "pattern": "null" ,
            "unitOfMeasure": "null" ,
            "unitOfMeasureId": "null" ,
            "unitId": "null" ,
            "defaultUnitId": "null"
          }
        }
      , {
          "attribute": {
            "identifier": "0001_NASA_PDS_1.msn_surface.Telemetry.msn_surface.telemetry_source_sclk_start" ,
            "title": "telemetry_source_sclk_start" ,
            "registrationAuthorityId": "0001_NASA_PDS_1" ,
            "nameSpaceId": "msn_surface" ,
            "steward": "img" ,
            "versionId": "1.17" ,
            "description": "The telemetry_source_sclk_start attribute specifies the value of the spacecraft clock (in seconds) at the creation time of the source product from which this product was derived." ,
            "isNillable": "false" ,
            "isEnumerated": "false" ,
            "isDeprecated": "false" ,
            "dataType": "ASCII_Short_String_Collapsed" ,
            "dataTypeId": "0001_NASA_PDS_1.pds.ASCII_Short_String_Collapsed" ,
            "minimumCharacters": "1" ,
            "maximumCharacters": "255" ,
            "minimumValue": "Unbounded" ,
            "maximumValue": "Unbounded" ,
            "pattern": "null" ,
            "unitOfMeasure": "null" ,
            "unitOfMeasureId": "null" ,
            "unitId": "null" ,
            "defaultUnitId": "null"
          }
        }
      , {
          "attribute": {
            "identifier": "0001_NASA_PDS_1.msn_surface.Telemetry.msn_surface.telemetry_source_size" ,
            "title": "telemetry_source_size" ,
            "registrationAuthorityId": "0001_NASA_PDS_1" ,
            "nameSpaceId": "msn_surface" ,
            "steward": "img" ,
            "versionId": "1.17" ,
            "description": "Specifies the length in bytes of the telemetry stream from which this product was derived." ,
            "isNillable": "false" ,
            "isEnumerated": "false" ,
            "isDeprecated": "false" ,
            "dataType": "ASCII_Integer" ,
            "dataTypeId": "0001_NASA_PDS_1.pds.ASCII_Integer" ,
            "minimumCharacters": "Unbounded" ,
            "maximumCharacters": "Unbounded" ,
            "minimumValue": "-9223372036854775808" ,
            "maximumValue": "9223372036854775807" ,
            "pattern": "null" ,
            "unitOfMeasure": "null" ,
            "unitOfMeasureId": "null" ,
            "unitId": "null" ,
            "defaultUnitId": "null"
          }
        }
      , {
          "attribute": {
            "identifier": "0001_NASA_PDS_1.msn_surface.Telemetry.msn_surface.telemetry_source_start_time" ,
            "title": "telemetry_source_start_time" ,
            "registrationAuthorityId": "0001_NASA_PDS_1" ,
            "nameSpaceId": "msn_surface" ,
            "steward": "img" ,
            "versionId": "1.17" ,
            "description": "The telemetry_source_start_time specifies the creation time of the source product from which this product was derived. It is the same as the telemetry_source_sclk_start converted to Spacecraft Event Time (SCET)." ,
            "isNillable": "false" ,
            "isEnumerated": "false" ,
            "isDeprecated": "false" ,
            "dataType": "ASCII_Date_Time_DOY_UTC" ,
            "dataTypeId": "0001_NASA_PDS_1.pds.ASCII_Date_Time_DOY_UTC" ,
            "minimumCharacters": "Unbounded" ,
            "maximumCharacters": "Unbounded" ,
            "minimumValue": "Unbounded" ,
            "maximumValue": "Unbounded" ,
            "pattern": "null" ,
            "unitOfMeasure": "null" ,
            "unitOfMeasureId": "null" ,
            "unitId": "null" ,
            "defaultUnitId": "null"
          }
        }
      , {
          "attribute": {
            "identifier": "0001_NASA_PDS_1.msn_surface.Telemetry.msn_surface.transmission_path" ,
            "title": "transmission_path" ,
            "registrationAuthorityId": "0001_NASA_PDS_1" ,
            "nameSpaceId": "msn_surface" ,
            "steward": "img" ,
            "versionId": "1.17" ,
            "description": "Indicates the actual transmission path (route) for the telemetry data. See also expected_transmission_path and communication_session_id." ,
            "isNillable": "false" ,
            "isEnumerated": "false" ,
            "isDeprecated": "false" ,
            "dataType": "ASCII_Short_String_Collapsed" ,
            "dataTypeId": "0001_NASA_PDS_1.pds.ASCII_Short_String_Collapsed" ,
            "minimumCharacters": "1" ,
            "maximumCharacters": "255" ,
            "minimumValue": "Unbounded" ,
            "maximumValue": "Unbounded" ,
            "pattern": "null" ,
            "unitOfMeasure": "null" ,
            "unitOfMeasureId": "null" ,
            "unitId": "null" ,
            "defaultUnitId": "null"
          }
        }
      , {
          "attribute": {
            "identifier": "0001_NASA_PDS_1.msn_surface.Telemetry.msn_surface.transport_protocol" ,
            "title": "transport_protocol" ,
            "registrationAuthorityId": "0001_NASA_PDS_1" ,
            "nameSpaceId": "msn_surface" ,
            "steward": "img" ,
            "versionId": "1.17" ,
            "description": "The transport_protocol attribute specifies the protocol used in the creation of the telemetry data products by the subsystem which generates the telemetry stream. " ,
            "isNillable": "false" ,
            "isEnumerated": "true" ,
            "isDeprecated": "false" ,
            "dataType": "ASCII_Short_String_Collapsed" ,
            "dataTypeId": "0001_NASA_PDS_1.pds.ASCII_Short_String_Collapsed" ,
            "minimumCharacters": "1" ,
            "maximumCharacters": "255" ,
            "minimumValue": "Unbounded" ,
            "maximumValue": "Unbounded" ,
            "pattern": "null" ,
            "unitOfMeasure": "null" ,
            "unitOfMeasureId": "null" ,
            "unitId": "null" ,
            "defaultUnitId": "null"
          , "PermissibleValueList": [
              {"PermissibleValue": {
                  "value": "Data Product" ,
                  "valueMeaning": "A complete file of raw telemetry as delivered from the spacecraft to the ground." ,
                  "isDeprecated": "false"
                }
             }
            , {"PermissibleValue": {
                  "value": "SFDU" ,
                  "valueMeaning": "Standard Formatted Data Unit" ,
                  "isDeprecated": "false"
                }
             }
            , {"PermissibleValue": {
                  "value": "Team-generated Image" ,
                  "valueMeaning": "Image delivered from instrument team with no indication of what the actual protocol was." ,
                  "isDeprecated": "false"
                }
             }
           ]
          }
        }
      , {
          "attribute": {
            "identifier": "0001_NASA_PDS_1.msn_surface.Telemetry.msn_surface.virtual_channel_id" ,
            "title": "virtual_channel_id" ,
            "registrationAuthorityId": "0001_NASA_PDS_1" ,
            "nameSpaceId": "msn_surface" ,
            "steward": "img" ,
            "versionId": "1.17" ,
            "description": "Specifies the type of data flowing in the telemetry virtual channel." ,
            "isNillable": "false" ,
            "isEnumerated": "false" ,
            "isDeprecated": "false" ,
            "dataType": "ASCII_Integer" ,
            "dataTypeId": "0001_NASA_PDS_1.pds.ASCII_Integer" ,
            "minimumCharacters": "Unbounded" ,
            "maximumCharacters": "Unbounded" ,
            "minimumValue": "-9223372036854775808" ,
            "maximumValue": "9223372036854775807" ,
            "pattern": "null" ,
            "unitOfMeasure": "null" ,
            "unitOfMeasureId": "null" ,
            "unitId": "null" ,
            "defaultUnitId": "null"
          }
        }
      ]
    }
  }
]
