<?xml version="1.0" encoding="UTF-8"?>
<?xml-model
    href="https://pds.nasa.gov/pds4/pds/v1/PDS4_PDS_1I00.sch"
    schematypens="http://purl.oclc.org/dsdl/schematron"?>

<Ingest_LDD xmlns="http://pds.nasa.gov/pds4/pds/v1" xmlns:xsi="http://www.w3.org/2001/XMLSchema-instance" xsi:schemaLocation="http://pds.nasa.gov/pds4/pds/v1 https://pds.nasa.gov/pds4/pds/v1/PDS4_PDS_1I00.xsd">
    
    <name>Processing_Information</name>
    <ldd_version_id>1.3.0.0</ldd_version_id>
    <dictionary_type>Discipline</dictionary_type>
    <full_name>Ron Joyner</full_name>
    <steward_id>en</steward_id>
    <namespace_id>proc</namespace_id>
    <comment> The Processing_Information dictionary contains detailed information regarding the history 
        of processing performed on data product(s) in order to produce the current product.
                
        ## CHANGE LOG ##
        1.2.0.0, T.Hare
        - upgraded to v1.13.0.0 of the IM
        - Allow Software to be many (unbounded) to allow for many applictions to be listed for one process.
    
        1.2.1.0 T.Hare
        - update for 1.E.0.0 and 1.F.0.0 and new github C.I. environment
        - Changed all class local_identifier to identifier_reference per v1900 IM update
        
        1.3.0.0 J.Padams
        - Update to 1.18.0.0
        - Removed commented out classes/attributes
        - For all attributes, `unit_of_measure_type` removed for "Units_of_None"
        - Fixed "pprocess" typo
        - Fixed `program_stop_date_time` description to `program_start_date_time`
        - `parameter_type` set `enumeration_flag` to `true`
        - Reworded `Software` description
        - Removed child checking DD_Rules
        - Added new rules for reference_type and internal_reference_type checks
    
    </comment>
    <last_modification_date_time>2022-06-08T20:00:00Z</last_modification_date_time>
    
    <!-- Attributes START -->

    <DD_Attribute>
        <name>process_owner_name</name>
        <version_id>1.0</version_id>
        <local_identifier>process_owner_name</local_identifier>
        <nillable_flag>false</nillable_flag>
        <submitter_name>Jordan Padams</submitter_name>
        <definition>The process_owner_name attribute specifies the name of the person or organization that owns the software process.</definition>
        <DD_Value_Domain>
            <enumeration_flag>false</enumeration_flag>
            <value_data_type>ASCII_Short_String_Collapsed</value_data_type>
        </DD_Value_Domain>
    </DD_Attribute>
    
    <DD_Attribute>
        <name>process_owner_institution_name</name>
        <version_id>1.0</version_id>
        <local_identifier>process_owner_institution_name</local_identifier>
        <nillable_flag>false</nillable_flag>
        <submitter_name>Jordan Padams</submitter_name>
        <definition>The process_owner_institution_name attribute specifies the name of the institution that owns the software process.</definition>
        <DD_Value_Domain>
            <enumeration_flag>false</enumeration_flag>
            <value_data_type>ASCII_Short_String_Collapsed</value_data_type>
        </DD_Value_Domain>
    </DD_Attribute>

    <DD_Attribute>
        <name>program_type_name</name>
        <version_id>1.0</version_id>
        <local_identifier>program_type_name</local_identifier>
        <nillable_flag>false</nillable_flag>
        <submitter_name>Jordan Padams</submitter_name>
        <definition>The program_type_name attribute specifies the type of software program used for this software processing. Some examples include: VICAR, ISIS, GDAL.</definition>
        <DD_Value_Domain>
            <enumeration_flag>false</enumeration_flag>
            <value_data_type>ASCII_Short_String_Collapsed</value_data_type>
        </DD_Value_Domain>
    </DD_Attribute>
    
    <DD_Attribute>
        <name>program_user</name>
        <version_id>1.0</version_id>
        <local_identifier>program_user</local_identifier>
        <nillable_flag>false</nillable_flag>
        <submitter_name>Jordan Padams</submitter_name>
        <definition>The program_user attribute specifies the username of the person responsible for running the software prgoram.</definition>
        <DD_Value_Domain>
            <enumeration_flag>false</enumeration_flag>
            <value_data_type>ASCII_Short_String_Collapsed</value_data_type>
        </DD_Value_Domain>
    </DD_Attribute>
    
    <DD_Attribute>
        <name>program_hostname</name>
        <version_id>1.0</version_id>
        <local_identifier>program_hostname</local_identifier>
        <nillable_flag>false</nillable_flag>
        <submitter_name>Jordan Padams</submitter_name>
        <definition>The program_hostname attribute specifies the machine hostname where the software program was executed.</definition>
        <DD_Value_Domain>
            <enumeration_flag>false</enumeration_flag>
            <value_data_type>ASCII_Short_String_Collapsed</value_data_type>
        </DD_Value_Domain>
    </DD_Attribute>
    
    <DD_Attribute>
        <name>program_path</name>
        <version_id>1.0</version_id>
        <local_identifier>program_path</local_identifier>
        <nillable_flag>false</nillable_flag>
        <submitter_name>Jordan Padams</submitter_name>
        <definition>The program_path attribute specifies the file path to the software program. This path can be absolute or relative depending on the desired usage.</definition>
        <DD_Value_Domain>
            <enumeration_flag>false</enumeration_flag>
            <value_data_type>ASCII_Short_String_Collapsed</value_data_type>
        </DD_Value_Domain>
    </DD_Attribute>
    
    <DD_Attribute>
        <name>program_version</name>
        <version_id>1.0</version_id>
        <local_identifier>program_version</local_identifier>
        <nillable_flag>false</nillable_flag>
        <submitter_name>Jordan Padams</submitter_name>
        <definition>The program_version attribute specifies the version of the software program.</definition>
        <DD_Value_Domain>
            <enumeration_flag>false</enumeration_flag>
            <value_data_type>ASCII_Short_String_Collapsed</value_data_type>
        </DD_Value_Domain>
    </DD_Attribute>

    <DD_Attribute>
        <name>program_start_date_time</name>
        <version_id>1.0</version_id>
        <local_identifier>program_start_date_time</local_identifier>
        <nillable_flag>false</nillable_flag>
        <submitter_name>Jordan Padams</submitter_name>
        <definition>The program_start_date_time specifies the datetime for the start of the software program execution.</definition>
        <DD_Value_Domain>
            <enumeration_flag>false</enumeration_flag>
            <value_data_type>ASCII_Date_Time_YMD_UTC</value_data_type>
        </DD_Value_Domain>
    </DD_Attribute>
    
    <DD_Attribute>
        <name>program_stop_date_time</name>
        <version_id>1.0</version_id>
        <local_identifier>program_stop_date_time</local_identifier>
        <nillable_flag>false</nillable_flag>
        <submitter_name>Jordan Padams</submitter_name>
        <definition>The program_stop_date_time attribute specifies the datetime for the end of the software program execution.</definition>
        <DD_Value_Domain>
            <enumeration_flag>false</enumeration_flag>
            <value_data_type>ASCII_Date_Time_YMD_UTC</value_data_type>
        </DD_Value_Domain>
    </DD_Attribute>
    
    <DD_Attribute>
        <name>parameter_type</name>
        <version_id>1.0</version_id>
        <local_identifier>parameter_type</local_identifier>
        <nillable_flag>false</nillable_flag>
        <submitter_name>Jordan Padams</submitter_name>
        <definition>The parameter_type attribute specifies the type of software parameter. Valid values: 'Input' - this parameter specifies input data, 'Output' - this parameter specifies output data, 'Log' - this parameter specifies log data</definition>
        <DD_Value_Domain>
            <enumeration_flag>true</enumeration_flag>
            <value_data_type>ASCII_Short_String_Collapsed</value_data_type>
            <DD_Permissible_Value>
                <value>Input</value>
                <value_meaning>this parameter specifies input data</value_meaning>
            </DD_Permissible_Value>
            <DD_Permissible_Value>
                <value>Output</value>
                <value_meaning>this parameter specifies output data</value_meaning>
            </DD_Permissible_Value>
            <DD_Permissible_Value>
                <value>Log</value>
                <value_meaning>this parameter specifies log data</value_meaning>
            </DD_Permissible_Value>
        </DD_Value_Domain>
    </DD_Attribute>

    <!-- Attributes END -->
    
    
    <!-- Classes START    -->
    
    <DD_Class>
        <name>Processing_Information</name>
        <version_id>1.0</version_id>
        <local_identifier>Processing_Information</local_identifier>
        <submitter_name>Jordan Padams</submitter_name>
        <definition>The Processing_Information class contains detailed information regarding the history of processing of the data product(s) described in the label. Information that can be specified 
        using this class includes input products used to create a specific data product and the software and processes used to produce that product.</definition>
        <element_flag>true</element_flag>
        <DD_Association>
            <identifier_reference>pds.Local_Internal_Reference</identifier_reference>
            <reference_type>component_of</reference_type>
            <minimum_occurrences>1</minimum_occurrences>
            <maximum_occurrences>1</maximum_occurrences>
        </DD_Association>
        <DD_Association>
            <identifier_reference>XSChoice#</identifier_reference>
            <identifier_reference>Input_Product_List</identifier_reference>
            <identifier_reference>Process</identifier_reference>
            <reference_type>component_of</reference_type>
            <minimum_occurrences>1</minimum_occurrences>
            <maximum_occurrences>*</maximum_occurrences>
        </DD_Association>
    </DD_Class>
    
    <DD_Class>
        <name>Input_Product_List</name>
        <version_id>1.0</version_id>
        <local_identifier>Input_Product_List</local_identifier>
        <submitter_name>Jordan Padams</submitter_name>
        <definition>The Input_Product_List class describes all of the product(s) most directly used as input to software for product creation,
            including raw, partially-processed, calibrated, or derived products. These Input Products can be explicitly described in this label 
            using the Input_Product class, and/or a list of products can be specified 
            in another product referenced by the Internal_Reference or Local_Internal_Reference.</definition>
        <DD_Association>
            <identifier_reference>XSChoice#</identifier_reference>
            <identifier_reference>pds.Internal_Reference</identifier_reference>
            <identifier_reference>pds.Local_Internal_Reference</identifier_reference>
            <identifier_reference>Input_Product</identifier_reference>
            <reference_type>component_of</reference_type>
            <minimum_occurrences>1</minimum_occurrences>
            <maximum_occurrences>*</maximum_occurrences>
        </DD_Association>
    </DD_Class>
    
    <DD_Class>
        <name>Input_Product</name>
        <version_id>1.0</version_id>
        <local_identifier>Input_Product</local_identifier>
        <submitter_name>Jordan Padams</submitter_name>
        <definition>The Input_Product class describes one of the product most directly used as input to software for product creation,
            including raw, partially-processed, calibrated, or derived products.</definition>
        <DD_Association>
            <identifier_reference>pds.local_identifier</identifier_reference>
            <reference_type>attribute_of</reference_type>
            <minimum_occurrences>0</minimum_occurrences>
            <maximum_occurrences>*</maximum_occurrences>
        </DD_Association>
        <DD_Association>
            <identifier_reference>XSChoice#</identifier_reference>
            <identifier_reference>pds.Internal_Reference</identifier_reference>
            <identifier_reference>pds.Local_Internal_Reference</identifier_reference>
            <identifier_reference>pds.External_Reference</identifier_reference>
            <reference_type>component_of</reference_type>
            <minimum_occurrences>1</minimum_occurrences>
            <maximum_occurrences>1</maximum_occurrences>
        </DD_Association>
    </DD_Class>
    
    <DD_Class>
        <name>Process</name>
        <version_id>1.0</version_id>
        <local_identifier>Process</local_identifier>
        <submitter_name>Jordan Padams</submitter_name>
        <definition>The Process class describes one of the software processes used to produce the data product referenced in the parent Processing_Information class. This class includes descriptions of 
        the process owner as well as the data processing software used to create the data product.</definition>
        <DD_Association>
            <identifier_reference>pds.name</identifier_reference>
            <reference_type>attribute_of</reference_type>
            <minimum_occurrences>0</minimum_occurrences>
            <maximum_occurrences>1</maximum_occurrences>
        </DD_Association>
        <DD_Association>
            <identifier_reference>pds.description</identifier_reference>
            <reference_type>attribute_of</reference_type>
            <minimum_occurrences>0</minimum_occurrences>
            <maximum_occurrences>1</maximum_occurrences>
        </DD_Association>
        <DD_Association>
            <identifier_reference>process_owner_name</identifier_reference>
            <reference_type>attribute_of</reference_type>
            <minimum_occurrences>0</minimum_occurrences>
            <maximum_occurrences>1</maximum_occurrences>
        </DD_Association>
        <DD_Association>
            <identifier_reference>process_owner_institution_name</identifier_reference>
            <reference_type>attribute_of</reference_type>
            <minimum_occurrences>0</minimum_occurrences>
            <maximum_occurrences>1</maximum_occurrences>
        </DD_Association>
        <DD_Association>
            <identifier_reference>Software</identifier_reference>
            <reference_type>component_of</reference_type>
            <minimum_occurrences>0</minimum_occurrences>
            <maximum_occurrences>*</maximum_occurrences>
        </DD_Association>        
    </DD_Class>
    
    <DD_Class>
        <name>Software</name>
        <version_id>1.0</version_id>
        <local_identifier>Software</local_identifier>
        <submitter_name>Jordan Padams</submitter_name>
        <definition>The Software class describes the data processing software used to produce the data product.</definition>
        <DD_Association>
            <identifier_reference>pds.name</identifier_reference>
            <reference_type>attribute_of</reference_type>
            <minimum_occurrences>0</minimum_occurrences>
            <maximum_occurrences>1</maximum_occurrences>
        </DD_Association>
        <DD_Association>
            <identifier_reference>pds.software_id</identifier_reference>
            <reference_type>attribute_of</reference_type>
            <minimum_occurrences>0</minimum_occurrences>
            <maximum_occurrences>1</maximum_occurrences>
        </DD_Association>
        <DD_Association>
            <identifier_reference>pds.software_version_id</identifier_reference>
            <reference_type>attribute_of</reference_type>
            <minimum_occurrences>0</minimum_occurrences>
            <maximum_occurrences>1</maximum_occurrences>
        </DD_Association>
        <DD_Association>
            <identifier_reference>pds.software_type</identifier_reference>
            <reference_type>attribute_of</reference_type>
            <minimum_occurrences>0</minimum_occurrences>
            <maximum_occurrences>1</maximum_occurrences>
        </DD_Association>
        <DD_Association>
            <identifier_reference>pds.description</identifier_reference>
            <reference_type>attribute_of</reference_type>
            <minimum_occurrences>0</minimum_occurrences>
            <maximum_occurrences>1</maximum_occurrences>
        </DD_Association>
        <DD_Association>
            <identifier_reference>pds.Internal_Reference</identifier_reference>
            <reference_type>component_of</reference_type>
            <minimum_occurrences>0</minimum_occurrences>
            <maximum_occurrences>1</maximum_occurrences>
        </DD_Association>
        <DD_Association>
            <identifier_reference>Software_Program</identifier_reference>
            <reference_type>component_of</reference_type>
            <minimum_occurrences>0</minimum_occurrences>
            <maximum_occurrences>*</maximum_occurrences>
        </DD_Association>
    </DD_Class>
    
    <DD_Class>
        <name>Software_Program</name>
        <version_id>1.0</version_id>
        <local_identifier>Software_Program</local_identifier>
        <submitter_name>Jordan Padams</submitter_name>
        <definition>The Software_Program class describes the specific components or tasks of the Software executed in producing the data product.</definition>
        <DD_Association>
            <identifier_reference>pds.name</identifier_reference>
            <reference_type>attribute_of</reference_type>
            <minimum_occurrences>0</minimum_occurrences>
            <maximum_occurrences>1</maximum_occurrences>
        </DD_Association>
        <DD_Association>
            <identifier_reference>program_type_name</identifier_reference>
            <reference_type>attribute_of</reference_type>
            <minimum_occurrences>0</minimum_occurrences>
            <maximum_occurrences>1</maximum_occurrences>
        </DD_Association>
        <DD_Association>
            <identifier_reference>program_user</identifier_reference>
            <reference_type>attribute_of</reference_type>
            <minimum_occurrences>0</minimum_occurrences>
            <maximum_occurrences>1</maximum_occurrences>
        </DD_Association>
        <DD_Association>
            <identifier_reference>program_hostname</identifier_reference>
            <reference_type>attribute_of</reference_type>
            <minimum_occurrences>0</minimum_occurrences>
            <maximum_occurrences>1</maximum_occurrences>
        </DD_Association>
        <DD_Association>
            <identifier_reference>program_path</identifier_reference>
            <reference_type>attribute_of</reference_type>
            <minimum_occurrences>0</minimum_occurrences>
            <maximum_occurrences>1</maximum_occurrences>
        </DD_Association>
        <DD_Association>
            <identifier_reference>program_version</identifier_reference>
            <reference_type>attribute_of</reference_type>
            <minimum_occurrences>0</minimum_occurrences>
            <maximum_occurrences>1</maximum_occurrences>
        </DD_Association>
        <DD_Association>
            <identifier_reference>program_start_date_time</identifier_reference>
            <reference_type>attribute_of</reference_type>
            <minimum_occurrences>0</minimum_occurrences>
            <maximum_occurrences>1</maximum_occurrences>
        </DD_Association>
        <DD_Association>
            <identifier_reference>program_stop_date_time</identifier_reference>
            <reference_type>attribute_of</reference_type>
            <minimum_occurrences>0</minimum_occurrences>
            <maximum_occurrences>1</maximum_occurrences>
        </DD_Association>
        <DD_Association>
            <identifier_reference>pds.description</identifier_reference>
            <reference_type>attribute_of</reference_type>
            <minimum_occurrences>0</minimum_occurrences>
            <maximum_occurrences>1</maximum_occurrences>
        </DD_Association>
        <DD_Association>
            <identifier_reference>Software_Program_Parameters</identifier_reference>
            <reference_type>component_of</reference_type>
            <minimum_occurrences>0</minimum_occurrences>
            <maximum_occurrences>1</maximum_occurrences>
        </DD_Association>
    </DD_Class>
    
    <DD_Class>
        <name>Software_Program_Parameters</name>
        <version_id>1.0</version_id>
        <local_identifier>Software_Program_Parameters</local_identifier>
        <submitter_name>Jordan Padams</submitter_name>
        <definition>The Software_Program_Parameters class specifies the set of 1 or more parameters for the software program. These parameters can be input, output, or log information. The premise being 
        a way to capture as much information as possible about the software program execution.</definition>
        <DD_Association>
            <identifier_reference>Parameter</identifier_reference>
            <reference_type>component_of</reference_type>
            <minimum_occurrences>1</minimum_occurrences>
            <maximum_occurrences>*</maximum_occurrences>
        </DD_Association>
    </DD_Class>
    
    <DD_Class>
        <name>Parameter</name>
        <version_id>1.0</version_id>
        <local_identifier>Parameter</local_identifier>
        <submitter_name>Jordan Padams</submitter_name>
        <definition>The Parameter class describes any information about software program execution. Examples of information that can be captured here are software input arguments, software output arguments, 
        log information, and references to specific data products. This class is intended to be freeform to allow data providers the ability to specify information they determine applicable and useful for their 
        data processing software and data products.</definition>
        <DD_Association>
            <identifier_reference>pds.name</identifier_reference>
            <reference_type>attribute_of</reference_type>
            <minimum_occurrences>1</minimum_occurrences>
            <maximum_occurrences>1</maximum_occurrences>
        </DD_Association>
        <DD_Association>
            <identifier_reference>parameter_type</identifier_reference>
            <reference_type>attribute_of</reference_type>
            <minimum_occurrences>0</minimum_occurrences>
            <maximum_occurrences>1</maximum_occurrences>
        </DD_Association>
        <DD_Association>
            <identifier_reference>pds.value</identifier_reference>
            <reference_type>attribute_of</reference_type>
            <minimum_occurrences>1</minimum_occurrences>
            <maximum_occurrences>*</maximum_occurrences>
        </DD_Association>
        <DD_Association>
            <identifier_reference>XSChoice#</identifier_reference>
            <identifier_reference>pds.Internal_Reference</identifier_reference>
            <identifier_reference>pds.Local_Internal_Reference</identifier_reference>
            <identifier_reference>pds.External_Reference</identifier_reference>
            <reference_type>component_of</reference_type>
            <minimum_occurrences>0</minimum_occurrences>
            <maximum_occurrences>*</maximum_occurrences>
        </DD_Association>
    </DD_Class>
    
    <!-- Classes END    -->
    
    <!-- Rules START -->

    <DD_Rule>
        <local_identifier>local_reference_type_check</local_identifier>
        <rule_context>//proc:Processing_Information/pds:Local_Internal_Reference</rule_context>
        <DD_Rule_Statement>
            <rule_type>Assert</rule_type>
            <rule_test>pds:local_reference_type = 'processing_information_to_data_object'</rule_test>
            <rule_message>PROC:error: pds:local_reference_type must have value 'processing_information_to_data_object'</rule_message>
        </DD_Rule_Statement>
    </DD_Rule>
    
    <DD_Rule>
        <local_identifier>input_product_reference_type_check</local_identifier>
        <rule_context>//proc:Input_Product_List/pds:Internal_Reference</rule_context>
        <DD_Rule_Statement>
            <rule_type>Assert</rule_type>
            <rule_test>pds:reference_type = 'data_to_input_product'</rule_test>
            <rule_message>PROC:error: pds:reference_type must have value 'data_to_input_product'</rule_message>
        </DD_Rule_Statement>
    </DD_Rule>
    
    <DD_Rule>
        <local_identifier>input_product_local_reference_type_check</local_identifier>
        <rule_context>//proc:Input_Product_List/pds:Local_Internal_Reference</rule_context>
        <DD_Rule_Statement>
            <rule_type>Assert</rule_type>
            <rule_test>pds:local_reference_type = 'data_to_input_product'</rule_test>
            <rule_message>PROC:error: pds:reference_type must have value 'data_to_input_product'</rule_message>
        </DD_Rule_Statement>
    </DD_Rule>
    
    <DD_Rule>
        <local_identifier>software_reference_type_check</local_identifier>
        <rule_context>//proc:Software/pds:Internal_Reference</rule_context>
        <DD_Rule_Statement>
            <rule_type>Assert</rule_type>
            <rule_test>pds:reference_type = 'data_to_software'</rule_test>
            <rule_message>PROC:error: pds:reference_type must have value 'data_to_software'</rule_message>
        </DD_Rule_Statement>
    </DD_Rule>
    
    <DD_Rule>
        <local_identifier>parameter_reference_type_check</local_identifier>
        <rule_context>//proc:Parameter/pds:Internal_Reference</rule_context>
        <DD_Rule_Statement>
            <rule_type>Assert</rule_type>
            <rule_test>pds:reference_type = 'parameter_to_data_object'</rule_test>
            <rule_message>PROC:error: pds:reference_type must have value 'parameter_to_data_object'</rule_message>
        </DD_Rule_Statement>
    </DD_Rule>
    
    <DD_Rule>
        <local_identifier>parameter_local_reference_type_check</local_identifier>
        <rule_context>//proc:Parameter/pds:Local_Internal_Reference</rule_context>
        <DD_Rule_Statement>
            <rule_type>Assert</rule_type>
            <rule_test>pds:local_reference_type = 'parameter_to_data_object'</rule_test>
            <rule_message>PROC:error: pds:reference_type must have value 'parameter_to_data_object'</rule_message>
        </DD_Rule_Statement>
    </DD_Rule>
    
    <!-- Rules END -->
</Ingest_LDD>
