[
  {
    "dataDictionary": {
      "Title": "PDS4 Data Dictionary" ,
      "IM Version": "1.18.0.0" ,
      "LDD Version": "1.0.1.0" ,
      "Date": "2022-05-20T17:39:02" ,
      "Description": "This document is a dump of the contents of the PDS4 Data Dictionary" ,
      "namespaces": ["pds:", "ml:"] ,
      "classDictionary": [
        {
          "class": {
            "identifier": "0001_NASA_PDS_1.ml.Data_Set" ,
            "title": "Data_Set" ,
            "registrationAuthorityId": "0001_NASA_PDS_1" ,
            "nameSpaceId": "ml" ,
            "steward": "img" ,
            "versionId": "1.0.0.0" ,
            "isAbstract": "true" ,
            "isDeprecated": "false" ,
            "description": "The Data_Set class is the container for classes and attributes describing the size and version of data sets used by the machine learning model."
              , "associationList": [
             {"association": {
                "identifier": "0001_NASA_PDS_1.ml.Data_Set.ml.data_set_version_id" ,
                "title": "data_set_version_id" ,
                "assocType": "attribute_of" ,
                "isAttribute": "true" ,
                "isChoice": "false" ,
                "isAny": "false" ,
                "groupName": "null" ,
                "minimumCardinality": "1" ,
                "maximumCardinality": "1" ,
                "classOrder": "1010" ,
                "attributeId": [
                  "0001_NASA_PDS_1.ml.Data_Set.ml.data_set_version_id"
                 ]
              }
            }
           , {"association": {
                "identifier": "0001_NASA_PDS_1.ml.Data_Set.ml.data_set_size" ,
                "title": "data_set_size" ,
                "assocType": "attribute_of" ,
                "isAttribute": "true" ,
                "isChoice": "false" ,
                "isAny": "false" ,
                "groupName": "null" ,
                "minimumCardinality": "1" ,
                "maximumCardinality": "1" ,
                "classOrder": "1020" ,
                "attributeId": [
                  "0001_NASA_PDS_1.ml.Data_Set.ml.data_set_size"
                 ]
              }
            }
           ]
          }
        }
      , {
          "class": {
            "identifier": "0001_NASA_PDS_1.ml.Machine_Learning" ,
            "title": "Machine_Learning" ,
            "registrationAuthorityId": "0001_NASA_PDS_1" ,
            "nameSpaceId": "ml" ,
            "steward": "img" ,
            "versionId": "1.0.0.0" ,
            "isAbstract": "false" ,
            "isDeprecated": "false" ,
            "description": "The Machine_Learning class is a container for all machine learning information in the label. "
              , "associationList": [
             {"association": {
                "identifier": "0001_NASA_PDS_1.ml.Machine_Learning.ml.Trained_Machine_Learning_Model" ,
                "title": "Trained_Machine_Learning_Model" ,
                "assocType": "component_of" ,
                "isAttribute": "false" ,
                "isChoice": "false" ,
                "isAny": "false" ,
                "groupName": "null" ,
                "minimumCardinality": "1" ,
                "maximumCardinality": "*" ,
                "classOrder": "1010" ,
                "classId": [
                  "0001_NASA_PDS_1.ml.Trained_Machine_Learning_Model"
                 ]
              }
            }
           ]
          }
        }
      , {
          "class": {
            "identifier": "0001_NASA_PDS_1.ml.Machine_Learning_Algorithm" ,
            "title": "Machine_Learning_Algorithm" ,
            "registrationAuthorityId": "0001_NASA_PDS_1" ,
            "nameSpaceId": "ml" ,
            "steward": "img" ,
            "versionId": "1.0.0.0" ,
            "isAbstract": "false" ,
            "isDeprecated": "false" ,
            "description": "The Machine_Learning_Algorithm class is a container for classes and and attributes describing the algorithm type and learning style used. An external reference to a citation for the algorithm is required."
              , "associationList": [
             {"association": {
                "identifier": "0001_NASA_PDS_1.ml.Machine_Learning_Algorithm.ml.algorithm_learning_style" ,
                "title": "algorithm_learning_style" ,
                "assocType": "attribute_of" ,
                "isAttribute": "true" ,
                "isChoice": "false" ,
                "isAny": "false" ,
                "groupName": "null" ,
                "minimumCardinality": "1" ,
                "maximumCardinality": "1" ,
                "classOrder": "1010" ,
                "attributeId": [
                  "0001_NASA_PDS_1.ml.Machine_Learning_Algorithm.ml.algorithm_learning_style"
                 ]
              }
            }
           , {"association": {
                "identifier": "0001_NASA_PDS_1.ml.Machine_Learning_Algorithm.ml.algorithm_type" ,
                "title": "algorithm_type" ,
                "assocType": "attribute_of" ,
                "isAttribute": "true" ,
                "isChoice": "false" ,
                "isAny": "false" ,
                "groupName": "null" ,
                "minimumCardinality": "1" ,
                "maximumCardinality": "1" ,
                "classOrder": "1020" ,
                "attributeId": [
                  "0001_NASA_PDS_1.ml.Machine_Learning_Algorithm.ml.algorithm_type"
                 ]
              }
            }
           , {"association": {
                "identifier": "0001_NASA_PDS_1.ml.Machine_Learning_Algorithm.ml.algorithm_name" ,
                "title": "algorithm_name" ,
                "assocType": "attribute_of" ,
                "isAttribute": "true" ,
                "isChoice": "false" ,
                "isAny": "false" ,
                "groupName": "null" ,
                "minimumCardinality": "1" ,
                "maximumCardinality": "1" ,
                "classOrder": "1030" ,
                "attributeId": [
                  "0001_NASA_PDS_1.ml.Machine_Learning_Algorithm.ml.algorithm_name"
                 ]
              }
            }
           , {"association": {
                "identifier": "0001_NASA_PDS_1.ml.Machine_Learning_Algorithm.pds.External_Reference" ,
                "title": "External_Reference" ,
                "assocType": "component_of" ,
                "isAttribute": "false" ,
                "isChoice": "false" ,
                "isAny": "false" ,
                "groupName": "null" ,
                "minimumCardinality": "1" ,
                "maximumCardinality": "*" ,
                "classOrder": "1040" ,
                "classId": [
                  "0001_NASA_PDS_1.pds.External_Reference"
                 ]
              }
            }
           ]
          }
        }
      , {
          "class": {
            "identifier": "0001_NASA_PDS_1.ml.Test_Performance" ,
            "title": "Test_Performance" ,
            "registrationAuthorityId": "0001_NASA_PDS_1" ,
            "nameSpaceId": "ml" ,
            "steward": "img" ,
            "versionId": "1.0.0.0" ,
            "isAbstract": "false" ,
            "isDeprecated": "false" ,
            "description": "The Test_Performance class contains information about a trained model's performance on the test set."
              , "associationList": [
             {"association": {
                "identifier": "0001_NASA_PDS_1.ml.Test_Performance.ml.performance_measure" ,
                "title": "performance_measure" ,
                "assocType": "attribute_of" ,
                "isAttribute": "true" ,
                "isChoice": "false" ,
                "isAny": "false" ,
                "groupName": "null" ,
                "minimumCardinality": "1" ,
                "maximumCardinality": "1" ,
                "classOrder": "1010" ,
                "attributeId": [
                  "0001_NASA_PDS_1.ml.Test_Performance.ml.performance_measure"
                 ]
              }
            }
           , {"association": {
                "identifier": "0001_NASA_PDS_1.ml.Test_Performance.ml.performance_score" ,
                "title": "performance_score" ,
                "assocType": "attribute_of" ,
                "isAttribute": "true" ,
                "isChoice": "false" ,
                "isAny": "false" ,
                "groupName": "null" ,
                "minimumCardinality": "1" ,
                "maximumCardinality": "1" ,
                "classOrder": "1020" ,
                "attributeId": [
                  "0001_NASA_PDS_1.ml.Test_Performance.ml.performance_score"
                 ]
              }
            }
           ]
          }
        }
      , {
          "class": {
            "identifier": "0001_NASA_PDS_1.ml.Test_Set" ,
            "title": "Test_Set" ,
            "registrationAuthorityId": "0001_NASA_PDS_1" ,
            "nameSpaceId": "ml" ,
            "steward": "img" ,
            "versionId": "1.0.0.0" ,
            "isAbstract": "false" ,
            "isDeprecated": "false" ,
            "description": "The Test_Set class belongs to the Data_Set class family and contains attributes describing the size and version of the machine learning model test set."
              , "associationList": [
             {"association": {
                "identifier": "0001_NASA_PDS_1.ml.Data_Set.ml.data_set_version_id" ,
                "title": "data_set_version_id" ,
                "assocType": "attribute_of" ,
                "isAttribute": "true" ,
                "isChoice": "false" ,
                "isAny": "false" ,
                "groupName": "null" ,
                "minimumCardinality": "1" ,
                "maximumCardinality": "1" ,
                "classOrder": "1010" ,
                "attributeId": [
                  "0001_NASA_PDS_1.ml.Data_Set.ml.data_set_version_id"
                 ]
              }
            }
           , {"association": {
                "identifier": "0001_NASA_PDS_1.ml.Data_Set.ml.data_set_size" ,
                "title": "data_set_size" ,
                "assocType": "attribute_of" ,
                "isAttribute": "true" ,
                "isChoice": "false" ,
                "isAny": "false" ,
                "groupName": "null" ,
                "minimumCardinality": "1" ,
                "maximumCardinality": "1" ,
                "classOrder": "1020" ,
                "attributeId": [
                  "0001_NASA_PDS_1.ml.Data_Set.ml.data_set_size"
                 ]
              }
            }
           ]
          }
        }
      , {
          "class": {
            "identifier": "0001_NASA_PDS_1.ml.Trained_Machine_Learning_Model" ,
            "title": "Trained_Machine_Learning_Model" ,
            "registrationAuthorityId": "0001_NASA_PDS_1" ,
            "nameSpaceId": "ml" ,
            "steward": "img" ,
            "versionId": "1.0.0.0" ,
            "isAbstract": "false" ,
            "isDeprecated": "false" ,
            "description": "The Trained_Machine_Learning_Model class is a container for information about how a given model was trained and evaluated. A Machine_Learning_Algorithm and Training_Set are required, while Validation_Set and Test_Set (and Test_Performance) are optional."
              , "associationList": [
             {"association": {
                "identifier": "0001_NASA_PDS_1.ml.Trained_Machine_Learning_Model.ml.trained_model_version_id" ,
                "title": "trained_model_version_id" ,
                "assocType": "attribute_of" ,
                "isAttribute": "true" ,
                "isChoice": "false" ,
                "isAny": "false" ,
                "groupName": "null" ,
                "minimumCardinality": "1" ,
                "maximumCardinality": "1" ,
                "classOrder": "1010" ,
                "attributeId": [
                  "0001_NASA_PDS_1.ml.Trained_Machine_Learning_Model.ml.trained_model_version_id"
                 ]
              }
            }
           , {"association": {
                "identifier": "0001_NASA_PDS_1.ml.Trained_Machine_Learning_Model.ml.trained_model_name" ,
                "title": "trained_model_name" ,
                "assocType": "attribute_of" ,
                "isAttribute": "true" ,
                "isChoice": "false" ,
                "isAny": "false" ,
                "groupName": "null" ,
                "minimumCardinality": "1" ,
                "maximumCardinality": "1" ,
                "classOrder": "1020" ,
                "attributeId": [
                  "0001_NASA_PDS_1.ml.Trained_Machine_Learning_Model.ml.trained_model_name"
                 ]
              }
            }
           , {"association": {
                "identifier": "0001_NASA_PDS_1.ml.Trained_Machine_Learning_Model.ml.Machine_Learning_Algorithm" ,
                "title": "Machine_Learning_Algorithm" ,
                "assocType": "component_of" ,
                "isAttribute": "false" ,
                "isChoice": "false" ,
                "isAny": "false" ,
                "groupName": "null" ,
                "minimumCardinality": "1" ,
                "maximumCardinality": "1" ,
                "classOrder": "1030" ,
                "classId": [
                  "0001_NASA_PDS_1.ml.Machine_Learning_Algorithm"
                 ]
              }
            }
           , {"association": {
                "identifier": "0001_NASA_PDS_1.ml.Trained_Machine_Learning_Model.ml.Training_Set" ,
                "title": "Training_Set" ,
                "assocType": "component_of" ,
                "isAttribute": "false" ,
                "isChoice": "false" ,
                "isAny": "false" ,
                "groupName": "null" ,
                "minimumCardinality": "1" ,
                "maximumCardinality": "1" ,
                "classOrder": "1040" ,
                "classId": [
                  "0001_NASA_PDS_1.ml.Training_Set"
                 ]
              }
            }
           , {"association": {
                "identifier": "0001_NASA_PDS_1.ml.Trained_Machine_Learning_Model.ml.Validation_Set" ,
                "title": "Validation_Set" ,
                "assocType": "component_of" ,
                "isAttribute": "false" ,
                "isChoice": "false" ,
                "isAny": "false" ,
                "groupName": "null" ,
                "minimumCardinality": "0" ,
                "maximumCardinality": "1" ,
                "classOrder": "1050" ,
                "classId": [
                  "0001_NASA_PDS_1.ml.Validation_Set"
                 ]
              }
            }
           , {"association": {
                "identifier": "0001_NASA_PDS_1.ml.Trained_Machine_Learning_Model.ml.Test_Set" ,
                "title": "Test_Set" ,
                "assocType": "component_of" ,
                "isAttribute": "false" ,
                "isChoice": "false" ,
                "isAny": "false" ,
                "groupName": "null" ,
                "minimumCardinality": "0" ,
                "maximumCardinality": "1" ,
                "classOrder": "1060" ,
                "classId": [
                  "0001_NASA_PDS_1.ml.Test_Set"
                 ]
              }
            }
           , {"association": {
                "identifier": "0001_NASA_PDS_1.ml.Trained_Machine_Learning_Model.ml.Test_Performance" ,
                "title": "Test_Performance" ,
                "assocType": "component_of" ,
                "isAttribute": "false" ,
                "isChoice": "false" ,
                "isAny": "false" ,
                "groupName": "null" ,
                "minimumCardinality": "0" ,
                "maximumCardinality": "*" ,
                "classOrder": "1070" ,
                "classId": [
                  "0001_NASA_PDS_1.ml.Test_Performance"
                 ]
              }
            }
           ]
          }
        }
      , {
          "class": {
            "identifier": "0001_NASA_PDS_1.ml.Training_Set" ,
            "title": "Training_Set" ,
            "registrationAuthorityId": "0001_NASA_PDS_1" ,
            "nameSpaceId": "ml" ,
            "steward": "img" ,
            "versionId": "1.0.0.0" ,
            "isAbstract": "false" ,
            "isDeprecated": "false" ,
            "description": "The Training_Set class belongs to the Data_Set class family and contains attributes that describe the size and version of the machine learning model training set."
              , "associationList": [
             {"association": {
                "identifier": "0001_NASA_PDS_1.ml.Data_Set.ml.data_set_version_id" ,
                "title": "data_set_version_id" ,
                "assocType": "attribute_of" ,
                "isAttribute": "true" ,
                "isChoice": "false" ,
                "isAny": "false" ,
                "groupName": "null" ,
                "minimumCardinality": "1" ,
                "maximumCardinality": "1" ,
                "classOrder": "1010" ,
                "attributeId": [
                  "0001_NASA_PDS_1.ml.Data_Set.ml.data_set_version_id"
                 ]
              }
            }
           , {"association": {
                "identifier": "0001_NASA_PDS_1.ml.Data_Set.ml.data_set_size" ,
                "title": "data_set_size" ,
                "assocType": "attribute_of" ,
                "isAttribute": "true" ,
                "isChoice": "false" ,
                "isAny": "false" ,
                "groupName": "null" ,
                "minimumCardinality": "1" ,
                "maximumCardinality": "1" ,
                "classOrder": "1020" ,
                "attributeId": [
                  "0001_NASA_PDS_1.ml.Data_Set.ml.data_set_size"
                 ]
              }
            }
           ]
          }
        }
      , {
          "class": {
            "identifier": "0001_NASA_PDS_1.ml.Validation_Set" ,
            "title": "Validation_Set" ,
            "registrationAuthorityId": "0001_NASA_PDS_1" ,
            "nameSpaceId": "ml" ,
            "steward": "img" ,
            "versionId": "1.0.0.0" ,
            "isAbstract": "false" ,
            "isDeprecated": "false" ,
            "description": "The Validation_Set class belongs to the Data_Set class family and contains attributes that describe the size and version of the machine learning model validation set. "
              , "associationList": [
             {"association": {
                "identifier": "0001_NASA_PDS_1.ml.Data_Set.ml.data_set_version_id" ,
                "title": "data_set_version_id" ,
                "assocType": "attribute_of" ,
                "isAttribute": "true" ,
                "isChoice": "false" ,
                "isAny": "false" ,
                "groupName": "null" ,
                "minimumCardinality": "1" ,
                "maximumCardinality": "1" ,
                "classOrder": "1010" ,
                "attributeId": [
                  "0001_NASA_PDS_1.ml.Data_Set.ml.data_set_version_id"
                 ]
              }
            }
           , {"association": {
                "identifier": "0001_NASA_PDS_1.ml.Data_Set.ml.data_set_size" ,
                "title": "data_set_size" ,
                "assocType": "attribute_of" ,
                "isAttribute": "true" ,
                "isChoice": "false" ,
                "isAny": "false" ,
                "groupName": "null" ,
                "minimumCardinality": "1" ,
                "maximumCardinality": "1" ,
                "classOrder": "1020" ,
                "attributeId": [
                  "0001_NASA_PDS_1.ml.Data_Set.ml.data_set_size"
                 ]
              }
            }
           ]
          }
        }
      ]
    , "attributeDictionary": [
        {
          "attribute": {
            "identifier": "0001_NASA_PDS_1.ml.Data_Set.ml.data_set_size" ,
            "title": "data_set_size" ,
            "registrationAuthorityId": "0001_NASA_PDS_1" ,
            "nameSpaceId": "ml" ,
            "steward": "img" ,
            "versionId": "1.18" ,
            "description": "The data_set_size attribute provides the number of items in the data set." ,
            "isNillable": "false" ,
            "isEnumerated": "false" ,
            "isDeprecated": "false" ,
            "dataType": "ASCII_NonNegative_Integer" ,
            "dataTypeId": "0001_NASA_PDS_1.pds.ASCII_NonNegative_Integer" ,
            "minimumCharacters": "Unbounded" ,
            "maximumCharacters": "Unbounded" ,
            "minimumValue": "1" ,
            "maximumValue": "18446744073709551615" ,
            "pattern": "[0-9]+" ,
            "unitOfMeasure": "null" ,
            "unitOfMeasureId": "null" ,
            "unitId": "null" ,
            "defaultUnitId": "null"
          }
        }
      , {
          "attribute": {
            "identifier": "0001_NASA_PDS_1.ml.Data_Set.ml.data_set_version_id" ,
            "title": "data_set_version_id" ,
            "registrationAuthorityId": "0001_NASA_PDS_1" ,
            "nameSpaceId": "ml" ,
            "steward": "img" ,
            "versionId": "1.18" ,
            "description": "The data_set_version_id attribute specifies the data set version number." ,
            "isNillable": "false" ,
            "isEnumerated": "false" ,
            "isDeprecated": "false" ,
            "dataType": "ASCII_VID" ,
            "dataTypeId": "0001_NASA_PDS_1.pds.ASCII_VID" ,
            "minimumCharacters": "3" ,
            "maximumCharacters": "100" ,
            "minimumValue": "Unbounded" ,
            "maximumValue": "Unbounded" ,
            "pattern": "null" ,
            "unitOfMeasure": "null" ,
            "unitOfMeasureId": "null" ,
            "unitId": "null" ,
            "defaultUnitId": "null"
          }
        }
      , {
          "attribute": {
            "identifier": "0001_NASA_PDS_1.ml.Machine_Learning_Algorithm.ml.algorithm_learning_style" ,
            "title": "algorithm_learning_style" ,
            "registrationAuthorityId": "0001_NASA_PDS_1" ,
            "nameSpaceId": "ml" ,
            "steward": "img" ,
            "versionId": "1.18" ,
            "description": "The algorithm_learning_style attribute describes the type of learning style employed by the algorithm to solve a problem." ,
            "isNillable": "false" ,
            "isEnumerated": "true" ,
            "isDeprecated": "false" ,
            "dataType": "ASCII_Short_String_Collapsed" ,
            "dataTypeId": "0001_NASA_PDS_1.pds.ASCII_Short_String_Collapsed" ,
            "minimumCharacters": "1" ,
            "maximumCharacters": "255" ,
            "minimumValue": "Unbounded" ,
            "maximumValue": "Unbounded" ,
            "pattern": "null" ,
            "unitOfMeasure": "null" ,
            "unitOfMeasureId": "null" ,
            "unitId": "null" ,
            "defaultUnitId": "null"
          , "PermissibleValueList": [
              {"PermissibleValue": {
                  "value": "Semisupervised_Learning" ,
                  "valueMeaning": "Both labeled data and unlabeled data were used to inform the model." ,
                  "isDeprecated": "false"
                }
             }
            , {"PermissibleValue": {
                  "value": "Supervised_Learning" ,
                  "valueMeaning": "Supervised_Learning indicates that labeled data has been used to train a model to yield the desired output." ,
                  "isDeprecated": "false"
                }
             }
            , {"PermissibleValue": {
                  "value": "Unsupervised_Learning" ,
                  "valueMeaning": "The algorithm did not employ any labeled data and instead discovered patterns from unlabeled data." ,
                  "isDeprecated": "false"
                }
             }
           ]
          }
        }
      , {
          "attribute": {
            "identifier": "0001_NASA_PDS_1.ml.Machine_Learning_Algorithm.ml.algorithm_name" ,
            "title": "algorithm_name" ,
            "registrationAuthorityId": "0001_NASA_PDS_1" ,
            "nameSpaceId": "ml" ,
            "steward": "img" ,
            "versionId": "1.18" ,
            "description": "The algorithm_name attribute specifies the name of the algorithm used." ,
            "isNillable": "false" ,
            "isEnumerated": "false" ,
            "isDeprecated": "false" ,
            "dataType": "ASCII_Short_String_Collapsed" ,
            "dataTypeId": "0001_NASA_PDS_1.pds.ASCII_Short_String_Collapsed" ,
            "minimumCharacters": "1" ,
            "maximumCharacters": "255" ,
            "minimumValue": "Unbounded" ,
            "maximumValue": "Unbounded" ,
            "pattern": "null" ,
            "unitOfMeasure": "null" ,
            "unitOfMeasureId": "null" ,
            "unitId": "null" ,
            "defaultUnitId": "null"
          }
        }
      , {
          "attribute": {
            "identifier": "0001_NASA_PDS_1.ml.Machine_Learning_Algorithm.ml.algorithm_type" ,
            "title": "algorithm_type" ,
            "registrationAuthorityId": "0001_NASA_PDS_1" ,
            "nameSpaceId": "ml" ,
            "steward": "img" ,
            "versionId": "1.18" ,
            "description": "The algorithm_type attribute describes the kind of algorithm used, such as a regression model, neural network, tree, etc." ,
            "isNillable": "false" ,
            "isEnumerated": "true" ,
            "isDeprecated": "false" ,
            "dataType": "ASCII_Short_String_Collapsed" ,
            "dataTypeId": "0001_NASA_PDS_1.pds.ASCII_Short_String_Collapsed" ,
            "minimumCharacters": "1" ,
            "maximumCharacters": "255" ,
            "minimumValue": "Unbounded" ,
            "maximumValue": "Unbounded" ,
            "pattern": "null" ,
            "unitOfMeasure": "null" ,
            "unitOfMeasureId": "null" ,
            "unitId": "null" ,
            "defaultUnitId": "null"
          , "PermissibleValueList": [
              {"PermissibleValue": {
                  "value": "Convolutional_Neural_Network_Classifier" ,
                  "valueMeaning": "The algorithm used for data analysis is a Convolutional Neural Network (CNN) Classifier." ,
                  "isDeprecated": "false"
                }
             }
           ]
          }
        }
      , {
          "attribute": {
            "identifier": "0001_NASA_PDS_1.ml.Test_Performance.ml.performance_measure" ,
            "title": "performance_measure" ,
            "registrationAuthorityId": "0001_NASA_PDS_1" ,
            "nameSpaceId": "ml" ,
            "steward": "img" ,
            "versionId": "1.18" ,
            "description": "The performance_measure attribute specifies the name of the measure (or metric) used to report performance of the model on the test set." ,
            "isNillable": "false" ,
            "isEnumerated": "false" ,
            "isDeprecated": "false" ,
            "dataType": "ASCII_Short_String_Collapsed" ,
            "dataTypeId": "0001_NASA_PDS_1.pds.ASCII_Short_String_Collapsed" ,
            "minimumCharacters": "1" ,
            "maximumCharacters": "255" ,
            "minimumValue": "Unbounded" ,
            "maximumValue": "Unbounded" ,
            "pattern": "null" ,
            "unitOfMeasure": "null" ,
            "unitOfMeasureId": "null" ,
            "unitId": "null" ,
            "defaultUnitId": "null"
          }
        }
      , {
          "attribute": {
            "identifier": "0001_NASA_PDS_1.ml.Test_Performance.ml.performance_score" ,
            "title": "performance_score" ,
            "registrationAuthorityId": "0001_NASA_PDS_1" ,
            "nameSpaceId": "ml" ,
            "steward": "img" ,
            "versionId": "1.18" ,
            "description": "The performance_score attribute reports the numeric score the model achieved using performance_measure on the test set." ,
            "isNillable": "false" ,
            "isEnumerated": "false" ,
            "isDeprecated": "false" ,
            "dataType": "ASCII_Real" ,
            "dataTypeId": "0001_NASA_PDS_1.pds.ASCII_Real" ,
            "minimumCharacters": "Unbounded" ,
            "maximumCharacters": "Unbounded" ,
            "minimumValue": "-1.7976931348623157e308" ,
            "maximumValue": "1.7976931348623157e308" ,
            "pattern": "null" ,
            "unitOfMeasure": "null" ,
            "unitOfMeasureId": "null" ,
            "unitId": "null" ,
            "defaultUnitId": "null"
          }
        }
      , {
          "attribute": {
            "identifier": "0001_NASA_PDS_1.ml.Trained_Machine_Learning_Model.ml.trained_model_name" ,
            "title": "trained_model_name" ,
            "registrationAuthorityId": "0001_NASA_PDS_1" ,
            "nameSpaceId": "ml" ,
            "steward": "img" ,
            "versionId": "1.18" ,
            "description": "The trained_model_name attribute specifies the name of the model used." ,
            "isNillable": "false" ,
            "isEnumerated": "false" ,
            "isDeprecated": "false" ,
            "dataType": "ASCII_Short_String_Collapsed" ,
            "dataTypeId": "0001_NASA_PDS_1.pds.ASCII_Short_String_Collapsed" ,
            "minimumCharacters": "1" ,
            "maximumCharacters": "255" ,
            "minimumValue": "Unbounded" ,
            "maximumValue": "Unbounded" ,
            "pattern": "null" ,
            "unitOfMeasure": "null" ,
            "unitOfMeasureId": "null" ,
            "unitId": "null" ,
            "defaultUnitId": "null"
          }
        }
      , {
          "attribute": {
            "identifier": "0001_NASA_PDS_1.ml.Trained_Machine_Learning_Model.ml.trained_model_version_id" ,
            "title": "trained_model_version_id" ,
            "registrationAuthorityId": "0001_NASA_PDS_1" ,
            "nameSpaceId": "ml" ,
            "steward": "img" ,
            "versionId": "1.18" ,
            "description": "The trained_model_version_id attribute specifies the trained model version number." ,
            "isNillable": "false" ,
            "isEnumerated": "false" ,
            "isDeprecated": "false" ,
            "dataType": "ASCII_VID" ,
            "dataTypeId": "0001_NASA_PDS_1.pds.ASCII_VID" ,
            "minimumCharacters": "3" ,
            "maximumCharacters": "100" ,
            "minimumValue": "Unbounded" ,
            "maximumValue": "Unbounded" ,
            "pattern": "null" ,
            "unitOfMeasure": "null" ,
            "unitOfMeasureId": "null" ,
            "unitId": "null" ,
            "defaultUnitId": "null"
          }
        }
      ]
    }
  }
]
