[
  {
    "dataDictionary": {
      "Title": "PDS4 Data Dictionary" ,
      "IM Version": "1.18.0.0" ,
      "LDD Version": "1.0.0.0" ,
      "Date": "2022-10-12T06:19:53" ,
      "Description": "This document is a dump of the contents of the PDS4 Data Dictionary" ,
      "namespaces": ["pds:", "apollo:"] ,
      "classDictionary": [
        {
          "class": {
            "identifier": "0001_NASA_PDS_1.apollo.ASCII_Equivalent" ,
            "title": "ASCII_Equivalent" ,
            "registrationAuthorityId": "0001_NASA_PDS_1" ,
            "nameSpaceId": "apollo" ,
            "steward": "geo" ,
            "versionId": "1.0.0.0" ,
            "isAbstract": "false" ,
            "isDeprecated": "false" ,
            "description": " The ASCII_Equivalent class contains attributes that identify and locate the ASCII data product equivalent to a given Apollo PSE SEED data product. "
              , "associationList": [
             {"association": {
                "identifier": "0001_NASA_PDS_1.apollo.ASCII_Equivalent.apollo.ascii_equivalent_file_name" ,
                "title": "ascii_equivalent_file_name" ,
                "assocType": "attribute_of" ,
                "isAttribute": "true" ,
                "isChoice": "false" ,
                "isAny": "false" ,
                "groupName": "null" ,
                "minimumCardinality": "1" ,
                "maximumCardinality": "1" ,
                "classOrder": "1010" ,
                "attributeId": [
                  "0001_NASA_PDS_1.apollo.ASCII_Equivalent.apollo.ascii_equivalent_file_name"
                 ]
              }
            }
           , {"association": {
                "identifier": "0001_NASA_PDS_1.apollo.ASCII_Equivalent.pds.Internal_Reference" ,
                "title": "Internal_Reference" ,
                "assocType": "component_of" ,
                "isAttribute": "false" ,
                "isChoice": "false" ,
                "isAny": "false" ,
                "groupName": "null" ,
                "minimumCardinality": "1" ,
                "maximumCardinality": "1" ,
                "classOrder": "1020" ,
                "classId": [
                  "0001_NASA_PDS_1.pds.Internal_Reference"
                 ]
              }
            }
           ]
          }
        }
      , {
          "class": {
            "identifier": "0001_NASA_PDS_1.apollo.Metadata_Location" ,
            "title": "Metadata_Location" ,
            "registrationAuthorityId": "0001_NASA_PDS_1" ,
            "nameSpaceId": "apollo" ,
            "steward": "geo" ,
            "versionId": "1.0.0.0" ,
            "isAbstract": "false" ,
            "isDeprecated": "false" ,
            "description": " The Metadata_Location class contains attributes that identify and locate the metadata associated with a given Apollo PSE data product. "
              , "associationList": [
             {"association": {
                "identifier": "0001_NASA_PDS_1.apollo.Metadata_Location.apollo.metadata_file_name" ,
                "title": "metadata_file_name" ,
                "assocType": "attribute_of" ,
                "isAttribute": "true" ,
                "isChoice": "false" ,
                "isAny": "false" ,
                "groupName": "null" ,
                "minimumCardinality": "1" ,
                "maximumCardinality": "1" ,
                "classOrder": "1010" ,
                "attributeId": [
                  "0001_NASA_PDS_1.apollo.Metadata_Location.apollo.metadata_file_name"
                 ]
              }
            }
           , {"association": {
                "identifier": "0001_NASA_PDS_1.apollo.Metadata_Location.pds.Internal_Reference" ,
                "title": "Internal_Reference" ,
                "assocType": "component_of" ,
                "isAttribute": "false" ,
                "isChoice": "false" ,
                "isAny": "false" ,
                "groupName": "null" ,
                "minimumCardinality": "1" ,
                "maximumCardinality": "1" ,
                "classOrder": "1020" ,
                "classId": [
                  "0001_NASA_PDS_1.pds.Internal_Reference"
                 ]
              }
            }
           ]
          }
        }
      , {
          "class": {
            "identifier": "0001_NASA_PDS_1.apollo.Observation_Information" ,
            "title": "Observation_Information" ,
            "registrationAuthorityId": "0001_NASA_PDS_1" ,
            "nameSpaceId": "apollo" ,
            "steward": "geo" ,
            "versionId": "1.0.0.0" ,
            "isAbstract": "false" ,
            "isDeprecated": "false" ,
            "description": "The Observation_Information class provides information about a science observation."
              , "associationList": [
             {"association": {
                "identifier": "0001_NASA_PDS_1.apollo.Observation_Information.apollo.product_type" ,
                "title": "product_type" ,
                "assocType": "attribute_of" ,
                "isAttribute": "true" ,
                "isChoice": "false" ,
                "isAny": "false" ,
                "groupName": "null" ,
                "minimumCardinality": "0" ,
                "maximumCardinality": "1" ,
                "classOrder": "1010" ,
                "attributeId": [
                  "0001_NASA_PDS_1.apollo.Observation_Information.apollo.product_type"
                 ]
              }
            }
           ]
          }
        }
      , {
          "class": {
            "identifier": "0001_NASA_PDS_1.apollo.SEED_Equivalent" ,
            "title": "SEED_Equivalent" ,
            "registrationAuthorityId": "0001_NASA_PDS_1" ,
            "nameSpaceId": "apollo" ,
            "steward": "geo" ,
            "versionId": "1.0.0.0" ,
            "isAbstract": "false" ,
            "isDeprecated": "false" ,
            "description": " The SEED_Equivalent class contains attributes that identify and locate the SEED data product equivalent to a given Apollo PSE ASCII data product. "
              , "associationList": [
             {"association": {
                "identifier": "0001_NASA_PDS_1.apollo.SEED_Equivalent.apollo.seed_file_name" ,
                "title": "seed_file_name" ,
                "assocType": "attribute_of" ,
                "isAttribute": "true" ,
                "isChoice": "false" ,
                "isAny": "false" ,
                "groupName": "null" ,
                "minimumCardinality": "1" ,
                "maximumCardinality": "1" ,
                "classOrder": "1010" ,
                "attributeId": [
                  "0001_NASA_PDS_1.apollo.SEED_Equivalent.apollo.seed_file_name"
                 ]
              }
            }
           , {"association": {
                "identifier": "0001_NASA_PDS_1.apollo.SEED_Equivalent.pds.Internal_Reference" ,
                "title": "Internal_Reference" ,
                "assocType": "component_of" ,
                "isAttribute": "false" ,
                "isChoice": "false" ,
                "isAny": "false" ,
                "groupName": "null" ,
                "minimumCardinality": "1" ,
                "maximumCardinality": "1" ,
                "classOrder": "1020" ,
                "classId": [
                  "0001_NASA_PDS_1.pds.Internal_Reference"
                 ]
              }
            }
           ]
          }
        }
      , {
          "class": {
            "identifier": "0001_NASA_PDS_1.apollo.Seismic_Parameters" ,
            "title": "Seismic_Parameters" ,
            "registrationAuthorityId": "0001_NASA_PDS_1" ,
            "nameSpaceId": "apollo" ,
            "steward": "geo" ,
            "versionId": "1.0.0.0" ,
            "isAbstract": "false" ,
            "isDeprecated": "false" ,
            "description": " Attributes specific to the Apollo Passive Seismic Experiment (PSE) data products. "
              , "associationList": [
             {"association": {
                "identifier": "0001_NASA_PDS_1.apollo.Seismic_Parameters.apollo.pse_data_type" ,
                "title": "pse_data_type" ,
                "assocType": "attribute_of" ,
                "isAttribute": "true" ,
                "isChoice": "false" ,
                "isAny": "false" ,
                "groupName": "null" ,
                "minimumCardinality": "1" ,
                "maximumCardinality": "1" ,
                "classOrder": "1010" ,
                "attributeId": [
                  "0001_NASA_PDS_1.apollo.Seismic_Parameters.apollo.pse_data_type"
                 ]
              }
            }
           , {"association": {
                "identifier": "0001_NASA_PDS_1.apollo.Seismic_Parameters.apollo.station" ,
                "title": "station" ,
                "assocType": "attribute_of" ,
                "isAttribute": "true" ,
                "isChoice": "false" ,
                "isAny": "false" ,
                "groupName": "null" ,
                "minimumCardinality": "0" ,
                "maximumCardinality": "1" ,
                "classOrder": "1050" ,
                "attributeId": [
                  "0001_NASA_PDS_1.apollo.Seismic_Parameters.apollo.station"
                 ]
              }
            }
           , {"association": {
                "identifier": "0001_NASA_PDS_1.apollo.Seismic_Parameters.apollo.channel" ,
                "title": "channel" ,
                "assocType": "attribute_of" ,
                "isAttribute": "true" ,
                "isChoice": "false" ,
                "isAny": "false" ,
                "groupName": "null" ,
                "minimumCardinality": "0" ,
                "maximumCardinality": "1" ,
                "classOrder": "1060" ,
                "attributeId": [
                  "0001_NASA_PDS_1.apollo.Seismic_Parameters.apollo.channel"
                 ]
              }
            }
           , {"association": {
                "identifier": "0001_NASA_PDS_1.apollo.Seismic_Parameters.apollo.location" ,
                "title": "location" ,
                "assocType": "attribute_of" ,
                "isAttribute": "true" ,
                "isChoice": "false" ,
                "isAny": "false" ,
                "groupName": "null" ,
                "minimumCardinality": "0" ,
                "maximumCardinality": "1" ,
                "classOrder": "1070" ,
                "attributeId": [
                  "0001_NASA_PDS_1.apollo.Seismic_Parameters.apollo.location"
                 ]
              }
            }
           , {"association": {
                "identifier": "0001_NASA_PDS_1.apollo.Seismic_Parameters.apollo.sampling_rate" ,
                "title": "sampling_rate" ,
                "assocType": "attribute_of" ,
                "isAttribute": "true" ,
                "isChoice": "false" ,
                "isAny": "false" ,
                "groupName": "null" ,
                "minimumCardinality": "0" ,
                "maximumCardinality": "1" ,
                "classOrder": "1080" ,
                "attributeId": [
                  "0001_NASA_PDS_1.apollo.Seismic_Parameters.apollo.sampling_rate"
                 ]
              }
            }
           , {"association": {
                "identifier": "0001_NASA_PDS_1.apollo.Seismic_Parameters.apollo.sample_count" ,
                "title": "sample_count" ,
                "assocType": "attribute_of" ,
                "isAttribute": "true" ,
                "isChoice": "false" ,
                "isAny": "false" ,
                "groupName": "null" ,
                "minimumCardinality": "0" ,
                "maximumCardinality": "1" ,
                "classOrder": "1090" ,
                "attributeId": [
                  "0001_NASA_PDS_1.apollo.Seismic_Parameters.apollo.sample_count"
                 ]
              }
            }
           , {"association": {
                "identifier": "0001_NASA_PDS_1.apollo.Seismic_Parameters.apollo.Metadata_Location" ,
                "title": "Metadata_Location" ,
                "assocType": "component_of" ,
                "isAttribute": "false" ,
                "isChoice": "false" ,
                "isAny": "false" ,
                "groupName": "null" ,
                "minimumCardinality": "0" ,
                "maximumCardinality": "1" ,
                "classOrder": "1020" ,
                "classId": [
                  "0001_NASA_PDS_1.apollo.Metadata_Location"
                 ]
              }
            }
           , {"association": {
                "identifier": "0001_NASA_PDS_1.apollo.Seismic_Parameters.apollo.ASCII_Equivalent" ,
                "title": "ASCII_Equivalent" ,
                "assocType": "component_of" ,
                "isAttribute": "false" ,
                "isChoice": "false" ,
                "isAny": "false" ,
                "groupName": "null" ,
                "minimumCardinality": "0" ,
                "maximumCardinality": "1" ,
                "classOrder": "1030" ,
                "classId": [
                  "0001_NASA_PDS_1.apollo.ASCII_Equivalent"
                 ]
              }
            }
           , {"association": {
                "identifier": "0001_NASA_PDS_1.apollo.Seismic_Parameters.apollo.SEED_Equivalent" ,
                "title": "SEED_Equivalent" ,
                "assocType": "component_of" ,
                "isAttribute": "false" ,
                "isChoice": "false" ,
                "isAny": "false" ,
                "groupName": "null" ,
                "minimumCardinality": "0" ,
                "maximumCardinality": "1" ,
                "classOrder": "1040" ,
                "classId": [
                  "0001_NASA_PDS_1.apollo.SEED_Equivalent"
                 ]
              }
            }
           ]
          }
        }
      ]
    , "attributeDictionary": [
        {
          "attribute": {
            "identifier": "0001_NASA_PDS_1.apollo.ASCII_Equivalent.apollo.ascii_equivalent_file_name" ,
            "title": "ascii_equivalent_file_name" ,
            "registrationAuthorityId": "0001_NASA_PDS_1" ,
            "nameSpaceId": "apollo" ,
            "steward": "geo" ,
            "versionId": "1.18" ,
            "description": " Apollo PSE data products are archived in their native SEED format and in a PDS-compatible ASCII format. The ascii_equivalent_file_name attribute gives the name of the file that is the ASCII equivalent of a SEED format file. " ,
            "isNillable": "false" ,
            "isEnumerated": "false" ,
            "isDeprecated": "false" ,
            "dataType": "ASCII_File_Name" ,
            "dataTypeId": "0001_NASA_PDS_1.pds.ASCII_File_Name" ,
            "minimumCharacters": "1" ,
            "maximumCharacters": "255" ,
            "minimumValue": "Unbounded" ,
            "maximumValue": "Unbounded" ,
            "pattern": "null" ,
            "unitOfMeasure": "null" ,
            "unitOfMeasureId": "null" ,
            "unitId": "null" ,
            "defaultUnitId": "null"
          }
        }
      , {
          "attribute": {
            "identifier": "0001_NASA_PDS_1.apollo.Metadata_Location.apollo.metadata_file_name" ,
            "title": "metadata_file_name" ,
            "registrationAuthorityId": "0001_NASA_PDS_1" ,
            "nameSpaceId": "apollo" ,
            "steward": "geo" ,
            "versionId": "1.18" ,
            "description": " Apollo PSE observations are stored with the seismic data from the instrument in one file (mini-SEED or GeoCSV format) and the metadata for the measurements in another file (dataless SEED or StationXML format). The metadata_file_name attribute gives the name of the file containing the metadata associated with a given data file. " ,
            "isNillable": "false" ,
            "isEnumerated": "false" ,
            "isDeprecated": "false" ,
            "dataType": "ASCII_File_Name" ,
            "dataTypeId": "0001_NASA_PDS_1.pds.ASCII_File_Name" ,
            "minimumCharacters": "1" ,
            "maximumCharacters": "255" ,
            "minimumValue": "Unbounded" ,
            "maximumValue": "Unbounded" ,
            "pattern": "null" ,
            "unitOfMeasure": "null" ,
            "unitOfMeasureId": "null" ,
            "unitId": "null" ,
            "defaultUnitId": "null"
          }
        }
      , {
          "attribute": {
            "identifier": "0001_NASA_PDS_1.apollo.Observation_Information.apollo.product_type" ,
            "title": "product_type" ,
            "registrationAuthorityId": "0001_NASA_PDS_1" ,
            "nameSpaceId": "apollo" ,
            "steward": "geo" ,
            "versionId": "1.18" ,
            "description": "The product_type identifies a group of data products within a collection that have some property in common, such as processing level, resolution, or instrument-specific setting. " ,
            "isNillable": "false" ,
            "isEnumerated": "true" ,
            "isDeprecated": "false" ,
            "dataType": "ASCII_Short_String_Collapsed" ,
            "dataTypeId": "0001_NASA_PDS_1.pds.ASCII_Short_String_Collapsed" ,
            "minimumCharacters": "1" ,
            "maximumCharacters": "255" ,
            "minimumValue": "Unbounded" ,
            "maximumValue": "Unbounded" ,
            "pattern": "null" ,
            "unitOfMeasure": "null" ,
            "unitOfMeasureId": "null" ,
            "unitId": "null" ,
            "defaultUnitId": "null"
          , "PermissibleValueList": [
              {"PermissibleValue": {
                  "value": "Dataless-SEED" ,
                  "valueMeaning": "Apollo PSE product containing seismic metadata in SEED format." ,
                  "isDeprecated": "false"
                }
             }
            , {"PermissibleValue": {
                  "value": "GeoCSV" ,
                  "valueMeaning": "Apollo PSE product containing seismic data in an ASCII table in GeoCSV format." ,
                  "isDeprecated": "false"
                }
             }
            , {"PermissibleValue": {
                  "value": "Mini-SEED" ,
                  "valueMeaning": "Apollo PSE product containing seismic data in mini-SEED format." ,
                  "isDeprecated": "false"
                }
             }
            , {"PermissibleValue": {
                  "value": "StationXML" ,
                  "valueMeaning": "Apollo PSE product containing seismic metadata in StationXML format." ,
                  "isDeprecated": "false"
                }
             }
           ]
          }
        }
      , {
          "attribute": {
            "identifier": "0001_NASA_PDS_1.apollo.SEED_Equivalent.apollo.seed_file_name" ,
            "title": "seed_file_name" ,
            "registrationAuthorityId": "0001_NASA_PDS_1" ,
            "nameSpaceId": "apollo" ,
            "steward": "geo" ,
            "versionId": "1.18" ,
            "description": " Apollo PSE data products are archived in their native SEED format and in a PDS-compatible ASCII format. The seed_file_name attribute gives the name of the file that is the SEED equivalent of an ASCII data file. " ,
            "isNillable": "false" ,
            "isEnumerated": "false" ,
            "isDeprecated": "false" ,
            "dataType": "ASCII_File_Name" ,
            "dataTypeId": "0001_NASA_PDS_1.pds.ASCII_File_Name" ,
            "minimumCharacters": "1" ,
            "maximumCharacters": "255" ,
            "minimumValue": "Unbounded" ,
            "maximumValue": "Unbounded" ,
            "pattern": "null" ,
            "unitOfMeasure": "null" ,
            "unitOfMeasureId": "null" ,
            "unitId": "null" ,
            "defaultUnitId": "null"
          }
        }
      , {
          "attribute": {
            "identifier": "0001_NASA_PDS_1.apollo.Seismic_Parameters.apollo.channel" ,
            "title": "channel" ,
            "registrationAuthorityId": "0001_NASA_PDS_1" ,
            "nameSpaceId": "apollo" ,
            "steward": "geo" ,
            "versionId": "1.18" ,
            "description": " Apollo PSE channel. " ,
            "isNillable": "false" ,
            "isEnumerated": "true" ,
            "isDeprecated": "false" ,
            "dataType": "ASCII_Short_String_Collapsed" ,
            "dataTypeId": "0001_NASA_PDS_1.pds.ASCII_Short_String_Collapsed" ,
            "minimumCharacters": "1" ,
            "maximumCharacters": "255" ,
            "minimumValue": "Unbounded" ,
            "maximumValue": "Unbounded" ,
            "pattern": "null" ,
            "unitOfMeasure": "null" ,
            "unitOfMeasureId": "null" ,
            "unitId": "null" ,
            "defaultUnitId": "null"
          , "PermissibleValueList": [
              {"PermissibleValue": {
                  "value": "ATT" ,
                  "valueMeaning": "Time the signal was recorded on Earth at the ground station. Time in seconds since the beginning of the epoch (1 January 1970). The timing can be negative for early in the mission." ,
                  "isDeprecated": "false"
                }
             }
            , {"PermissibleValue": {
                  "value": "MH1" ,
                  "valueMeaning": "Horizontal Component 1 of the mid-period instrument." ,
                  "isDeprecated": "false"
                }
             }
            , {"PermissibleValue": {
                  "value": "MH2" ,
                  "valueMeaning": "Horizontal Component 2 of the mid-period instrument." ,
                  "isDeprecated": "false"
                }
             }
            , {"PermissibleValue": {
                  "value": "MHZ" ,
                  "valueMeaning": "Vertical Component of the mid-period instrument." ,
                  "isDeprecated": "false"
                }
             }
            , {"PermissibleValue": {
                  "value": "SHZ" ,
                  "valueMeaning": "Vertical Component of the short-period instrument." ,
                  "isDeprecated": "false"
                }
             }
           ]
          }
        }
      , {
          "attribute": {
            "identifier": "0001_NASA_PDS_1.apollo.Seismic_Parameters.apollo.location" ,
            "title": "location" ,
            "registrationAuthorityId": "0001_NASA_PDS_1" ,
            "nameSpaceId": "apollo" ,
            "steward": "geo" ,
            "versionId": "1.18" ,
            "description": " Apollo PSE location. " ,
            "isNillable": "false" ,
            "isEnumerated": "true" ,
            "isDeprecated": "false" ,
            "dataType": "ASCII_Short_String_Collapsed" ,
            "dataTypeId": "0001_NASA_PDS_1.pds.ASCII_Short_String_Collapsed" ,
            "minimumCharacters": "1" ,
            "maximumCharacters": "255" ,
            "minimumValue": "Unbounded" ,
            "maximumValue": "Unbounded" ,
            "pattern": "null" ,
            "unitOfMeasure": "null" ,
            "unitOfMeasureId": "null" ,
            "unitId": "null" ,
            "defaultUnitId": "null"
          , "PermissibleValueList": [
              {"PermissibleValue": {
                  "value": "00" ,
                  "valueMeaning": "Peaked response of the mid-period seismometer." ,
                  "isDeprecated": "false"
                }
             }
            , {"PermissibleValue": {
                  "value": "01" ,
                  "valueMeaning": "Flat response of the mid-period seismometer." ,
                  "isDeprecated": "false"
                }
             }
           ]
          }
        }
      , {
          "attribute": {
            "identifier": "0001_NASA_PDS_1.apollo.Seismic_Parameters.apollo.pse_data_type" ,
            "title": "pse_data_type" ,
            "registrationAuthorityId": "0001_NASA_PDS_1" ,
            "nameSpaceId": "apollo" ,
            "steward": "geo" ,
            "versionId": "1.18" ,
            "description": "Apollo PSE mini-SEED products and their equivalent GeoCSV products contain only seismic data, and therefore have the data_type \"waveform\". Apollo PSE dataless SEED products and their equivalent StationXML products contain only metadata for the seismic data files, and therefore have the data_type \"metadata\". " ,
            "isNillable": "false" ,
            "isEnumerated": "true" ,
            "isDeprecated": "false" ,
            "dataType": "ASCII_Short_String_Collapsed" ,
            "dataTypeId": "0001_NASA_PDS_1.pds.ASCII_Short_String_Collapsed" ,
            "minimumCharacters": "1" ,
            "maximumCharacters": "255" ,
            "minimumValue": "Unbounded" ,
            "maximumValue": "Unbounded" ,
            "pattern": "null" ,
            "unitOfMeasure": "null" ,
            "unitOfMeasureId": "null" ,
            "unitId": "null" ,
            "defaultUnitId": "null"
          , "PermissibleValueList": [
              {"PermissibleValue": {
                  "value": "metadata" ,
                  "valueMeaning": "The data product contains only metadata." ,
                  "isDeprecated": "false"
                }
             }
            , {"PermissibleValue": {
                  "value": "waveform" ,
                  "valueMeaning": "The data product contains only seismic data." ,
                  "isDeprecated": "false"
                }
             }
           ]
          }
        }
      , {
          "attribute": {
            "identifier": "0001_NASA_PDS_1.apollo.Seismic_Parameters.apollo.sample_count" ,
            "title": "sample_count" ,
            "registrationAuthorityId": "0001_NASA_PDS_1" ,
            "nameSpaceId": "apollo" ,
            "steward": "geo" ,
            "versionId": "1.18" ,
            "description": "Sample_count is the number of samples in a Apollo PSE mini-SEED or GeoCSV product." ,
            "isNillable": "false" ,
            "isEnumerated": "false" ,
            "isDeprecated": "false" ,
            "dataType": "ASCII_Integer" ,
            "dataTypeId": "0001_NASA_PDS_1.pds.ASCII_Integer" ,
            "minimumCharacters": "Unbounded" ,
            "maximumCharacters": "Unbounded" ,
            "minimumValue": "-9223372036854775808" ,
            "maximumValue": "9223372036854775807" ,
            "pattern": "null" ,
            "unitOfMeasure": "null" ,
            "unitOfMeasureId": "null" ,
            "unitId": "null" ,
            "defaultUnitId": "null"
          }
        }
      , {
          "attribute": {
            "identifier": "0001_NASA_PDS_1.apollo.Seismic_Parameters.apollo.sampling_rate" ,
            "title": "sampling_rate" ,
            "registrationAuthorityId": "0001_NASA_PDS_1" ,
            "nameSpaceId": "apollo" ,
            "steward": "geo" ,
            "versionId": "1.18" ,
            "description": "Sampling_rate represents the number of samples per second. The sampling rate is nominal, and there is a small variation between the nominal sampling rate and the actual sampling rate, which can be estimated using the timing trace ATT. " ,
            "isNillable": "false" ,
            "isEnumerated": "false" ,
            "isDeprecated": "false" ,
            "dataType": "ASCII_Real" ,
            "dataTypeId": "0001_NASA_PDS_1.pds.ASCII_Real" ,
            "minimumCharacters": "Unbounded" ,
            "maximumCharacters": "Unbounded" ,
            "minimumValue": "-1.7976931348623157e308" ,
            "maximumValue": "1.7976931348623157e308" ,
            "pattern": "null" ,
            "unitOfMeasure": "Units_of_Frequency" ,
            "unitOfMeasureId": "0001_NASA_PDS_1.pds.Units_of_Frequency" ,
            "unitId": "GHz, Hz, MHz, THz, kHz, mHz" ,
            "defaultUnitId": "null"
          }
        }
      , {
          "attribute": {
            "identifier": "0001_NASA_PDS_1.apollo.Seismic_Parameters.apollo.station" ,
            "title": "station" ,
            "registrationAuthorityId": "0001_NASA_PDS_1" ,
            "nameSpaceId": "apollo" ,
            "steward": "geo" ,
            "versionId": "1.18" ,
            "description": " Apollo seismic station. " ,
            "isNillable": "false" ,
            "isEnumerated": "true" ,
            "isDeprecated": "false" ,
            "dataType": "ASCII_Short_String_Collapsed" ,
            "dataTypeId": "0001_NASA_PDS_1.pds.ASCII_Short_String_Collapsed" ,
            "minimumCharacters": "1" ,
            "maximumCharacters": "255" ,
            "minimumValue": "Unbounded" ,
            "maximumValue": "Unbounded" ,
            "pattern": "null" ,
            "unitOfMeasure": "null" ,
            "unitOfMeasureId": "null" ,
            "unitId": "null" ,
            "defaultUnitId": "null"
          , "PermissibleValueList": [
              {"PermissibleValue": {
                  "value": "S11" ,
                  "valueMeaning": "Apollo 11 seismic station." ,
                  "isDeprecated": "false"
                }
             }
            , {"PermissibleValue": {
                  "value": "S12" ,
                  "valueMeaning": "Apollo 12 seismic station." ,
                  "isDeprecated": "false"
                }
             }
            , {"PermissibleValue": {
                  "value": "S14" ,
                  "valueMeaning": "Apollo 14 seismic station." ,
                  "isDeprecated": "false"
                }
             }
            , {"PermissibleValue": {
                  "value": "S15" ,
                  "valueMeaning": "Apollo 15 seismic station." ,
                  "isDeprecated": "false"
                }
             }
            , {"PermissibleValue": {
                  "value": "S16" ,
                  "valueMeaning": "Apollo 16 seismic station." ,
                  "isDeprecated": "false"
                }
             }
           ]
          }
        }
      ]
    }
  }
]
